item_id,trajectory_id,base_correct,selector,step_index,q_native_confirm,q_repair_confirm,delta_confirm
0,0,False,random_checkpoint,48,0.0,0.0,0.0
0,0,False,earliest_eligible,8,0.375,0.375,0.0
0,0,False,normalized_quarter,16,0.375,0.5,0.125
0,0,False,normalized_midpoint,32,0.0,,
0,0,False,normalized_three_quarter,48,0.0,0.0,0.0
0,0,False,confidence_low,8,0.375,0.375,0.0
0,0,False,entropy_high,8,0.375,0.375,0.0
0,0,False,mask_ratio,8,0.375,0.375,0.0
0,0,False,oof_state_value,8,0.375,0.375,0.0
0,0,False,oracle_localization,16,0.375,0.5,0.125
0,6,True,random_checkpoint,32,1.0,,
0,6,True,earliest_eligible,8,0.625,1.0,0.375
0,6,True,normalized_quarter,16,0.875,0.875,0.0
0,6,True,normalized_midpoint,32,1.0,,
0,6,True,normalized_three_quarter,48,1.0,1.0,0.0
0,6,True,confidence_low,16,0.875,0.875,0.0
0,6,True,entropy_high,8,0.625,1.0,0.375
0,6,True,mask_ratio,8,0.625,1.0,0.375
0,6,True,oof_state_value,8,0.625,1.0,0.375
0,6,True,oracle_localization,8,0.625,1.0,0.375
1,0,True,random_checkpoint,24,1.0,1.0,0.0
1,0,True,earliest_eligible,8,1.0,1.0,0.0
1,0,True,normalized_quarter,16,1.0,1.0,0.0
1,0,True,normalized_midpoint,32,1.0,,
1,0,True,normalized_three_quarter,48,1.0,1.0,0.0
1,0,True,confidence_low,8,1.0,1.0,0.0
1,0,True,entropy_high,8,1.0,1.0,0.0
1,0,True,mask_ratio,8,1.0,1.0,0.0
1,0,True,oof_state_value,56,1.0,1.0,0.0
1,0,True,oracle_localization,16,1.0,1.0,0.0
2,0,True,random_checkpoint,64,1.0,,
2,0,True,earliest_eligible,8,1.0,1.0,0.0
2,0,True,normalized_quarter,16,1.0,1.0,0.0
2,0,True,normalized_midpoint,32,1.0,,
2,0,True,normalized_three_quarter,48,1.0,1.0,0.0
2,0,True,confidence_low,16,1.0,1.0,0.0
2,0,True,entropy_high,8,1.0,1.0,0.0
2,0,True,mask_ratio,8,1.0,1.0,0.0
2,0,True,oof_state_value,8,1.0,1.0,0.0
2,0,True,oracle_localization,8,1.0,1.0,0.0
3,0,True,random_checkpoint,8,1.0,1.0,0.0
3,0,True,earliest_eligible,8,1.0,1.0,0.0
3,0,True,normalized_quarter,16,1.0,1.0,0.0
3,0,True,normalized_midpoint,32,1.0,,
3,0,True,normalized_three_quarter,48,1.0,1.0,0.0
3,0,True,confidence_low,16,1.0,1.0,0.0
3,0,True,entropy_high,8,1.0,1.0,0.0
3,0,True,mask_ratio,8,1.0,1.0,0.0
3,0,True,oof_state_value,8,1.0,1.0,0.0
3,0,True,oracle_localization,8,1.0,1.0,0.0
3,4,False,random_checkpoint,48,0.0,0.0,0.0
3,4,False,earliest_eligible,8,1.0,0.375,-0.625
3,4,False,normalized_quarter,16,1.0,0.875,-0.125
3,4,False,normalized_midpoint,32,0.0,,
3,4,False,normalized_three_quarter,48,0.0,0.0,0.0
3,4,False,confidence_low,8,1.0,0.375,-0.625
3,4,False,entropy_high,8,1.0,0.375,-0.625
3,4,False,mask_ratio,8,1.0,0.375,-0.625
3,4,False,oof_state_value,16,1.0,0.875,-0.125
3,4,False,oracle_localization,24,1.0,1.0,0.0
4,0,True,random_checkpoint,16,1.0,1.0,0.0
4,0,True,earliest_eligible,8,1.0,1.0,0.0
4,0,True,normalized_quarter,16,1.0,1.0,0.0
4,0,True,normalized_midpoint,32,1.0,,
4,0,True,normalized_three_quarter,48,1.0,1.0,0.0
4,0,True,confidence_low,32,1.0,,
4,0,True,entropy_high,8,1.0,1.0,0.0
4,0,True,mask_ratio,8,1.0,1.0,0.0
4,0,True,oof_state_value,24,1.0,1.0,0.0
4,0,True,oracle_localization,8,1.0,1.0,0.0
5,0,True,random_checkpoint,56,1.0,1.0,0.0
5,0,True,earliest_eligible,8,0.5,0.5,0.0
5,0,True,normalized_quarter,16,0.5,1.0,0.5
5,0,True,normalized_midpoint,32,1.0,,
5,0,True,normalized_three_quarter,48,1.0,1.0,0.0
5,0,True,confidence_low,32,1.0,,
5,0,True,entropy_high,8,0.5,0.5,0.0
5,0,True,mask_ratio,8,0.5,0.5,0.0
5,0,True,oof_state_value,8,0.5,0.5,0.0
5,0,True,oracle_localization,16,0.5,1.0,0.5
5,1,False,random_checkpoint,8,0.5,0.75,0.25
5,1,False,earliest_eligible,8,0.5,0.75,0.25
5,1,False,normalized_quarter,16,0.125,1.0,0.875
5,1,False,normalized_midpoint,32,0.0,,
5,1,False,normalized_three_quarter,48,0.0,0.0,0.0
5,1,False,confidence_low,8,0.5,0.75,0.25
5,1,False,entropy_high,8,0.5,0.75,0.25
5,1,False,mask_ratio,8,0.5,0.75,0.25
5,1,False,oof_state_value,16,0.125,1.0,0.875
5,1,False,oracle_localization,16,0.125,1.0,0.875
6,0,True,random_checkpoint,40,1.0,1.0,0.0
6,0,True,earliest_eligible,8,1.0,1.0,0.0
6,0,True,normalized_quarter,16,1.0,1.0,0.0
6,0,True,normalized_midpoint,32,1.0,,
6,0,True,normalized_three_quarter,48,1.0,1.0,0.0
6,0,True,confidence_low,8,1.0,1.0,0.0
6,0,True,entropy_high,8,1.0,1.0,0.0
6,0,True,mask_ratio,8,1.0,1.0,0.0
6,0,True,oof_state_value,16,1.0,1.0,0.0
6,0,True,oracle_localization,8,1.0,1.0,0.0
7,0,True,random_checkpoint,24,1.0,1.0,0.0
7,0,True,earliest_eligible,8,1.0,1.0,0.0
7,0,True,normalized_quarter,16,1.0,1.0,0.0
7,0,True,normalized_midpoint,32,1.0,,
7,0,True,normalized_three_quarter,48,1.0,1.0,0.0
7,0,True,confidence_low,32,1.0,,
7,0,True,entropy_high,8,1.0,1.0,0.0
7,0,True,mask_ratio,8,1.0,1.0,0.0
7,0,True,oof_state_value,8,1.0,1.0,0.0
7,0,True,oracle_localization,8,1.0,1.0,0.0
8,0,True,random_checkpoint,8,1.0,0.875,-0.125
8,0,True,earliest_eligible,8,1.0,0.875,-0.125
8,0,True,normalized_quarter,16,1.0,0.875,-0.125
8,0,True,normalized_midpoint,32,1.0,,
8,0,True,normalized_three_quarter,48,1.0,1.0,0.0
8,0,True,confidence_low,8,1.0,0.875,-0.125
8,0,True,entropy_high,8,1.0,0.875,-0.125
8,0,True,mask_ratio,8,1.0,0.875,-0.125
8,0,True,oof_state_value,8,1.0,0.875,-0.125
8,0,True,oracle_localization,8,1.0,0.875,-0.125
9,0,True,random_checkpoint,16,1.0,1.0,0.0
9,0,True,earliest_eligible,8,1.0,1.0,0.0
9,0,True,normalized_quarter,16,1.0,1.0,0.0
9,0,True,normalized_midpoint,32,1.0,,
9,0,True,normalized_three_quarter,48,1.0,1.0,0.0
9,0,True,confidence_low,8,1.0,1.0,0.0
9,0,True,entropy_high,8,1.0,1.0,0.0
9,0,True,mask_ratio,8,1.0,1.0,0.0
9,0,True,oof_state_value,16,1.0,1.0,0.0
9,0,True,oracle_localization,8,1.0,1.0,0.0
10,0,True,random_checkpoint,8,1.0,1.0,0.0
10,0,True,earliest_eligible,8,1.0,1.0,0.0
10,0,True,normalized_quarter,16,1.0,1.0,0.0
10,0,True,normalized_midpoint,32,1.0,,
10,0,True,normalized_three_quarter,48,1.0,1.0,0.0
10,0,True,confidence_low,8,1.0,1.0,0.0
10,0,True,entropy_high,8,1.0,1.0,0.0
10,0,True,mask_ratio,8,1.0,1.0,0.0
10,0,True,oof_state_value,24,1.0,1.0,0.0
10,0,True,oracle_localization,8,1.0,1.0,0.0
11,0,True,random_checkpoint,56,1.0,1.0,0.0
11,0,True,earliest_eligible,8,0.625,1.0,0.375
11,0,True,normalized_quarter,16,0.875,0.875,0.0
11,0,True,normalized_midpoint,32,1.0,,
11,0,True,normalized_three_quarter,48,1.0,1.0,0.0
11,0,True,confidence_low,16,0.875,0.875,0.0
11,0,True,entropy_high,8,0.625,1.0,0.375
11,0,True,mask_ratio,8,0.625,1.0,0.375
11,0,True,oof_state_value,24,1.0,1.0,0.0
11,0,True,oracle_localization,8,0.625,1.0,0.375
11,2,False,random_checkpoint,56,0.0,0.0,0.0
11,2,False,earliest_eligible,8,1.0,1.0,0.0
11,2,False,normalized_quarter,16,0.875,0.75,-0.125
11,2,False,normalized_midpoint,32,0.0,,
11,2,False,normalized_three_quarter,48,0.0,0.0,0.0
11,2,False,confidence_low,32,0.0,,
11,2,False,entropy_high,8,1.0,1.0,0.0
11,2,False,mask_ratio,8,1.0,1.0,0.0
11,2,False,oof_state_value,16,0.875,0.75,-0.125
11,2,False,oracle_localization,8,1.0,1.0,0.0
12,0,False,random_checkpoint,16,0.75,0.75,0.0
12,0,False,earliest_eligible,8,0.75,0.75,0.0
12,0,False,normalized_quarter,16,0.75,0.75,0.0
12,0,False,normalized_midpoint,32,0.0,,
12,0,False,normalized_three_quarter,48,0.0,0.0,0.0
12,0,False,confidence_low,32,0.0,,
12,0,False,entropy_high,32,0.0,,
12,0,False,mask_ratio,8,0.75,0.75,0.0
12,0,False,oof_state_value,8,0.75,0.75,0.0
12,0,False,oracle_localization,16,0.75,0.75,0.0
12,1,True,random_checkpoint,24,0.5,0.5,0.0
12,1,True,earliest_eligible,8,0.625,0.625,0.0
12,1,True,normalized_quarter,16,0.875,1.0,0.125
12,1,True,normalized_midpoint,32,1.0,,
12,1,True,normalized_three_quarter,48,1.0,1.0,0.0
12,1,True,confidence_low,32,1.0,,
12,1,True,entropy_high,32,1.0,,
12,1,True,mask_ratio,8,0.625,0.625,0.0
12,1,True,oof_state_value,8,0.625,0.625,0.0
12,1,True,oracle_localization,40,1.0,1.0,0.0
13,0,False,random_checkpoint,16,0.0,0.0,0.0
13,0,False,earliest_eligible,8,0.125,0.0,-0.125
13,0,False,normalized_quarter,16,0.0,0.0,0.0
13,0,False,normalized_midpoint,32,0.0,,
13,0,False,normalized_three_quarter,48,0.0,0.0,0.0
13,0,False,confidence_low,8,0.125,0.0,-0.125
13,0,False,entropy_high,8,0.125,0.0,-0.125
13,0,False,mask_ratio,8,0.125,0.0,-0.125
13,0,False,oof_state_value,16,0.0,0.0,0.0
13,0,False,oracle_localization,8,0.125,0.0,-0.125
14,0,True,random_checkpoint,32,1.0,,
14,0,True,earliest_eligible,8,0.5,0.5,0.0
14,0,True,normalized_quarter,16,0.75,0.75,0.0
14,0,True,normalized_midpoint,32,1.0,,
14,0,True,normalized_three_quarter,48,1.0,1.0,0.0
14,0,True,confidence_low,8,0.5,0.5,0.0
14,0,True,entropy_high,8,0.5,0.5,0.0
14,0,True,mask_ratio,8,0.5,0.5,0.0
14,0,True,oof_state_value,40,1.0,1.0,0.0
14,0,True,oracle_localization,8,0.5,0.5,0.0
14,2,False,random_checkpoint,40,0.0,0.0,0.0
14,2,False,earliest_eligible,8,0.5,0.375,-0.125
14,2,False,normalized_quarter,16,0.75,0.875,0.125
14,2,False,normalized_midpoint,32,0.0,,
14,2,False,normalized_three_quarter,48,0.0,0.0,0.0
14,2,False,confidence_low,8,0.5,0.375,-0.125
14,2,False,entropy_high,8,0.5,0.375,-0.125
14,2,False,mask_ratio,8,0.5,0.375,-0.125
14,2,False,oof_state_value,8,0.5,0.375,-0.125
14,2,False,oracle_localization,8,0.5,0.375,-0.125
15,0,True,random_checkpoint,16,0.875,0.875,0.0
15,0,True,earliest_eligible,8,1.0,1.0,0.0
15,0,True,normalized_quarter,16,0.875,0.875,0.0
15,0,True,normalized_midpoint,32,1.0,,
15,0,True,normalized_three_quarter,48,1.0,1.0,0.0
15,0,True,confidence_low,8,1.0,1.0,0.0
15,0,True,entropy_high,8,1.0,1.0,0.0
15,0,True,mask_ratio,8,1.0,1.0,0.0
15,0,True,oof_state_value,40,1.0,1.0,0.0
15,0,True,oracle_localization,16,0.875,0.875,0.0
16,0,False,random_checkpoint,24,0.125,0.125,0.0
16,0,False,earliest_eligible,8,0.5,0.625,0.125
16,0,False,normalized_quarter,16,0.625,0.375,-0.25
16,0,False,normalized_midpoint,32,0.0,,
16,0,False,normalized_three_quarter,48,0.0,0.0,0.0
16,0,False,confidence_low,32,0.0,,
16,0,False,entropy_high,8,0.5,0.625,0.125
16,0,False,mask_ratio,8,0.5,0.625,0.125
16,0,False,oof_state_value,16,0.625,0.375,-0.25
16,0,False,oracle_localization,8,0.5,0.625,0.125
16,2,True,random_checkpoint,8,0.375,0.25,-0.125
16,2,True,earliest_eligible,8,0.375,0.25,-0.125
16,2,True,normalized_quarter,16,0.625,0.375,-0.25
16,2,True,normalized_midpoint,32,1.0,,
16,2,True,normalized_three_quarter,48,1.0,1.0,0.0
16,2,True,confidence_low,8,0.375,0.25,-0.125
16,2,True,entropy_high,8,0.375,0.25,-0.125
16,2,True,mask_ratio,8,0.375,0.25,-0.125
16,2,True,oof_state_value,16,0.625,0.375,-0.25
16,2,True,oracle_localization,24,1.0,1.0,0.0
17,0,True,random_checkpoint,16,1.0,0.875,-0.125
17,0,True,earliest_eligible,8,0.5,0.5,0.0
17,0,True,normalized_quarter,16,1.0,0.875,-0.125
17,0,True,normalized_midpoint,32,1.0,,
17,0,True,normalized_three_quarter,48,1.0,1.0,0.0
17,0,True,confidence_low,32,1.0,,
17,0,True,entropy_high,8,0.5,0.5,0.0
17,0,True,mask_ratio,8,0.5,0.5,0.0
17,0,True,oof_state_value,24,0.75,0.75,0.0
17,0,True,oracle_localization,16,1.0,0.875,-0.125
18,0,True,random_checkpoint,8,1.0,1.0,0.0
18,0,True,earliest_eligible,8,1.0,1.0,0.0
18,0,True,normalized_quarter,16,0.625,0.625,0.0
18,0,True,normalized_midpoint,32,1.0,,
18,0,True,normalized_three_quarter,48,1.0,1.0,0.0
18,0,True,confidence_low,32,1.0,,
18,0,True,entropy_high,8,1.0,1.0,0.0
18,0,True,mask_ratio,8,1.0,1.0,0.0
18,0,True,oof_state_value,24,0.875,0.875,0.0
18,0,True,oracle_localization,24,0.875,0.875,0.0
18,4,False,random_checkpoint,64,0.0,,
18,4,False,earliest_eligible,8,1.0,1.0,0.0
18,4,False,normalized_quarter,16,0.625,0.5,-0.125
18,4,False,normalized_midpoint,32,0.0,,
18,4,False,normalized_three_quarter,48,0.0,0.0,0.0
18,4,False,confidence_low,32,0.0,,
18,4,False,entropy_high,8,1.0,1.0,0.0
18,4,False,mask_ratio,8,1.0,1.0,0.0
18,4,False,oof_state_value,24,1.0,0.75,-0.25
18,4,False,oracle_localization,8,1.0,1.0,0.0
19,0,True,random_checkpoint,32,1.0,,
19,0,True,earliest_eligible,8,1.0,1.0,0.0
19,0,True,normalized_quarter,16,1.0,1.0,0.0
19,0,True,normalized_midpoint,32,1.0,,
19,0,True,normalized_three_quarter,48,1.0,1.0,0.0
19,0,True,confidence_low,40,1.0,1.0,0.0
19,0,True,entropy_high,8,1.0,1.0,0.0
19,0,True,mask_ratio,8,1.0,1.0,0.0
19,0,True,oof_state_value,8,1.0,1.0,0.0
19,0,True,oracle_localization,8,1.0,1.0,0.0
19,2,False,random_checkpoint,48,0.0,0.0,0.0
19,2,False,earliest_eligible,8,1.0,1.0,0.0
19,2,False,normalized_quarter,16,0.875,0.875,0.0
19,2,False,normalized_midpoint,32,0.0,,
19,2,False,normalized_three_quarter,48,0.0,0.0,0.0
19,2,False,confidence_low,32,0.0,,
19,2,False,entropy_high,8,1.0,1.0,0.0
19,2,False,mask_ratio,8,1.0,1.0,0.0
19,2,False,oof_state_value,8,1.0,1.0,0.0
19,2,False,oracle_localization,8,1.0,1.0,0.0
20,0,True,random_checkpoint,8,1.0,1.0,0.0
20,0,True,earliest_eligible,8,1.0,1.0,0.0
20,0,True,normalized_quarter,16,1.0,1.0,0.0
20,0,True,normalized_midpoint,32,1.0,,
20,0,True,normalized_three_quarter,48,1.0,1.0,0.0
20,0,True,confidence_low,8,1.0,1.0,0.0
20,0,True,entropy_high,16,1.0,1.0,0.0
20,0,True,mask_ratio,8,1.0,1.0,0.0
20,0,True,oof_state_value,16,1.0,1.0,0.0
20,0,True,oracle_localization,8,1.0,1.0,0.0
21,0,False,random_checkpoint,64,0.0,,
21,0,False,earliest_eligible,8,0.5,0.875,0.375
21,0,False,normalized_quarter,16,0.625,0.625,0.0
21,0,False,normalized_midpoint,32,0.0,,
21,0,False,normalized_three_quarter,48,0.0,0.0,0.0
21,0,False,confidence_low,8,0.5,0.875,0.375
21,0,False,entropy_high,8,0.5,0.875,0.375
21,0,False,mask_ratio,8,0.5,0.875,0.375
21,0,False,oof_state_value,8,0.5,0.875,0.375
21,0,False,oracle_localization,8,0.5,0.875,0.375
21,1,True,random_checkpoint,8,0.5,0.25,-0.25
21,1,True,earliest_eligible,8,0.5,0.25,-0.25
21,1,True,normalized_quarter,16,1.0,1.0,0.0
21,1,True,normalized_midpoint,32,1.0,,
21,1,True,normalized_three_quarter,48,1.0,1.0,0.0
21,1,True,confidence_low,8,0.5,0.25,-0.25
21,1,True,entropy_high,8,0.5,0.25,-0.25
21,1,True,mask_ratio,8,0.5,0.25,-0.25
21,1,True,oof_state_value,40,1.0,1.0,0.0
21,1,True,oracle_localization,24,1.0,1.0,0.0
22,0,True,random_checkpoint,40,1.0,1.0,0.0
22,0,True,earliest_eligible,8,1.0,1.0,0.0
22,0,True,normalized_quarter,16,1.0,1.0,0.0
22,0,True,normalized_midpoint,32,1.0,,
22,0,True,normalized_three_quarter,48,1.0,1.0,0.0
22,0,True,confidence_low,8,1.0,1.0,0.0
22,0,True,entropy_high,8,1.0,1.0,0.0
22,0,True,mask_ratio,8,1.0,1.0,0.0
22,0,True,oof_state_value,16,1.0,1.0,0.0
22,0,True,oracle_localization,8,1.0,1.0,0.0
23,0,True,random_checkpoint,64,1.0,,
23,0,True,earliest_eligible,8,0.625,0.625,0.0
23,0,True,normalized_quarter,16,0.875,0.875,0.0
23,0,True,normalized_midpoint,32,1.0,,
23,0,True,normalized_three_quarter,48,1.0,1.0,0.0
23,0,True,confidence_low,32,1.0,,
23,0,True,entropy_high,8,0.625,0.625,0.0
23,0,True,mask_ratio,8,0.625,0.625,0.0
23,0,True,oof_state_value,8,0.625,0.625,0.0
23,0,True,oracle_localization,40,1.0,1.0,0.0
24,0,True,random_checkpoint,64,1.0,,
24,0,True,earliest_eligible,8,1.0,1.0,0.0
24,0,True,normalized_quarter,16,1.0,1.0,0.0
24,0,True,normalized_midpoint,32,1.0,,
24,0,True,normalized_three_quarter,48,1.0,1.0,0.0
24,0,True,confidence_low,24,1.0,1.0,0.0
24,0,True,entropy_high,8,1.0,1.0,0.0
24,0,True,mask_ratio,8,1.0,1.0,0.0
24,0,True,oof_state_value,8,1.0,1.0,0.0
24,0,True,oracle_localization,8,1.0,1.0,0.0
25,0,True,random_checkpoint,64,1.0,,
25,0,True,earliest_eligible,8,1.0,1.0,0.0
25,0,True,normalized_quarter,16,1.0,1.0,0.0
25,0,True,normalized_midpoint,32,1.0,,
25,0,True,normalized_three_quarter,48,1.0,1.0,0.0
25,0,True,confidence_low,32,1.0,,
25,0,True,entropy_high,8,1.0,1.0,0.0
25,0,True,mask_ratio,8,1.0,1.0,0.0
25,0,True,oof_state_value,16,1.0,1.0,0.0
25,0,True,oracle_localization,8,1.0,1.0,0.0
26,0,True,random_checkpoint,40,1.0,1.0,0.0
26,0,True,earliest_eligible,8,0.875,0.875,0.0
26,0,True,normalized_quarter,16,0.875,0.875,0.0
26,0,True,normalized_midpoint,32,1.0,,
26,0,True,normalized_three_quarter,48,1.0,1.0,0.0
26,0,True,confidence_low,32,1.0,,
26,0,True,entropy_high,8,0.875,0.875,0.0
26,0,True,mask_ratio,8,0.875,0.875,0.0
26,0,True,oof_state_value,8,0.875,0.875,0.0
26,0,True,oracle_localization,24,0.375,0.625,0.25
26,1,False,random_checkpoint,40,0.0,0.0,0.0
26,1,False,earliest_eligible,8,0.625,0.625,0.0
26,1,False,normalized_quarter,16,0.375,0.375,0.0
26,1,False,normalized_midpoint,32,0.0,,
26,1,False,normalized_three_quarter,48,0.0,0.0,0.0
26,1,False,confidence_low,32,0.0,,
26,1,False,entropy_high,8,0.625,0.625,0.0
26,1,False,mask_ratio,8,0.625,0.625,0.0
26,1,False,oof_state_value,8,0.625,0.625,0.0
26,1,False,oracle_localization,16,0.375,0.375,0.0
27,0,True,random_checkpoint,32,1.0,,
27,0,True,earliest_eligible,8,1.0,1.0,0.0
27,0,True,normalized_quarter,16,1.0,1.0,0.0
27,0,True,normalized_midpoint,32,1.0,,
27,0,True,normalized_three_quarter,48,1.0,1.0,0.0
27,0,True,confidence_low,8,1.0,1.0,0.0
27,0,True,entropy_high,8,1.0,1.0,0.0
27,0,True,mask_ratio,8,1.0,1.0,0.0
27,0,True,oof_state_value,24,1.0,1.0,0.0
27,0,True,oracle_localization,8,1.0,1.0,0.0
28,0,True,random_checkpoint,8,1.0,1.0,0.0
28,0,True,earliest_eligible,8,1.0,1.0,0.0
28,0,True,normalized_quarter,16,1.0,1.0,0.0
28,0,True,normalized_midpoint,32,1.0,,
28,0,True,normalized_three_quarter,48,1.0,1.0,0.0
28,0,True,confidence_low,8,1.0,1.0,0.0
28,0,True,entropy_high,8,1.0,1.0,0.0
28,0,True,mask_ratio,8,1.0,1.0,0.0
28,0,True,oof_state_value,24,1.0,1.0,0.0
28,0,True,oracle_localization,8,1.0,1.0,0.0
29,0,True,random_checkpoint,40,1.0,1.0,0.0
29,0,True,earliest_eligible,8,1.0,0.875,-0.125
29,0,True,normalized_quarter,16,1.0,1.0,0.0
29,0,True,normalized_midpoint,32,1.0,,
29,0,True,normalized_three_quarter,48,1.0,1.0,0.0
29,0,True,confidence_low,16,1.0,1.0,0.0
29,0,True,entropy_high,8,1.0,0.875,-0.125
29,0,True,mask_ratio,8,1.0,0.875,-0.125
29,0,True,oof_state_value,40,1.0,1.0,0.0
29,0,True,oracle_localization,8,1.0,0.875,-0.125
30,0,False,random_checkpoint,40,0.0,0.0,0.0
30,0,False,earliest_eligible,8,0.0,0.0,0.0
30,0,False,normalized_quarter,16,0.0,0.0,0.0
30,0,False,normalized_midpoint,32,0.0,,
30,0,False,normalized_three_quarter,48,0.0,0.0,0.0
30,0,False,confidence_low,32,0.0,,
30,0,False,entropy_high,8,0.0,0.0,0.0
30,0,False,mask_ratio,8,0.0,0.0,0.0
30,0,False,oof_state_value,16,0.0,0.0,0.0
30,0,False,oracle_localization,8,0.0,0.0,0.0
30,2,True,random_checkpoint,32,1.0,,
30,2,True,earliest_eligible,8,0.375,0.25,-0.125
30,2,True,normalized_quarter,16,0.375,0.625,0.25
30,2,True,normalized_midpoint,32,1.0,,
30,2,True,normalized_three_quarter,48,1.0,0.875,-0.125
30,2,True,confidence_low,32,1.0,,
30,2,True,entropy_high,16,0.375,0.625,0.25
30,2,True,mask_ratio,8,0.375,0.25,-0.125
30,2,True,oof_state_value,8,0.375,0.25,-0.125
30,2,True,oracle_localization,24,1.0,0.875,-0.125
31,0,True,random_checkpoint,64,1.0,,
31,0,True,earliest_eligible,8,1.0,1.0,0.0
31,0,True,normalized_quarter,16,1.0,1.0,0.0
31,0,True,normalized_midpoint,32,1.0,,
31,0,True,normalized_three_quarter,48,1.0,1.0,0.0
31,0,True,confidence_low,8,1.0,1.0,0.0
31,0,True,entropy_high,8,1.0,1.0,0.0
31,0,True,mask_ratio,8,1.0,1.0,0.0
31,0,True,oof_state_value,16,1.0,1.0,0.0
31,0,True,oracle_localization,8,1.0,1.0,0.0
32,0,False,random_checkpoint,24,0.0,0.0,0.0
32,0,False,earliest_eligible,8,0.5,0.25,-0.25
32,0,False,normalized_quarter,16,0.0,0.0,0.0
32,0,False,normalized_midpoint,32,0.0,,
32,0,False,normalized_three_quarter,48,0.0,0.0,0.0
32,0,False,confidence_low,8,0.5,0.25,-0.25
32,0,False,entropy_high,8,0.5,0.25,-0.25
32,0,False,mask_ratio,8,0.5,0.25,-0.25
32,0,False,oof_state_value,16,0.0,0.0,0.0
32,0,False,oracle_localization,8,0.5,0.25,-0.25
33,0,False,random_checkpoint,16,0.75,0.875,0.125
33,0,False,earliest_eligible,8,1.0,1.0,0.0
33,0,False,normalized_quarter,16,0.75,0.875,0.125
33,0,False,normalized_midpoint,32,0.0,,
33,0,False,normalized_three_quarter,48,0.0,0.0,0.0
33,0,False,confidence_low,32,0.0,,
33,0,False,entropy_high,8,1.0,1.0,0.0
33,0,False,mask_ratio,8,1.0,1.0,0.0
33,0,False,oof_state_value,8,1.0,1.0,0.0
33,0,False,oracle_localization,16,0.75,0.875,0.125
33,1,True,random_checkpoint,24,0.25,0.25,0.0
33,1,True,earliest_eligible,8,0.875,0.75,-0.125
33,1,True,normalized_quarter,16,0.5,0.875,0.375
33,1,True,normalized_midpoint,32,1.0,,
33,1,True,normalized_three_quarter,48,1.0,1.0,0.0
33,1,True,confidence_low,32,1.0,,
33,1,True,entropy_high,8,0.875,0.75,-0.125
33,1,True,mask_ratio,8,0.875,0.75,-0.125
33,1,True,oof_state_value,8,0.875,0.75,-0.125
33,1,True,oracle_localization,8,0.875,0.75,-0.125
34,0,True,random_checkpoint,40,1.0,1.0,0.0
34,0,True,earliest_eligible,8,1.0,1.0,0.0
34,0,True,normalized_quarter,16,1.0,1.0,0.0
34,0,True,normalized_midpoint,32,1.0,,
34,0,True,normalized_three_quarter,48,1.0,1.0,0.0
34,0,True,confidence_low,8,1.0,1.0,0.0
34,0,True,entropy_high,8,1.0,1.0,0.0
34,0,True,mask_ratio,8,1.0,1.0,0.0
34,0,True,oof_state_value,40,1.0,1.0,0.0
34,0,True,oracle_localization,8,1.0,1.0,0.0
35,0,True,random_checkpoint,48,1.0,1.0,0.0
35,0,True,earliest_eligible,8,0.5,0.625,0.125
35,0,True,normalized_quarter,16,0.625,0.5,-0.125
35,0,True,normalized_midpoint,32,1.0,,
35,0,True,normalized_three_quarter,48,1.0,1.0,0.0
35,0,True,confidence_low,32,1.0,,
35,0,True,entropy_high,8,0.5,0.625,0.125
35,0,True,mask_ratio,8,0.5,0.625,0.125
35,0,True,oof_state_value,16,0.625,0.5,-0.125
35,0,True,oracle_localization,16,0.625,0.5,-0.125
36,0,True,random_checkpoint,48,1.0,1.0,0.0
36,0,True,earliest_eligible,8,1.0,1.0,0.0
36,0,True,normalized_quarter,16,1.0,1.0,0.0
36,0,True,normalized_midpoint,32,1.0,,
36,0,True,normalized_three_quarter,48,1.0,1.0,0.0
36,0,True,confidence_low,8,1.0,1.0,0.0
36,0,True,entropy_high,8,1.0,1.0,0.0
36,0,True,mask_ratio,8,1.0,1.0,0.0
36,0,True,oof_state_value,40,1.0,1.0,0.0
36,0,True,oracle_localization,8,1.0,1.0,0.0
36,4,False,random_checkpoint,64,0.0,,
36,4,False,earliest_eligible,8,1.0,1.0,0.0
36,4,False,normalized_quarter,16,1.0,1.0,0.0
36,4,False,normalized_midpoint,32,0.0,,
36,4,False,normalized_three_quarter,48,0.0,0.0,0.0
36,4,False,confidence_low,8,1.0,1.0,0.0
36,4,False,entropy_high,8,1.0,1.0,0.0
36,4,False,mask_ratio,8,1.0,1.0,0.0
36,4,False,oof_state_value,40,0.0,0.0,0.0
36,4,False,oracle_localization,8,1.0,1.0,0.0
37,0,True,random_checkpoint,56,1.0,1.0,0.0
37,0,True,earliest_eligible,8,1.0,1.0,0.0
37,0,True,normalized_quarter,16,1.0,1.0,0.0
37,0,True,normalized_midpoint,32,1.0,,
37,0,True,normalized_three_quarter,48,1.0,1.0,0.0
37,0,True,confidence_low,32,1.0,,
37,0,True,entropy_high,8,1.0,1.0,0.0
37,0,True,mask_ratio,8,1.0,1.0,0.0
37,0,True,oof_state_value,8,1.0,1.0,0.0
37,0,True,oracle_localization,8,1.0,1.0,0.0
38,0,False,random_checkpoint,64,0.0,,
38,0,False,earliest_eligible,8,0.625,0.625,0.0
38,0,False,normalized_quarter,16,0.625,0.875,0.25
38,0,False,normalized_midpoint,32,0.0,,
38,0,False,normalized_three_quarter,48,0.0,0.0,0.0
38,0,False,confidence_low,24,0.0,0.0,0.0
38,0,False,entropy_high,8,0.625,0.625,0.0
38,0,False,mask_ratio,8,0.625,0.625,0.0
38,0,False,oof_state_value,8,0.625,0.625,0.0
38,0,False,oracle_localization,8,0.625,0.625,0.0
38,2,True,random_checkpoint,8,0.375,0.5,0.125
38,2,True,earliest_eligible,8,0.375,0.5,0.125
38,2,True,normalized_quarter,16,0.25,0.375,0.125
38,2,True,normalized_midpoint,32,1.0,,
38,2,True,normalized_three_quarter,48,1.0,1.0,0.0
38,2,True,confidence_low,24,1.0,1.0,0.0
38,2,True,entropy_high,8,0.375,0.5,0.125
38,2,True,mask_ratio,8,0.375,0.5,0.125
38,2,True,oof_state_value,8,0.375,0.5,0.125
38,2,True,oracle_localization,8,0.375,0.5,0.125
39,0,True,random_checkpoint,32,1.0,,
39,0,True,earliest_eligible,8,1.0,1.0,0.0
39,0,True,normalized_quarter,16,1.0,1.0,0.0
39,0,True,normalized_midpoint,32,1.0,,
39,0,True,normalized_three_quarter,48,1.0,1.0,0.0
39,0,True,confidence_low,16,1.0,1.0,0.0
39,0,True,entropy_high,8,1.0,1.0,0.0
39,0,True,mask_ratio,8,1.0,1.0,0.0
39,0,True,oof_state_value,8,1.0,1.0,0.0
39,0,True,oracle_localization,8,1.0,1.0,0.0
40,0,False,random_checkpoint,56,0.0,0.0,0.0
40,0,False,earliest_eligible,8,0.375,0.375,0.0
40,0,False,normalized_quarter,16,0.25,0.5,0.25
40,0,False,normalized_midpoint,32,0.0,,
40,0,False,normalized_three_quarter,48,0.0,0.0,0.0
40,0,False,confidence_low,32,0.0,,
40,0,False,entropy_high,8,0.375,0.375,0.0
40,0,False,mask_ratio,8,0.375,0.375,0.0
40,0,False,oof_state_value,40,0.0,0.0,0.0
40,0,False,oracle_localization,16,0.25,0.5,0.25
40,1,True,random_checkpoint,24,0.375,0.0,-0.375
40,1,True,earliest_eligible,8,0.25,0.375,0.125
40,1,True,normalized_quarter,16,0.125,0.375,0.25
40,1,True,normalized_midpoint,32,1.0,,
40,1,True,normalized_three_quarter,48,1.0,1.0,0.0
40,1,True,confidence_low,8,0.25,0.375,0.125
40,1,True,entropy_high,8,0.25,0.375,0.125
40,1,True,mask_ratio,8,0.25,0.375,0.125
40,1,True,oof_state_value,24,0.375,0.0,-0.375
40,1,True,oracle_localization,40,1.0,1.0,0.0
41,0,True,random_checkpoint,32,1.0,,
41,0,True,earliest_eligible,8,1.0,1.0,0.0
41,0,True,normalized_quarter,16,1.0,1.0,0.0
41,0,True,normalized_midpoint,32,1.0,,
41,0,True,normalized_three_quarter,48,1.0,1.0,0.0
41,0,True,confidence_low,40,1.0,1.0,0.0
41,0,True,entropy_high,8,1.0,1.0,0.0
41,0,True,mask_ratio,8,1.0,1.0,0.0
41,0,True,oof_state_value,16,1.0,1.0,0.0
41,0,True,oracle_localization,8,1.0,1.0,0.0
42,0,True,random_checkpoint,40,1.0,1.0,0.0
42,0,True,earliest_eligible,8,1.0,1.0,0.0
42,0,True,normalized_quarter,16,1.0,1.0,0.0
42,0,True,normalized_midpoint,32,1.0,,
42,0,True,normalized_three_quarter,48,1.0,1.0,0.0
42,0,True,confidence_low,32,1.0,,
42,0,True,entropy_high,8,1.0,1.0,0.0
42,0,True,mask_ratio,8,1.0,1.0,0.0
42,0,True,oof_state_value,8,1.0,1.0,0.0
42,0,True,oracle_localization,8,1.0,1.0,0.0
43,0,False,random_checkpoint,16,0.25,0.375,0.125
43,0,False,earliest_eligible,8,0.5,0.5,0.0
43,0,False,normalized_quarter,16,0.25,0.375,0.125
43,0,False,normalized_midpoint,32,0.0,,
43,0,False,normalized_three_quarter,48,0.0,0.0,0.0
43,0,False,confidence_low,24,0.0,1.0,1.0
43,0,False,entropy_high,8,0.5,0.5,0.0
43,0,False,mask_ratio,8,0.5,0.5,0.0
43,0,False,oof_state_value,8,0.5,0.5,0.0
43,0,False,oracle_localization,24,0.0,1.0,1.0
43,5,True,random_checkpoint,8,0.625,0.125,-0.5
43,5,True,earliest_eligible,8,0.625,0.125,-0.5
43,5,True,normalized_quarter,16,0.75,0.5,-0.25
43,5,True,normalized_midpoint,32,1.0,,
43,5,True,normalized_three_quarter,48,1.0,1.0,0.0
43,5,True,confidence_low,16,0.75,0.5,-0.25
43,5,True,entropy_high,8,0.625,0.125,-0.5
43,5,True,mask_ratio,8,0.625,0.125,-0.5
43,5,True,oof_state_value,8,0.625,0.125,-0.5
43,5,True,oracle_localization,24,1.0,1.0,0.0
44,0,True,random_checkpoint,56,1.0,1.0,0.0
44,0,True,earliest_eligible,8,1.0,0.25,-0.75
44,0,True,normalized_quarter,16,1.0,1.0,0.0
44,0,True,normalized_midpoint,32,1.0,,
44,0,True,normalized_three_quarter,48,1.0,1.0,0.0
44,0,True,confidence_low,8,1.0,0.25,-0.75
44,0,True,entropy_high,8,1.0,0.25,-0.75
44,0,True,mask_ratio,8,1.0,0.25,-0.75
44,0,True,oof_state_value,48,1.0,1.0,0.0
44,0,True,oracle_localization,16,1.0,1.0,0.0
44,2,False,random_checkpoint,8,0.5,0.625,0.125
44,2,False,earliest_eligible,8,0.5,0.625,0.125
44,2,False,normalized_quarter,16,0.25,0.5,0.25
44,2,False,normalized_midpoint,32,0.0,,
44,2,False,normalized_three_quarter,48,0.0,0.0,0.0
44,2,False,confidence_low,8,0.5,0.625,0.125
44,2,False,entropy_high,8,0.5,0.625,0.125
44,2,False,mask_ratio,8,0.5,0.625,0.125
44,2,False,oof_state_value,40,0.0,0.0,0.0
44,2,False,oracle_localization,16,0.25,0.5,0.25
45,0,True,random_checkpoint,48,1.0,1.0,0.0
45,0,True,earliest_eligible,8,1.0,1.0,0.0
45,0,True,normalized_quarter,16,1.0,1.0,0.0
45,0,True,normalized_midpoint,32,1.0,,
45,0,True,normalized_three_quarter,48,1.0,1.0,0.0
45,0,True,confidence_low,16,1.0,1.0,0.0
45,0,True,entropy_high,8,1.0,1.0,0.0
45,0,True,mask_ratio,8,1.0,1.0,0.0
45,0,True,oof_state_value,8,1.0,1.0,0.0
45,0,True,oracle_localization,8,1.0,1.0,0.0
46,0,True,random_checkpoint,56,1.0,1.0,0.0
46,0,True,earliest_eligible,8,0.75,0.75,0.0
46,0,True,normalized_quarter,16,0.75,0.875,0.125
46,0,True,normalized_midpoint,32,1.0,,
46,0,True,normalized_three_quarter,48,1.0,1.0,0.0
46,0,True,confidence_low,24,1.0,0.75,-0.25
46,0,True,entropy_high,8,0.75,0.75,0.0
46,0,True,mask_ratio,8,0.75,0.75,0.0
46,0,True,oof_state_value,8,0.75,0.75,0.0
46,0,True,oracle_localization,8,0.75,0.75,0.0
47,0,True,random_checkpoint,64,1.0,,
47,0,True,earliest_eligible,8,1.0,1.0,0.0
47,0,True,normalized_quarter,16,1.0,1.0,0.0
47,0,True,normalized_midpoint,32,1.0,,
47,0,True,normalized_three_quarter,48,1.0,1.0,0.0
47,0,True,confidence_low,32,1.0,,
47,0,True,entropy_high,8,1.0,1.0,0.0
47,0,True,mask_ratio,8,1.0,1.0,0.0
47,0,True,oof_state_value,16,1.0,1.0,0.0
47,0,True,oracle_localization,8,1.0,1.0,0.0
48,0,True,random_checkpoint,32,1.0,,
48,0,True,earliest_eligible,8,0.875,0.75,-0.125
48,0,True,normalized_quarter,16,0.875,1.0,0.125
48,0,True,normalized_midpoint,32,1.0,,
48,0,True,normalized_three_quarter,48,1.0,1.0,0.0
48,0,True,confidence_low,8,0.875,0.75,-0.125
48,0,True,entropy_high,8,0.875,0.75,-0.125
48,0,True,mask_ratio,8,0.875,0.75,-0.125
48,0,True,oof_state_value,16,0.875,1.0,0.125
48,0,True,oracle_localization,16,0.875,1.0,0.125
49,0,True,random_checkpoint,8,1.0,0.875,-0.125
49,0,True,earliest_eligible,8,1.0,0.875,-0.125
49,0,True,normalized_quarter,16,0.75,0.75,0.0
49,0,True,normalized_midpoint,32,1.0,,
49,0,True,normalized_three_quarter,48,1.0,1.0,0.0
49,0,True,confidence_low,8,1.0,0.875,-0.125
49,0,True,entropy_high,8,1.0,0.875,-0.125
49,0,True,mask_ratio,8,1.0,0.875,-0.125
49,0,True,oof_state_value,16,0.75,0.75,0.0
49,0,True,oracle_localization,8,1.0,0.875,-0.125
49,4,False,random_checkpoint,56,0.0,0.0,0.0
49,4,False,earliest_eligible,8,0.875,1.0,0.125
49,4,False,normalized_quarter,16,1.0,1.0,0.0
49,4,False,normalized_midpoint,32,0.0,,
49,4,False,normalized_three_quarter,48,0.0,0.0,0.0
49,4,False,confidence_low,8,0.875,1.0,0.125
49,4,False,entropy_high,8,0.875,1.0,0.125
49,4,False,mask_ratio,8,0.875,1.0,0.125
49,4,False,oof_state_value,8,0.875,1.0,0.125
49,4,False,oracle_localization,16,1.0,1.0,0.0
50,0,True,random_checkpoint,56,1.0,1.0,0.0
50,0,True,earliest_eligible,8,1.0,1.0,0.0
50,0,True,normalized_quarter,16,1.0,1.0,0.0
50,0,True,normalized_midpoint,32,1.0,,
50,0,True,normalized_three_quarter,48,1.0,1.0,0.0
50,0,True,confidence_low,16,1.0,1.0,0.0
50,0,True,entropy_high,8,1.0,1.0,0.0
50,0,True,mask_ratio,8,1.0,1.0,0.0
50,0,True,oof_state_value,8,1.0,1.0,0.0
50,0,True,oracle_localization,8,1.0,1.0,0.0
51,0,True,random_checkpoint,24,1.0,1.0,0.0
51,0,True,earliest_eligible,8,1.0,1.0,0.0
51,0,True,normalized_quarter,16,1.0,1.0,0.0
51,0,True,normalized_midpoint,32,1.0,,
51,0,True,normalized_three_quarter,48,1.0,1.0,0.0
51,0,True,confidence_low,32,1.0,,
51,0,True,entropy_high,8,1.0,1.0,0.0
51,0,True,mask_ratio,8,1.0,1.0,0.0
51,0,True,oof_state_value,8,1.0,1.0,0.0
51,0,True,oracle_localization,8,1.0,1.0,0.0
51,2,False,random_checkpoint,32,0.0,,
51,2,False,earliest_eligible,8,1.0,1.0,0.0
51,2,False,normalized_quarter,16,0.75,1.0,0.25
51,2,False,normalized_midpoint,32,0.0,,
51,2,False,normalized_three_quarter,48,0.0,0.0,0.0
51,2,False,confidence_low,8,1.0,1.0,0.0
51,2,False,entropy_high,8,1.0,1.0,0.0
51,2,False,mask_ratio,8,1.0,1.0,0.0
51,2,False,oof_state_value,16,0.75,1.0,0.25
51,2,False,oracle_localization,8,1.0,1.0,0.0
52,0,True,random_checkpoint,8,1.0,1.0,0.0
52,0,True,earliest_eligible,8,1.0,1.0,0.0
52,0,True,normalized_quarter,16,1.0,1.0,0.0
52,0,True,normalized_midpoint,32,1.0,,
52,0,True,normalized_three_quarter,48,1.0,1.0,0.0
52,0,True,confidence_low,16,1.0,1.0,0.0
52,0,True,entropy_high,16,1.0,1.0,0.0
52,0,True,mask_ratio,8,1.0,1.0,0.0
52,0,True,oof_state_value,24,1.0,1.0,0.0
52,0,True,oracle_localization,8,1.0,1.0,0.0
53,0,False,random_checkpoint,40,0.0,0.0,0.0
53,0,False,earliest_eligible,8,0.0,0.0,0.0
53,0,False,normalized_quarter,16,0.0,0.0,0.0
53,0,False,normalized_midpoint,32,0.0,,
53,0,False,normalized_three_quarter,48,0.0,0.0,0.0
53,0,False,confidence_low,8,0.0,0.0,0.0
53,0,False,entropy_high,8,0.0,0.0,0.0
53,0,False,mask_ratio,8,0.0,0.0,0.0
53,0,False,oof_state_value,8,0.0,0.0,0.0
53,0,False,oracle_localization,8,0.0,0.0,0.0
54,0,True,random_checkpoint,24,1.0,1.0,0.0
54,0,True,earliest_eligible,8,1.0,1.0,0.0
54,0,True,normalized_quarter,16,1.0,1.0,0.0
54,0,True,normalized_midpoint,32,1.0,,
54,0,True,normalized_three_quarter,48,1.0,1.0,0.0
54,0,True,confidence_low,8,1.0,1.0,0.0
54,0,True,entropy_high,8,1.0,1.0,0.0
54,0,True,mask_ratio,8,1.0,1.0,0.0
54,0,True,oof_state_value,24,1.0,1.0,0.0
54,0,True,oracle_localization,8,1.0,1.0,0.0
55,0,True,random_checkpoint,24,1.0,1.0,0.0
55,0,True,earliest_eligible,8,1.0,1.0,0.0
55,0,True,normalized_quarter,16,1.0,1.0,0.0
55,0,True,normalized_midpoint,32,1.0,,
55,0,True,normalized_three_quarter,48,1.0,1.0,0.0
55,0,True,confidence_low,32,1.0,,
55,0,True,entropy_high,8,1.0,1.0,0.0
55,0,True,mask_ratio,8,1.0,1.0,0.0
55,0,True,oof_state_value,8,1.0,1.0,0.0
55,0,True,oracle_localization,8,1.0,1.0,0.0
56,0,True,random_checkpoint,16,1.0,1.0,0.0
56,0,True,earliest_eligible,8,1.0,1.0,0.0
56,0,True,normalized_quarter,16,1.0,1.0,0.0
56,0,True,normalized_midpoint,32,1.0,,
56,0,True,normalized_three_quarter,48,1.0,1.0,0.0
56,0,True,confidence_low,32,1.0,,
56,0,True,entropy_high,8,1.0,1.0,0.0
56,0,True,mask_ratio,8,1.0,1.0,0.0
56,0,True,oof_state_value,8,1.0,1.0,0.0
56,0,True,oracle_localization,8,1.0,1.0,0.0
57,0,True,random_checkpoint,40,1.0,1.0,0.0
57,0,True,earliest_eligible,8,1.0,1.0,0.0
57,0,True,normalized_quarter,16,1.0,1.0,0.0
57,0,True,normalized_midpoint,32,1.0,,
57,0,True,normalized_three_quarter,48,1.0,1.0,0.0
57,0,True,confidence_low,16,1.0,1.0,0.0
57,0,True,entropy_high,8,1.0,1.0,0.0
57,0,True,mask_ratio,8,1.0,1.0,0.0
57,0,True,oof_state_value,8,1.0,1.0,0.0
57,0,True,oracle_localization,8,1.0,1.0,0.0
58,0,False,random_checkpoint,8,0.0,0.0,0.0
58,0,False,earliest_eligible,8,0.0,0.0,0.0
58,0,False,normalized_quarter,16,0.0,0.125,0.125
58,0,False,normalized_midpoint,32,0.0,,
58,0,False,normalized_three_quarter,48,0.0,0.0,0.0
58,0,False,confidence_low,8,0.0,0.0,0.0
58,0,False,entropy_high,48,0.0,0.0,0.0
58,0,False,mask_ratio,8,0.0,0.0,0.0
58,0,False,oof_state_value,8,0.0,0.0,0.0
58,0,False,oracle_localization,24,0.0,0.25,0.25
59,0,True,random_checkpoint,16,1.0,1.0,0.0
59,0,True,earliest_eligible,8,0.875,0.625,-0.25
59,0,True,normalized_quarter,16,1.0,1.0,0.0
59,0,True,normalized_midpoint,32,1.0,,
59,0,True,normalized_three_quarter,48,1.0,1.0,0.0
59,0,True,confidence_low,8,0.875,0.625,-0.25
59,0,True,entropy_high,8,0.875,0.625,-0.25
59,0,True,mask_ratio,8,0.875,0.625,-0.25
59,0,True,oof_state_value,16,1.0,1.0,0.0
59,0,True,oracle_localization,16,1.0,1.0,0.0
60,0,True,random_checkpoint,24,0.875,0.875,0.0
60,0,True,earliest_eligible,8,0.875,0.875,0.0
60,0,True,normalized_quarter,16,1.0,1.0,0.0
60,0,True,normalized_midpoint,32,1.0,,
60,0,True,normalized_three_quarter,48,1.0,1.0,0.0
60,0,True,confidence_low,32,1.0,,
60,0,True,entropy_high,8,0.875,0.875,0.0
60,0,True,mask_ratio,8,0.875,0.875,0.0
60,0,True,oof_state_value,16,1.0,1.0,0.0
60,0,True,oracle_localization,8,0.875,0.875,0.0
61,0,True,random_checkpoint,24,1.0,1.0,0.0
61,0,True,earliest_eligible,8,1.0,1.0,0.0
61,0,True,normalized_quarter,16,1.0,1.0,0.0
61,0,True,normalized_midpoint,32,1.0,,
61,0,True,normalized_three_quarter,48,1.0,1.0,0.0
61,0,True,confidence_low,32,1.0,,
61,0,True,entropy_high,8,1.0,1.0,0.0
61,0,True,mask_ratio,8,1.0,1.0,0.0
61,0,True,oof_state_value,16,1.0,1.0,0.0
61,0,True,oracle_localization,8,1.0,1.0,0.0
61,6,False,random_checkpoint,32,0.0,,
61,6,False,earliest_eligible,8,1.0,1.0,0.0
61,6,False,normalized_quarter,16,1.0,1.0,0.0
61,6,False,normalized_midpoint,32,0.0,,
61,6,False,normalized_three_quarter,48,0.0,0.0,0.0
61,6,False,confidence_low,32,0.0,,
61,6,False,entropy_high,8,1.0,1.0,0.0
61,6,False,mask_ratio,8,1.0,1.0,0.0
61,6,False,oof_state_value,16,1.0,1.0,0.0
61,6,False,oracle_localization,8,1.0,1.0,0.0
62,0,True,random_checkpoint,64,1.0,,
62,0,True,earliest_eligible,8,0.875,0.875,0.0
62,0,True,normalized_quarter,16,0.875,0.875,0.0
62,0,True,normalized_midpoint,32,1.0,,
62,0,True,normalized_three_quarter,48,1.0,1.0,0.0
62,0,True,confidence_low,32,1.0,,
62,0,True,entropy_high,8,0.875,0.875,0.0
62,0,True,mask_ratio,8,0.875,0.875,0.0
62,0,True,oof_state_value,8,0.875,0.875,0.0
62,0,True,oracle_localization,16,0.875,0.875,0.0
62,4,False,random_checkpoint,16,1.0,1.0,0.0
62,4,False,earliest_eligible,8,1.0,0.875,-0.125
62,4,False,normalized_quarter,16,1.0,1.0,0.0
62,4,False,normalized_midpoint,32,0.0,,
62,4,False,normalized_three_quarter,48,0.0,0.0,0.0
62,4,False,confidence_low,8,1.0,0.875,-0.125
62,4,False,entropy_high,8,1.0,0.875,-0.125
62,4,False,mask_ratio,8,1.0,0.875,-0.125
62,4,False,oof_state_value,40,0.0,0.0,0.0
62,4,False,oracle_localization,8,1.0,0.875,-0.125
63,0,False,random_checkpoint,16,0.0,0.375,0.375
63,0,False,earliest_eligible,8,0.125,0.75,0.625
63,0,False,normalized_quarter,16,0.0,0.375,0.375
63,0,False,normalized_midpoint,32,0.0,,
63,0,False,normalized_three_quarter,48,0.0,0.0,0.0
63,0,False,confidence_low,8,0.125,0.75,0.625
63,0,False,entropy_high,8,0.125,0.75,0.625
63,0,False,mask_ratio,8,0.125,0.75,0.625
63,0,False,oof_state_value,24,0.0,0.0,0.0
63,0,False,oracle_localization,16,0.0,0.375,0.375
63,5,True,random_checkpoint,24,0.875,1.0,0.125
63,5,True,earliest_eligible,8,0.625,0.25,-0.375
63,5,True,normalized_quarter,16,0.75,0.375,-0.375
63,5,True,normalized_midpoint,32,1.0,,
63,5,True,normalized_three_quarter,48,1.0,1.0,0.0
63,5,True,confidence_low,32,1.0,,
63,5,True,entropy_high,8,0.625,0.25,-0.375
63,5,True,mask_ratio,8,0.625,0.25,-0.375
63,5,True,oof_state_value,8,0.625,0.25,-0.375
63,5,True,oracle_localization,40,1.0,1.0,0.0
64,0,True,random_checkpoint,40,1.0,1.0,0.0
64,0,True,earliest_eligible,8,1.0,1.0,0.0
64,0,True,normalized_quarter,16,1.0,1.0,0.0
64,0,True,normalized_midpoint,32,1.0,,
64,0,True,normalized_three_quarter,48,1.0,1.0,0.0
64,0,True,confidence_low,8,1.0,1.0,0.0
64,0,True,entropy_high,8,1.0,1.0,0.0
64,0,True,mask_ratio,8,1.0,1.0,0.0
64,0,True,oof_state_value,16,1.0,1.0,0.0
64,0,True,oracle_localization,8,1.0,1.0,0.0
65,0,True,random_checkpoint,40,1.0,1.0,0.0
65,0,True,earliest_eligible,8,1.0,1.0,0.0
65,0,True,normalized_quarter,16,1.0,1.0,0.0
65,0,True,normalized_midpoint,32,1.0,,
65,0,True,normalized_three_quarter,48,1.0,1.0,0.0
65,0,True,confidence_low,8,1.0,1.0,0.0
65,0,True,entropy_high,8,1.0,1.0,0.0
65,0,True,mask_ratio,8,1.0,1.0,0.0
65,0,True,oof_state_value,16,1.0,1.0,0.0
65,0,True,oracle_localization,16,1.0,1.0,0.0
66,0,True,random_checkpoint,48,1.0,1.0,0.0
66,0,True,earliest_eligible,8,1.0,1.0,0.0
66,0,True,normalized_quarter,16,1.0,1.0,0.0
66,0,True,normalized_midpoint,32,1.0,,
66,0,True,normalized_three_quarter,48,1.0,1.0,0.0
66,0,True,confidence_low,24,1.0,1.0,0.0
66,0,True,entropy_high,8,1.0,1.0,0.0
66,0,True,mask_ratio,8,1.0,1.0,0.0
66,0,True,oof_state_value,16,1.0,1.0,0.0
66,0,True,oracle_localization,8,1.0,1.0,0.0
67,0,True,random_checkpoint,40,1.0,1.0,0.0
67,0,True,earliest_eligible,8,1.0,1.0,0.0
67,0,True,normalized_quarter,16,1.0,1.0,0.0
67,0,True,normalized_midpoint,32,1.0,,
67,0,True,normalized_three_quarter,48,1.0,1.0,0.0
67,0,True,confidence_low,32,1.0,,
67,0,True,entropy_high,8,1.0,1.0,0.0
67,0,True,mask_ratio,8,1.0,1.0,0.0
67,0,True,oof_state_value,8,1.0,1.0,0.0
67,0,True,oracle_localization,8,1.0,1.0,0.0
68,0,True,random_checkpoint,48,1.0,1.0,0.0
68,0,True,earliest_eligible,8,1.0,1.0,0.0
68,0,True,normalized_quarter,16,1.0,1.0,0.0
68,0,True,normalized_midpoint,32,1.0,,
68,0,True,normalized_three_quarter,48,1.0,1.0,0.0
68,0,True,confidence_low,32,1.0,,
68,0,True,entropy_high,8,1.0,1.0,0.0
68,0,True,mask_ratio,8,1.0,1.0,0.0
68,0,True,oof_state_value,24,1.0,1.0,0.0
68,0,True,oracle_localization,8,1.0,1.0,0.0
69,0,True,random_checkpoint,8,1.0,1.0,0.0
69,0,True,earliest_eligible,8,1.0,1.0,0.0
69,0,True,normalized_quarter,16,0.875,0.875,0.0
69,0,True,normalized_midpoint,32,1.0,,
69,0,True,normalized_three_quarter,48,1.0,1.0,0.0
69,0,True,confidence_low,8,1.0,1.0,0.0
69,0,True,entropy_high,8,1.0,1.0,0.0
69,0,True,mask_ratio,8,1.0,1.0,0.0
69,0,True,oof_state_value,16,0.875,0.875,0.0
69,0,True,oracle_localization,8,1.0,1.0,0.0
70,0,True,random_checkpoint,8,1.0,1.0,0.0
70,0,True,earliest_eligible,8,1.0,1.0,0.0
70,0,True,normalized_quarter,16,1.0,1.0,0.0
70,0,True,normalized_midpoint,32,1.0,,
70,0,True,normalized_three_quarter,48,1.0,1.0,0.0
70,0,True,confidence_low,32,1.0,,
70,0,True,entropy_high,40,1.0,1.0,0.0
70,0,True,mask_ratio,8,1.0,1.0,0.0
70,0,True,oof_state_value,8,1.0,1.0,0.0
70,0,True,oracle_localization,8,1.0,1.0,0.0
71,0,True,random_checkpoint,8,1.0,1.0,0.0
71,0,True,earliest_eligible,8,1.0,1.0,0.0
71,0,True,normalized_quarter,16,1.0,1.0,0.0
71,0,True,normalized_midpoint,32,1.0,,
71,0,True,normalized_three_quarter,48,1.0,1.0,0.0
71,0,True,confidence_low,16,1.0,1.0,0.0
71,0,True,entropy_high,8,1.0,1.0,0.0
71,0,True,mask_ratio,8,1.0,1.0,0.0
71,0,True,oof_state_value,8,1.0,1.0,0.0
71,0,True,oracle_localization,8,1.0,1.0,0.0
72,0,True,random_checkpoint,48,1.0,1.0,0.0
72,0,True,earliest_eligible,8,0.875,1.0,0.125
72,0,True,normalized_quarter,16,0.5,0.5,0.0
72,0,True,normalized_midpoint,32,1.0,,
72,0,True,normalized_three_quarter,48,1.0,1.0,0.0
72,0,True,confidence_low,8,0.875,1.0,0.125
72,0,True,entropy_high,8,0.875,1.0,0.125
72,0,True,mask_ratio,8,0.875,1.0,0.125
72,0,True,oof_state_value,40,1.0,1.0,0.0
72,0,True,oracle_localization,8,0.875,1.0,0.125
72,1,False,random_checkpoint,8,0.875,1.0,0.125
72,1,False,earliest_eligible,8,0.875,1.0,0.125
72,1,False,normalized_quarter,16,0.75,0.875,0.125
72,1,False,normalized_midpoint,32,0.0,,
72,1,False,normalized_three_quarter,48,0.0,0.0,0.0
72,1,False,confidence_low,8,0.875,1.0,0.125
72,1,False,entropy_high,8,0.875,1.0,0.125
72,1,False,mask_ratio,8,0.875,1.0,0.125
72,1,False,oof_state_value,16,0.75,0.875,0.125
72,1,False,oracle_localization,8,0.875,1.0,0.125
73,0,False,random_checkpoint,8,0.0,0.0,0.0
73,0,False,earliest_eligible,8,0.0,0.0,0.0
73,0,False,normalized_quarter,16,0.0,0.0,0.0
73,0,False,normalized_midpoint,32,0.0,,
73,0,False,normalized_three_quarter,48,0.0,0.0,0.0
73,0,False,confidence_low,32,0.0,,
73,0,False,entropy_high,8,0.0,0.0,0.0
73,0,False,mask_ratio,8,0.0,0.0,0.0
73,0,False,oof_state_value,8,0.0,0.0,0.0
73,0,False,oracle_localization,8,0.0,0.0,0.0
74,0,True,random_checkpoint,40,1.0,1.0,0.0
74,0,True,earliest_eligible,8,1.0,1.0,0.0
74,0,True,normalized_quarter,16,1.0,1.0,0.0
74,0,True,normalized_midpoint,32,1.0,,
74,0,True,normalized_three_quarter,48,1.0,1.0,0.0
74,0,True,confidence_low,8,1.0,1.0,0.0
74,0,True,entropy_high,8,1.0,1.0,0.0
74,0,True,mask_ratio,8,1.0,1.0,0.0
74,0,True,oof_state_value,24,1.0,1.0,0.0
74,0,True,oracle_localization,8,1.0,1.0,0.0
75,0,True,random_checkpoint,56,1.0,1.0,0.0
75,0,True,earliest_eligible,8,1.0,1.0,0.0
75,0,True,normalized_quarter,16,1.0,1.0,0.0
75,0,True,normalized_midpoint,32,1.0,,
75,0,True,normalized_three_quarter,48,1.0,1.0,0.0
75,0,True,confidence_low,16,1.0,1.0,0.0
75,0,True,entropy_high,8,1.0,1.0,0.0
75,0,True,mask_ratio,8,1.0,1.0,0.0
75,0,True,oof_state_value,8,1.0,1.0,0.0
75,0,True,oracle_localization,8,1.0,1.0,0.0
76,0,True,random_checkpoint,56,1.0,1.0,0.0
76,0,True,earliest_eligible,8,1.0,1.0,0.0
76,0,True,normalized_quarter,16,1.0,0.75,-0.25
76,0,True,normalized_midpoint,32,1.0,,
76,0,True,normalized_three_quarter,48,1.0,1.0,0.0
76,0,True,confidence_low,8,1.0,1.0,0.0
76,0,True,entropy_high,8,1.0,1.0,0.0
76,0,True,mask_ratio,8,1.0,1.0,0.0
76,0,True,oof_state_value,8,1.0,1.0,0.0
76,0,True,oracle_localization,8,1.0,1.0,0.0
77,0,True,random_checkpoint,56,1.0,1.0,0.0
77,0,True,earliest_eligible,8,1.0,1.0,0.0
77,0,True,normalized_quarter,16,1.0,1.0,0.0
77,0,True,normalized_midpoint,32,1.0,,
77,0,True,normalized_three_quarter,48,1.0,1.0,0.0
77,0,True,confidence_low,8,1.0,1.0,0.0
77,0,True,entropy_high,8,1.0,1.0,0.0
77,0,True,mask_ratio,8,1.0,1.0,0.0
77,0,True,oof_state_value,16,1.0,1.0,0.0
77,0,True,oracle_localization,8,1.0,1.0,0.0
78,0,True,random_checkpoint,16,0.875,0.875,0.0
78,0,True,earliest_eligible,8,0.75,0.75,0.0
78,0,True,normalized_quarter,16,0.875,0.875,0.0
78,0,True,normalized_midpoint,32,1.0,,
78,0,True,normalized_three_quarter,48,1.0,1.0,0.0
78,0,True,confidence_low,32,1.0,,
78,0,True,entropy_high,8,0.75,0.75,0.0
78,0,True,mask_ratio,8,0.75,0.75,0.0
78,0,True,oof_state_value,8,0.75,0.75,0.0
78,0,True,oracle_localization,8,0.75,0.75,0.0
79,0,True,random_checkpoint,8,1.0,1.0,0.0
79,0,True,earliest_eligible,8,1.0,1.0,0.0
79,0,True,normalized_quarter,16,1.0,1.0,0.0
79,0,True,normalized_midpoint,32,1.0,,
79,0,True,normalized_three_quarter,48,1.0,1.0,0.0
79,0,True,confidence_low,16,1.0,1.0,0.0
79,0,True,entropy_high,8,1.0,1.0,0.0
79,0,True,mask_ratio,8,1.0,1.0,0.0
79,0,True,oof_state_value,24,1.0,1.0,0.0
79,0,True,oracle_localization,8,1.0,1.0,0.0
80,0,True,random_checkpoint,24,1.0,1.0,0.0
80,0,True,earliest_eligible,8,1.0,1.0,0.0
80,0,True,normalized_quarter,16,1.0,1.0,0.0
80,0,True,normalized_midpoint,32,1.0,,
80,0,True,normalized_three_quarter,48,1.0,1.0,0.0
80,0,True,confidence_low,32,1.0,,
80,0,True,entropy_high,8,1.0,1.0,0.0
80,0,True,mask_ratio,8,1.0,1.0,0.0
80,0,True,oof_state_value,8,1.0,1.0,0.0
80,0,True,oracle_localization,8,1.0,1.0,0.0
81,0,True,random_checkpoint,40,1.0,1.0,0.0
81,0,True,earliest_eligible,8,1.0,1.0,0.0
81,0,True,normalized_quarter,16,1.0,1.0,0.0
81,0,True,normalized_midpoint,32,1.0,,
81,0,True,normalized_three_quarter,48,1.0,1.0,0.0
81,0,True,confidence_low,32,1.0,,
81,0,True,entropy_high,8,1.0,1.0,0.0
81,0,True,mask_ratio,8,1.0,1.0,0.0
81,0,True,oof_state_value,8,1.0,1.0,0.0
81,0,True,oracle_localization,8,1.0,1.0,0.0
82,0,False,random_checkpoint,64,0.0,,
82,0,False,earliest_eligible,8,0.375,1.0,0.625
82,0,False,normalized_quarter,16,0.75,0.625,-0.125
82,0,False,normalized_midpoint,32,0.0,,
82,0,False,normalized_three_quarter,48,0.0,0.0,0.0
82,0,False,confidence_low,40,0.0,0.0,0.0
82,0,False,entropy_high,8,0.375,1.0,0.625
82,0,False,mask_ratio,8,0.375,1.0,0.625
82,0,False,oof_state_value,16,0.75,0.625,-0.125
82,0,False,oracle_localization,8,0.375,1.0,0.625
82,1,True,random_checkpoint,56,1.0,1.0,0.0
82,1,True,earliest_eligible,8,0.75,0.875,0.125
82,1,True,normalized_quarter,16,0.75,0.75,0.0
82,1,True,normalized_midpoint,32,1.0,,
82,1,True,normalized_three_quarter,48,1.0,1.0,0.0
82,1,True,confidence_low,32,1.0,,
82,1,True,entropy_high,8,0.75,0.875,0.125
82,1,True,mask_ratio,8,0.75,0.875,0.125
82,1,True,oof_state_value,16,0.75,0.75,0.0
82,1,True,oracle_localization,8,0.75,0.875,0.125
83,0,False,random_checkpoint,64,0.0,,
83,0,False,earliest_eligible,8,0.25,1.0,0.75
83,0,False,normalized_quarter,16,0.25,0.25,0.0
83,0,False,normalized_midpoint,32,0.0,,
83,0,False,normalized_three_quarter,48,0.0,0.0,0.0
83,0,False,confidence_low,8,0.25,1.0,0.75
83,0,False,entropy_high,8,0.25,1.0,0.75
83,0,False,mask_ratio,8,0.25,1.0,0.75
83,0,False,oof_state_value,16,0.25,0.25,0.0
83,0,False,oracle_localization,8,0.25,1.0,0.75
83,3,True,random_checkpoint,40,1.0,1.0,0.0
83,3,True,earliest_eligible,8,0.5,1.0,0.5
83,3,True,normalized_quarter,16,1.0,0.75,-0.25
83,3,True,normalized_midpoint,32,1.0,,
83,3,True,normalized_three_quarter,48,1.0,1.0,0.0
83,3,True,confidence_low,8,0.5,1.0,0.5
83,3,True,entropy_high,8,0.5,1.0,0.5
83,3,True,mask_ratio,8,0.5,1.0,0.5
83,3,True,oof_state_value,16,1.0,0.75,-0.25
83,3,True,oracle_localization,16,1.0,0.75,-0.25
84,0,True,random_checkpoint,48,1.0,1.0,0.0
84,0,True,earliest_eligible,8,1.0,1.0,0.0
84,0,True,normalized_quarter,16,1.0,1.0,0.0
84,0,True,normalized_midpoint,32,1.0,,
84,0,True,normalized_three_quarter,48,1.0,1.0,0.0
84,0,True,confidence_low,8,1.0,1.0,0.0
84,0,True,entropy_high,8,1.0,1.0,0.0
84,0,True,mask_ratio,8,1.0,1.0,0.0
84,0,True,oof_state_value,8,1.0,1.0,0.0
84,0,True,oracle_localization,8,1.0,1.0,0.0
85,0,True,random_checkpoint,24,0.75,0.75,0.0
85,0,True,earliest_eligible,8,0.5,0.5,0.0
85,0,True,normalized_quarter,16,0.75,0.875,0.125
85,0,True,normalized_midpoint,32,1.0,,
85,0,True,normalized_three_quarter,48,1.0,1.0,0.0
85,0,True,confidence_low,32,1.0,,
85,0,True,entropy_high,8,0.5,0.5,0.0
85,0,True,mask_ratio,8,0.5,0.5,0.0
85,0,True,oof_state_value,24,0.75,0.75,0.0
85,0,True,oracle_localization,16,0.75,0.875,0.125
85,4,False,random_checkpoint,24,0.625,0.375,-0.25
85,4,False,earliest_eligible,8,0.375,0.375,0.0
85,4,False,normalized_quarter,16,0.625,0.625,0.0
85,4,False,normalized_midpoint,32,0.0,,
85,4,False,normalized_three_quarter,48,0.0,0.0,0.0
85,4,False,confidence_low,32,0.0,,
85,4,False,entropy_high,8,0.375,0.375,0.0
85,4,False,mask_ratio,8,0.375,0.375,0.0
85,4,False,oof_state_value,24,0.625,0.375,-0.25
85,4,False,oracle_localization,8,0.375,0.375,0.0
86,0,False,random_checkpoint,48,0.0,0.0,0.0
86,0,False,earliest_eligible,8,0.0,0.5,0.5
86,0,False,normalized_quarter,16,0.0,0.0,0.0
86,0,False,normalized_midpoint,32,0.0,,
86,0,False,normalized_three_quarter,48,0.0,0.0,0.0
86,0,False,confidence_low,8,0.0,0.5,0.5
86,0,False,entropy_high,8,0.0,0.5,0.5
86,0,False,mask_ratio,8,0.0,0.5,0.5
86,0,False,oof_state_value,16,0.0,0.0,0.0
86,0,False,oracle_localization,8,0.0,0.5,0.5
86,1,True,random_checkpoint,8,0.375,0.125,-0.25
86,1,True,earliest_eligible,8,0.375,0.125,-0.25
86,1,True,normalized_quarter,16,0.375,0.625,0.25
86,1,True,normalized_midpoint,32,1.0,,
86,1,True,normalized_three_quarter,48,1.0,1.0,0.0
86,1,True,confidence_low,8,0.375,0.125,-0.25
86,1,True,entropy_high,8,0.375,0.125,-0.25
86,1,True,mask_ratio,8,0.375,0.125,-0.25
86,1,True,oof_state_value,24,0.5,0.25,-0.25
86,1,True,oracle_localization,40,1.0,1.0,0.0
87,0,True,random_checkpoint,8,0.75,0.75,0.0
87,0,True,earliest_eligible,8,0.75,0.75,0.0
87,0,True,normalized_quarter,16,0.625,0.625,0.0
87,0,True,normalized_midpoint,32,1.0,,
87,0,True,normalized_three_quarter,48,1.0,1.0,0.0
87,0,True,confidence_low,8,0.75,0.75,0.0
87,0,True,entropy_high,8,0.75,0.75,0.0
87,0,True,mask_ratio,8,0.75,0.75,0.0
87,0,True,oof_state_value,8,0.75,0.75,0.0
87,0,True,oracle_localization,40,1.0,1.0,0.0
87,6,False,random_checkpoint,40,0.0,0.0,0.0
87,6,False,earliest_eligible,8,0.625,0.625,0.0
87,6,False,normalized_quarter,16,0.875,0.625,-0.25
87,6,False,normalized_midpoint,32,0.0,,
87,6,False,normalized_three_quarter,48,0.0,0.0,0.0
87,6,False,confidence_low,32,0.0,,
87,6,False,entropy_high,8,0.625,0.625,0.0
87,6,False,mask_ratio,8,0.625,0.625,0.0
87,6,False,oof_state_value,8,0.625,0.625,0.0
87,6,False,oracle_localization,16,0.875,0.625,-0.25
88,0,True,random_checkpoint,56,1.0,1.0,0.0
88,0,True,earliest_eligible,8,1.0,1.0,0.0
88,0,True,normalized_quarter,16,0.875,0.875,0.0
88,0,True,normalized_midpoint,32,1.0,,
88,0,True,normalized_three_quarter,48,1.0,1.0,0.0
88,0,True,confidence_low,16,0.875,0.875,0.0
88,0,True,entropy_high,8,1.0,1.0,0.0
88,0,True,mask_ratio,8,1.0,1.0,0.0
88,0,True,oof_state_value,8,1.0,1.0,0.0
88,0,True,oracle_localization,16,0.875,0.875,0.0
88,7,False,random_checkpoint,48,0.0,0.0,0.0
88,7,False,earliest_eligible,8,1.0,1.0,0.0
88,7,False,normalized_quarter,16,0.875,0.875,0.0
88,7,False,normalized_midpoint,32,0.0,,
88,7,False,normalized_three_quarter,48,0.0,0.0,0.0
88,7,False,confidence_low,32,0.0,,
88,7,False,entropy_high,8,1.0,1.0,0.0
88,7,False,mask_ratio,8,1.0,1.0,0.0
88,7,False,oof_state_value,8,1.0,1.0,0.0
88,7,False,oracle_localization,16,0.875,0.875,0.0
89,0,True,random_checkpoint,8,0.875,0.875,0.0
89,0,True,earliest_eligible,8,0.875,0.875,0.0
89,0,True,normalized_quarter,16,1.0,1.0,0.0
89,0,True,normalized_midpoint,32,1.0,,
89,0,True,normalized_three_quarter,48,1.0,1.0,0.0
89,0,True,confidence_low,32,1.0,,
89,0,True,entropy_high,8,0.875,0.875,0.0
89,0,True,mask_ratio,8,0.875,0.875,0.0
89,0,True,oof_state_value,24,0.875,1.0,0.125
89,0,True,oracle_localization,8,0.875,0.875,0.0
89,5,False,random_checkpoint,64,0.0,,
89,5,False,earliest_eligible,8,1.0,1.0,0.0
89,5,False,normalized_quarter,16,0.875,0.875,0.0
89,5,False,normalized_midpoint,32,0.0,,
89,5,False,normalized_three_quarter,48,0.0,0.0,0.0
89,5,False,confidence_low,32,0.0,,
89,5,False,entropy_high,8,1.0,1.0,0.0
89,5,False,mask_ratio,8,1.0,1.0,0.0
89,5,False,oof_state_value,24,0.875,0.625,-0.25
89,5,False,oracle_localization,8,1.0,1.0,0.0
90,0,True,random_checkpoint,48,1.0,1.0,0.0
90,0,True,earliest_eligible,8,1.0,1.0,0.0
90,0,True,normalized_quarter,16,1.0,0.75,-0.25
90,0,True,normalized_midpoint,32,1.0,,
90,0,True,normalized_three_quarter,48,1.0,1.0,0.0
90,0,True,confidence_low,32,1.0,,
90,0,True,entropy_high,8,1.0,1.0,0.0
90,0,True,mask_ratio,8,1.0,1.0,0.0
90,0,True,oof_state_value,24,1.0,0.75,-0.25
90,0,True,oracle_localization,24,1.0,0.75,-0.25
91,0,True,random_checkpoint,40,1.0,1.0,0.0
91,0,True,earliest_eligible,8,1.0,1.0,0.0
91,0,True,normalized_quarter,16,1.0,1.0,0.0
91,0,True,normalized_midpoint,32,1.0,,
91,0,True,normalized_three_quarter,48,1.0,1.0,0.0
91,0,True,confidence_low,32,1.0,,
91,0,True,entropy_high,8,1.0,1.0,0.0
91,0,True,mask_ratio,8,1.0,1.0,0.0
91,0,True,oof_state_value,16,1.0,1.0,0.0
91,0,True,oracle_localization,8,1.0,1.0,0.0
91,1,False,random_checkpoint,24,1.0,1.0,0.0
91,1,False,earliest_eligible,8,1.0,1.0,0.0
91,1,False,normalized_quarter,16,1.0,1.0,0.0
91,1,False,normalized_midpoint,32,0.0,,
91,1,False,normalized_three_quarter,48,0.0,0.0,0.0
91,1,False,confidence_low,32,0.0,,
91,1,False,entropy_high,8,1.0,1.0,0.0
91,1,False,mask_ratio,8,1.0,1.0,0.0
91,1,False,oof_state_value,16,1.0,1.0,0.0
91,1,False,oracle_localization,8,1.0,1.0,0.0
92,0,True,random_checkpoint,48,1.0,1.0,0.0
92,0,True,earliest_eligible,8,1.0,1.0,0.0
92,0,True,normalized_quarter,16,1.0,1.0,0.0
92,0,True,normalized_midpoint,32,1.0,,
92,0,True,normalized_three_quarter,48,1.0,1.0,0.0
92,0,True,confidence_low,8,1.0,1.0,0.0
92,0,True,entropy_high,8,1.0,1.0,0.0
92,0,True,mask_ratio,8,1.0,1.0,0.0
92,0,True,oof_state_value,16,1.0,1.0,0.0
92,0,True,oracle_localization,8,1.0,1.0,0.0
93,0,True,random_checkpoint,32,1.0,,
93,0,True,earliest_eligible,8,1.0,0.375,-0.625
93,0,True,normalized_quarter,16,1.0,1.0,0.0
93,0,True,normalized_midpoint,32,1.0,,
93,0,True,normalized_three_quarter,48,1.0,1.0,0.0
93,0,True,confidence_low,16,1.0,1.0,0.0
93,0,True,entropy_high,40,1.0,1.0,0.0
93,0,True,mask_ratio,8,1.0,0.375,-0.625
93,0,True,oof_state_value,8,1.0,0.375,-0.625
93,0,True,oracle_localization,16,1.0,1.0,0.0
93,3,False,random_checkpoint,8,0.25,0.25,0.0
93,3,False,earliest_eligible,8,0.25,0.25,0.0
93,3,False,normalized_quarter,16,0.25,0.25,0.0
93,3,False,normalized_midpoint,32,0.0,,
93,3,False,normalized_three_quarter,48,0.0,0.0,0.0
93,3,False,confidence_low,16,0.25,0.25,0.0
93,3,False,entropy_high,8,0.25,0.25,0.0
93,3,False,mask_ratio,8,0.25,0.25,0.0
93,3,False,oof_state_value,8,0.25,0.25,0.0
93,3,False,oracle_localization,8,0.25,0.25,0.0
94,0,True,random_checkpoint,56,1.0,1.0,0.0
94,0,True,earliest_eligible,8,1.0,1.0,0.0
94,0,True,normalized_quarter,16,1.0,0.875,-0.125
94,0,True,normalized_midpoint,32,1.0,,
94,0,True,normalized_three_quarter,48,1.0,1.0,0.0
94,0,True,confidence_low,32,1.0,,
94,0,True,entropy_high,8,1.0,1.0,0.0
94,0,True,mask_ratio,8,1.0,1.0,0.0
94,0,True,oof_state_value,8,1.0,1.0,0.0
94,0,True,oracle_localization,8,1.0,1.0,0.0
95,0,True,random_checkpoint,48,1.0,1.0,0.0
95,0,True,earliest_eligible,8,1.0,1.0,0.0
95,0,True,normalized_quarter,16,1.0,1.0,0.0
95,0,True,normalized_midpoint,32,1.0,,
95,0,True,normalized_three_quarter,48,1.0,1.0,0.0
95,0,True,confidence_low,8,1.0,1.0,0.0
95,0,True,entropy_high,8,1.0,1.0,0.0
95,0,True,mask_ratio,8,1.0,1.0,0.0
95,0,True,oof_state_value,8,1.0,1.0,0.0
95,0,True,oracle_localization,8,1.0,1.0,0.0
96,0,True,random_checkpoint,40,1.0,1.0,0.0
96,0,True,earliest_eligible,8,0.625,0.625,0.0
96,0,True,normalized_quarter,16,1.0,1.0,0.0
96,0,True,normalized_midpoint,32,1.0,,
96,0,True,normalized_three_quarter,48,1.0,1.0,0.0
96,0,True,confidence_low,32,1.0,,
96,0,True,entropy_high,8,0.625,0.625,0.0
96,0,True,mask_ratio,8,0.625,0.625,0.0
96,0,True,oof_state_value,8,0.625,0.625,0.0
96,0,True,oracle_localization,8,0.625,0.625,0.0
96,2,False,random_checkpoint,64,0.0,,
96,2,False,earliest_eligible,8,1.0,1.0,0.0
96,2,False,normalized_quarter,16,0.875,0.875,0.0
96,2,False,normalized_midpoint,32,0.0,,
96,2,False,normalized_three_quarter,48,0.0,0.0,0.0
96,2,False,confidence_low,32,0.0,,
96,2,False,entropy_high,8,1.0,1.0,0.0
96,2,False,mask_ratio,8,1.0,1.0,0.0
96,2,False,oof_state_value,8,1.0,1.0,0.0
96,2,False,oracle_localization,8,1.0,1.0,0.0
97,0,True,random_checkpoint,8,1.0,1.0,0.0
97,0,True,earliest_eligible,8,1.0,1.0,0.0
97,0,True,normalized_quarter,16,1.0,1.0,0.0
97,0,True,normalized_midpoint,32,1.0,,
97,0,True,normalized_three_quarter,48,1.0,1.0,0.0
97,0,True,confidence_low,16,1.0,1.0,0.0
97,0,True,entropy_high,16,1.0,1.0,0.0
97,0,True,mask_ratio,8,1.0,1.0,0.0
97,0,True,oof_state_value,8,1.0,1.0,0.0
97,0,True,oracle_localization,8,1.0,1.0,0.0
97,1,False,random_checkpoint,40,0.0,0.0,0.0
97,1,False,earliest_eligible,8,1.0,1.0,0.0
97,1,False,normalized_quarter,16,1.0,1.0,0.0
97,1,False,normalized_midpoint,32,0.0,,
97,1,False,normalized_three_quarter,48,0.0,0.0,0.0
97,1,False,confidence_low,32,0.0,,
97,1,False,entropy_high,8,1.0,1.0,0.0
97,1,False,mask_ratio,8,1.0,1.0,0.0
97,1,False,oof_state_value,8,1.0,1.0,0.0
97,1,False,oracle_localization,8,1.0,1.0,0.0
98,0,False,random_checkpoint,48,0.0,0.0,0.0
98,0,False,earliest_eligible,8,0.375,0.375,0.0
98,0,False,normalized_quarter,16,0.375,0.375,0.0
98,0,False,normalized_midpoint,32,0.0,,
98,0,False,normalized_three_quarter,48,0.0,0.0,0.0
98,0,False,confidence_low,32,0.0,,
98,0,False,entropy_high,16,0.375,0.375,0.0
98,0,False,mask_ratio,8,0.375,0.375,0.0
98,0,False,oof_state_value,8,0.375,0.375,0.0
98,0,False,oracle_localization,8,0.375,0.375,0.0
98,2,True,random_checkpoint,24,0.5,0.5,0.0
98,2,True,earliest_eligible,8,0.625,0.625,0.0
98,2,True,normalized_quarter,16,0.75,0.75,0.0
98,2,True,normalized_midpoint,32,1.0,,
98,2,True,normalized_three_quarter,48,1.0,1.0,0.0
98,2,True,confidence_low,32,1.0,,
98,2,True,entropy_high,8,0.625,0.625,0.0
98,2,True,mask_ratio,8,0.625,0.625,0.0
98,2,True,oof_state_value,8,0.625,0.625,0.0
98,2,True,oracle_localization,40,1.0,1.0,0.0
99,0,True,random_checkpoint,8,1.0,1.0,0.0
99,0,True,earliest_eligible,8,1.0,1.0,0.0
99,0,True,normalized_quarter,16,1.0,1.0,0.0
99,0,True,normalized_midpoint,32,1.0,,
99,0,True,normalized_three_quarter,48,1.0,1.0,0.0
99,0,True,confidence_low,8,1.0,1.0,0.0
99,0,True,entropy_high,8,1.0,1.0,0.0
99,0,True,mask_ratio,8,1.0,1.0,0.0
99,0,True,oof_state_value,24,1.0,1.0,0.0
99,0,True,oracle_localization,8,1.0,1.0,0.0
100,0,True,random_checkpoint,32,1.0,,
100,0,True,earliest_eligible,8,1.0,1.0,0.0
100,0,True,normalized_quarter,16,1.0,0.875,-0.125
100,0,True,normalized_midpoint,32,1.0,,
100,0,True,normalized_three_quarter,48,1.0,1.0,0.0
100,0,True,confidence_low,8,1.0,1.0,0.0
100,0,True,entropy_high,8,1.0,1.0,0.0
100,0,True,mask_ratio,8,1.0,1.0,0.0
100,0,True,oof_state_value,16,1.0,0.875,-0.125
100,0,True,oracle_localization,8,1.0,1.0,0.0
101,0,True,random_checkpoint,48,1.0,1.0,0.0
101,0,True,earliest_eligible,8,0.75,0.875,0.125
101,0,True,normalized_quarter,16,1.0,1.0,0.0
101,0,True,normalized_midpoint,32,1.0,,
101,0,True,normalized_three_quarter,48,1.0,1.0,0.0
101,0,True,confidence_low,8,0.75,0.875,0.125
101,0,True,entropy_high,8,0.75,0.875,0.125
101,0,True,mask_ratio,8,0.75,0.875,0.125
101,0,True,oof_state_value,48,1.0,1.0,0.0
101,0,True,oracle_localization,8,0.75,0.875,0.125
102,0,True,random_checkpoint,64,1.0,,
102,0,True,earliest_eligible,8,1.0,1.0,0.0
102,0,True,normalized_quarter,16,1.0,1.0,0.0
102,0,True,normalized_midpoint,32,1.0,,
102,0,True,normalized_three_quarter,48,1.0,1.0,0.0
102,0,True,confidence_low,8,1.0,1.0,0.0
102,0,True,entropy_high,8,1.0,1.0,0.0
102,0,True,mask_ratio,8,1.0,1.0,0.0
102,0,True,oof_state_value,16,1.0,1.0,0.0
102,0,True,oracle_localization,8,1.0,1.0,0.0
103,0,True,random_checkpoint,48,1.0,1.0,0.0
103,0,True,earliest_eligible,8,1.0,0.75,-0.25
103,0,True,normalized_quarter,16,1.0,1.0,0.0
103,0,True,normalized_midpoint,32,1.0,,
103,0,True,normalized_three_quarter,48,1.0,1.0,0.0
103,0,True,confidence_low,8,1.0,0.75,-0.25
103,0,True,entropy_high,8,1.0,0.75,-0.25
103,0,True,mask_ratio,8,1.0,0.75,-0.25
103,0,True,oof_state_value,8,1.0,0.75,-0.25
103,0,True,oracle_localization,16,1.0,1.0,0.0
104,0,True,random_checkpoint,64,1.0,,
104,0,True,earliest_eligible,8,1.0,1.0,0.0
104,0,True,normalized_quarter,16,1.0,1.0,0.0
104,0,True,normalized_midpoint,32,1.0,,
104,0,True,normalized_three_quarter,48,1.0,1.0,0.0
104,0,True,confidence_low,24,1.0,1.0,0.0
104,0,True,entropy_high,8,1.0,1.0,0.0
104,0,True,mask_ratio,8,1.0,1.0,0.0
104,0,True,oof_state_value,8,1.0,1.0,0.0
104,0,True,oracle_localization,8,1.0,1.0,0.0
105,0,True,random_checkpoint,8,1.0,1.0,0.0
105,0,True,earliest_eligible,8,1.0,1.0,0.0
105,0,True,normalized_quarter,16,1.0,1.0,0.0
105,0,True,normalized_midpoint,32,1.0,,
105,0,True,normalized_three_quarter,48,1.0,1.0,0.0
105,0,True,confidence_low,40,1.0,1.0,0.0
105,0,True,entropy_high,8,1.0,1.0,0.0
105,0,True,mask_ratio,8,1.0,1.0,0.0
105,0,True,oof_state_value,8,1.0,1.0,0.0
105,0,True,oracle_localization,8,1.0,1.0,0.0
106,0,True,random_checkpoint,48,1.0,1.0,0.0
106,0,True,earliest_eligible,8,0.625,0.625,0.0
106,0,True,normalized_quarter,16,0.75,0.875,0.125
106,0,True,normalized_midpoint,32,1.0,,
106,0,True,normalized_three_quarter,48,1.0,1.0,0.0
106,0,True,confidence_low,32,1.0,,
106,0,True,entropy_high,8,0.625,0.625,0.0
106,0,True,mask_ratio,8,0.625,0.625,0.0
106,0,True,oof_state_value,16,0.75,0.875,0.125
106,0,True,oracle_localization,16,0.75,0.875,0.125
106,5,False,random_checkpoint,48,0.0,0.0,0.0
106,5,False,earliest_eligible,8,0.875,0.875,0.0
106,5,False,normalized_quarter,16,0.875,0.625,-0.25
106,5,False,normalized_midpoint,32,0.0,,
106,5,False,normalized_three_quarter,48,0.0,0.0,0.0
106,5,False,confidence_low,8,0.875,0.875,0.0
106,5,False,entropy_high,8,0.875,0.875,0.0
106,5,False,mask_ratio,8,0.875,0.875,0.0
106,5,False,oof_state_value,16,0.875,0.625,-0.25
106,5,False,oracle_localization,8,0.875,0.875,0.0
107,0,True,random_checkpoint,16,1.0,1.0,0.0
107,0,True,earliest_eligible,8,1.0,1.0,0.0
107,0,True,normalized_quarter,16,1.0,1.0,0.0
107,0,True,normalized_midpoint,32,1.0,,
107,0,True,normalized_three_quarter,48,1.0,1.0,0.0
107,0,True,confidence_low,24,1.0,1.0,0.0
107,0,True,entropy_high,8,1.0,1.0,0.0
107,0,True,mask_ratio,8,1.0,1.0,0.0
107,0,True,oof_state_value,8,1.0,1.0,0.0
107,0,True,oracle_localization,8,1.0,1.0,0.0
108,0,True,random_checkpoint,56,1.0,1.0,0.0
108,0,True,earliest_eligible,8,0.75,0.75,0.0
108,0,True,normalized_quarter,16,0.625,0.625,0.0
108,0,True,normalized_midpoint,32,1.0,,
108,0,True,normalized_three_quarter,48,1.0,1.0,0.0
108,0,True,confidence_low,8,0.75,0.75,0.0
108,0,True,entropy_high,8,0.75,0.75,0.0
108,0,True,mask_ratio,8,0.75,0.75,0.0
108,0,True,oof_state_value,16,0.625,0.625,0.0
108,0,True,oracle_localization,16,0.625,0.625,0.0
108,3,False,random_checkpoint,32,0.0,,
108,3,False,earliest_eligible,8,0.125,0.125,0.0
108,3,False,normalized_quarter,16,0.625,0.625,0.0
108,3,False,normalized_midpoint,32,0.0,,
108,3,False,normalized_three_quarter,48,0.0,0.0,0.0
108,3,False,confidence_low,32,0.0,,
108,3,False,entropy_high,8,0.125,0.125,0.0
108,3,False,mask_ratio,8,0.125,0.125,0.0
108,3,False,oof_state_value,16,0.625,0.625,0.0
108,3,False,oracle_localization,8,0.125,0.125,0.0
109,0,True,random_checkpoint,24,1.0,1.0,0.0
109,0,True,earliest_eligible,8,1.0,1.0,0.0
109,0,True,normalized_quarter,16,1.0,1.0,0.0
109,0,True,normalized_midpoint,32,1.0,,
109,0,True,normalized_three_quarter,48,1.0,1.0,0.0
109,0,True,confidence_low,16,1.0,1.0,0.0
109,0,True,entropy_high,8,1.0,1.0,0.0
109,0,True,mask_ratio,8,1.0,1.0,0.0
109,0,True,oof_state_value,8,1.0,1.0,0.0
109,0,True,oracle_localization,8,1.0,1.0,0.0
110,0,False,random_checkpoint,56,0.0,0.0,0.0
110,0,False,earliest_eligible,8,0.25,0.25,0.0
110,0,False,normalized_quarter,16,0.0,0.0,0.0
110,0,False,normalized_midpoint,32,0.0,,
110,0,False,normalized_three_quarter,48,0.0,0.0,0.0
110,0,False,confidence_low,32,0.0,,
110,0,False,entropy_high,8,0.25,0.25,0.0
110,0,False,mask_ratio,8,0.25,0.25,0.0
110,0,False,oof_state_value,8,0.25,0.25,0.0
110,0,False,oracle_localization,8,0.25,0.25,0.0
110,1,True,random_checkpoint,16,1.0,0.125,-0.875
110,1,True,earliest_eligible,8,0.5,0.125,-0.375
110,1,True,normalized_quarter,16,1.0,0.125,-0.875
110,1,True,normalized_midpoint,32,1.0,,
110,1,True,normalized_three_quarter,48,1.0,1.0,0.0
110,1,True,confidence_low,16,1.0,0.125,-0.875
110,1,True,entropy_high,8,0.5,0.125,-0.375
110,1,True,mask_ratio,8,0.5,0.125,-0.375
110,1,True,oof_state_value,8,0.5,0.125,-0.375
110,1,True,oracle_localization,24,1.0,1.0,0.0
111,0,True,random_checkpoint,24,1.0,1.0,0.0
111,0,True,earliest_eligible,8,1.0,1.0,0.0
111,0,True,normalized_quarter,16,1.0,1.0,0.0
111,0,True,normalized_midpoint,32,1.0,,
111,0,True,normalized_three_quarter,48,1.0,1.0,0.0
111,0,True,confidence_low,32,1.0,,
111,0,True,entropy_high,8,1.0,1.0,0.0
111,0,True,mask_ratio,8,1.0,1.0,0.0
111,0,True,oof_state_value,8,1.0,1.0,0.0
111,0,True,oracle_localization,8,1.0,1.0,0.0
112,0,False,random_checkpoint,16,0.875,0.875,0.0
112,0,False,earliest_eligible,8,0.875,0.75,-0.125
112,0,False,normalized_quarter,16,0.875,0.875,0.0
112,0,False,normalized_midpoint,32,0.0,,
112,0,False,normalized_three_quarter,48,0.0,0.0,0.0
112,0,False,confidence_low,8,0.875,0.75,-0.125
112,0,False,entropy_high,8,0.875,0.75,-0.125
112,0,False,mask_ratio,8,0.875,0.75,-0.125
112,0,False,oof_state_value,40,0.0,0.0,0.0
112,0,False,oracle_localization,8,0.875,0.75,-0.125
112,1,True,random_checkpoint,48,1.0,1.0,0.0
112,1,True,earliest_eligible,8,0.375,0.375,0.0
112,1,True,normalized_quarter,16,0.5,0.625,0.125
112,1,True,normalized_midpoint,32,1.0,,
112,1,True,normalized_three_quarter,48,1.0,1.0,0.0
112,1,True,confidence_low,8,0.375,0.375,0.0
112,1,True,entropy_high,8,0.375,0.375,0.0
112,1,True,mask_ratio,8,0.375,0.375,0.0
112,1,True,oof_state_value,16,0.5,0.625,0.125
112,1,True,oracle_localization,24,0.25,0.875,0.625
113,0,True,random_checkpoint,48,1.0,1.0,0.0
113,0,True,earliest_eligible,8,1.0,1.0,0.0
113,0,True,normalized_quarter,16,1.0,1.0,0.0
113,0,True,normalized_midpoint,32,1.0,,
113,0,True,normalized_three_quarter,48,1.0,1.0,0.0
113,0,True,confidence_low,8,1.0,1.0,0.0
113,0,True,entropy_high,8,1.0,1.0,0.0
113,0,True,mask_ratio,8,1.0,1.0,0.0
113,0,True,oof_state_value,16,1.0,1.0,0.0
113,0,True,oracle_localization,8,1.0,1.0,0.0
114,0,True,random_checkpoint,32,1.0,,
114,0,True,earliest_eligible,8,1.0,1.0,0.0
114,0,True,normalized_quarter,16,1.0,1.0,0.0
114,0,True,normalized_midpoint,32,1.0,,
114,0,True,normalized_three_quarter,48,1.0,1.0,0.0
114,0,True,confidence_low,32,1.0,,
114,0,True,entropy_high,8,1.0,1.0,0.0
114,0,True,mask_ratio,8,1.0,1.0,0.0
114,0,True,oof_state_value,8,1.0,1.0,0.0
114,0,True,oracle_localization,8,1.0,1.0,0.0
115,0,False,random_checkpoint,56,0.0,0.0,0.0
115,0,False,earliest_eligible,8,0.125,0.0,-0.125
115,0,False,normalized_quarter,16,0.25,0.25,0.0
115,0,False,normalized_midpoint,32,0.0,,
115,0,False,normalized_three_quarter,48,0.0,0.0,0.0
115,0,False,confidence_low,8,0.125,0.0,-0.125
115,0,False,entropy_high,8,0.125,0.0,-0.125
115,0,False,mask_ratio,8,0.125,0.0,-0.125
115,0,False,oof_state_value,16,0.25,0.25,0.0
115,0,False,oracle_localization,8,0.125,0.0,-0.125
116,0,True,random_checkpoint,56,1.0,1.0,0.0
116,0,True,earliest_eligible,8,1.0,1.0,0.0
116,0,True,normalized_quarter,16,1.0,1.0,0.0
116,0,True,normalized_midpoint,32,1.0,,
116,0,True,normalized_three_quarter,48,1.0,1.0,0.0
116,0,True,confidence_low,8,1.0,1.0,0.0
116,0,True,entropy_high,8,1.0,1.0,0.0
116,0,True,mask_ratio,8,1.0,1.0,0.0
116,0,True,oof_state_value,16,1.0,1.0,0.0
116,0,True,oracle_localization,8,1.0,1.0,0.0
117,0,True,random_checkpoint,16,1.0,1.0,0.0
117,0,True,earliest_eligible,8,1.0,1.0,0.0
117,0,True,normalized_quarter,16,1.0,1.0,0.0
117,0,True,normalized_midpoint,32,1.0,,
117,0,True,normalized_three_quarter,48,1.0,1.0,0.0
117,0,True,confidence_low,8,1.0,1.0,0.0
117,0,True,entropy_high,8,1.0,1.0,0.0
117,0,True,mask_ratio,8,1.0,1.0,0.0
117,0,True,oof_state_value,8,1.0,1.0,0.0
117,0,True,oracle_localization,8,1.0,1.0,0.0
118,0,True,random_checkpoint,8,0.625,1.0,0.375
118,0,True,earliest_eligible,8,0.625,1.0,0.375
118,0,True,normalized_quarter,16,1.0,1.0,0.0
118,0,True,normalized_midpoint,32,1.0,,
118,0,True,normalized_three_quarter,48,1.0,1.0,0.0
118,0,True,confidence_low,8,0.625,1.0,0.375
118,0,True,entropy_high,8,0.625,1.0,0.375
118,0,True,mask_ratio,8,0.625,1.0,0.375
118,0,True,oof_state_value,16,1.0,1.0,0.0
118,0,True,oracle_localization,8,0.625,1.0,0.375
118,7,False,random_checkpoint,16,0.875,0.125,-0.75
118,7,False,earliest_eligible,8,0.875,1.0,0.125
118,7,False,normalized_quarter,16,0.875,0.125,-0.75
118,7,False,normalized_midpoint,32,0.0,,
118,7,False,normalized_three_quarter,48,0.0,0.0,0.0
118,7,False,confidence_low,8,0.875,1.0,0.125
118,7,False,entropy_high,8,0.875,1.0,0.125
118,7,False,mask_ratio,8,0.875,1.0,0.125
118,7,False,oof_state_value,16,0.875,0.125,-0.75
118,7,False,oracle_localization,8,0.875,1.0,0.125
119,0,True,random_checkpoint,40,1.0,1.0,0.0
119,0,True,earliest_eligible,8,1.0,1.0,0.0
119,0,True,normalized_quarter,16,1.0,1.0,0.0
119,0,True,normalized_midpoint,32,1.0,,
119,0,True,normalized_three_quarter,48,1.0,1.0,0.0
119,0,True,confidence_low,32,1.0,,
119,0,True,entropy_high,8,1.0,1.0,0.0
119,0,True,mask_ratio,8,1.0,1.0,0.0
119,0,True,oof_state_value,16,1.0,1.0,0.0
119,0,True,oracle_localization,8,1.0,1.0,0.0
120,0,True,random_checkpoint,16,1.0,1.0,0.0
120,0,True,earliest_eligible,8,1.0,1.0,0.0
120,0,True,normalized_quarter,16,1.0,1.0,0.0
120,0,True,normalized_midpoint,32,1.0,,
120,0,True,normalized_three_quarter,48,1.0,1.0,0.0
120,0,True,confidence_low,32,1.0,,
120,0,True,entropy_high,8,1.0,1.0,0.0
120,0,True,mask_ratio,8,1.0,1.0,0.0
120,0,True,oof_state_value,8,1.0,1.0,0.0
120,0,True,oracle_localization,8,1.0,1.0,0.0
121,0,True,random_checkpoint,16,0.25,0.25,0.0
121,0,True,earliest_eligible,8,0.375,0.375,0.0
121,0,True,normalized_quarter,16,0.25,0.25,0.0
121,0,True,normalized_midpoint,32,1.0,,
121,0,True,normalized_three_quarter,48,1.0,1.0,0.0
121,0,True,confidence_low,16,0.25,0.25,0.0
121,0,True,entropy_high,8,0.375,0.375,0.0
121,0,True,mask_ratio,8,0.375,0.375,0.0
121,0,True,oof_state_value,8,0.375,0.375,0.0
121,0,True,oracle_localization,40,1.0,1.0,0.0
121,1,False,random_checkpoint,8,0.625,0.625,0.0
121,1,False,earliest_eligible,8,0.625,0.625,0.0
121,1,False,normalized_quarter,16,0.375,0.375,0.0
121,1,False,normalized_midpoint,32,0.0,,
121,1,False,normalized_three_quarter,48,0.0,0.0,0.0
121,1,False,confidence_low,16,0.375,0.375,0.0
121,1,False,entropy_high,8,0.625,0.625,0.0
121,1,False,mask_ratio,8,0.625,0.625,0.0
121,1,False,oof_state_value,8,0.625,0.625,0.0
121,1,False,oracle_localization,16,0.375,0.375,0.0
122,0,True,random_checkpoint,64,1.0,,
122,0,True,earliest_eligible,8,1.0,1.0,0.0
122,0,True,normalized_quarter,16,1.0,0.875,-0.125
122,0,True,normalized_midpoint,32,1.0,,
122,0,True,normalized_three_quarter,48,1.0,1.0,0.0
122,0,True,confidence_low,32,1.0,,
122,0,True,entropy_high,8,1.0,1.0,0.0
122,0,True,mask_ratio,8,1.0,1.0,0.0
122,0,True,oof_state_value,8,1.0,1.0,0.0
122,0,True,oracle_localization,8,1.0,1.0,0.0
123,0,False,random_checkpoint,56,0.0,0.0,0.0
123,0,False,earliest_eligible,8,0.25,0.25,0.0
123,0,False,normalized_quarter,16,0.0,0.75,0.75
123,0,False,normalized_midpoint,32,0.0,,
123,0,False,normalized_three_quarter,48,0.0,0.0,0.0
123,0,False,confidence_low,8,0.25,0.25,0.0
123,0,False,entropy_high,8,0.25,0.25,0.0
123,0,False,mask_ratio,8,0.25,0.25,0.0
123,0,False,oof_state_value,24,0.0,0.0,0.0
123,0,False,oracle_localization,16,0.0,0.75,0.75
123,5,True,random_checkpoint,16,0.375,0.875,0.5
123,5,True,earliest_eligible,8,0.25,0.25,0.0
123,5,True,normalized_quarter,16,0.375,0.875,0.5
123,5,True,normalized_midpoint,32,1.0,,
123,5,True,normalized_three_quarter,48,1.0,1.0,0.0
123,5,True,confidence_low,8,0.25,0.25,0.0
123,5,True,entropy_high,8,0.25,0.25,0.0
123,5,True,mask_ratio,8,0.25,0.25,0.0
123,5,True,oof_state_value,24,1.0,1.0,0.0
123,5,True,oracle_localization,24,1.0,1.0,0.0
124,0,True,random_checkpoint,56,1.0,1.0,0.0
124,0,True,earliest_eligible,8,1.0,1.0,0.0
124,0,True,normalized_quarter,16,1.0,1.0,0.0
124,0,True,normalized_midpoint,32,1.0,,
124,0,True,normalized_three_quarter,48,1.0,1.0,0.0
124,0,True,confidence_low,8,1.0,1.0,0.0
124,0,True,entropy_high,8,1.0,1.0,0.0
124,0,True,mask_ratio,8,1.0,1.0,0.0
124,0,True,oof_state_value,8,1.0,1.0,0.0
124,0,True,oracle_localization,8,1.0,1.0,0.0
125,0,True,random_checkpoint,48,1.0,1.0,0.0
125,0,True,earliest_eligible,8,1.0,1.0,0.0
125,0,True,normalized_quarter,16,1.0,0.875,-0.125
125,0,True,normalized_midpoint,32,1.0,,
125,0,True,normalized_three_quarter,48,1.0,1.0,0.0
125,0,True,confidence_low,24,0.875,0.875,0.0
125,0,True,entropy_high,8,1.0,1.0,0.0
125,0,True,mask_ratio,8,1.0,1.0,0.0
125,0,True,oof_state_value,8,1.0,1.0,0.0
125,0,True,oracle_localization,8,1.0,1.0,0.0
126,0,True,random_checkpoint,48,1.0,1.0,0.0
126,0,True,earliest_eligible,8,0.875,0.875,0.0
126,0,True,normalized_quarter,16,0.875,0.875,0.0
126,0,True,normalized_midpoint,32,1.0,,
126,0,True,normalized_three_quarter,48,1.0,1.0,0.0
126,0,True,confidence_low,16,0.875,0.875,0.0
126,0,True,entropy_high,8,0.875,0.875,0.0
126,0,True,mask_ratio,8,0.875,0.875,0.0
126,0,True,oof_state_value,8,0.875,0.875,0.0
126,0,True,oracle_localization,16,0.875,0.875,0.0
127,0,True,random_checkpoint,56,1.0,1.0,0.0
127,0,True,earliest_eligible,8,1.0,1.0,0.0
127,0,True,normalized_quarter,16,0.875,0.75,-0.125
127,0,True,normalized_midpoint,32,1.0,,
127,0,True,normalized_three_quarter,48,1.0,1.0,0.0
127,0,True,confidence_low,16,0.875,0.75,-0.125
127,0,True,entropy_high,8,1.0,1.0,0.0
127,0,True,mask_ratio,8,1.0,1.0,0.0
127,0,True,oof_state_value,8,1.0,1.0,0.0
127,0,True,oracle_localization,8,1.0,1.0,0.0
127,2,False,random_checkpoint,48,0.0,0.0,0.0
127,2,False,earliest_eligible,8,0.875,0.875,0.0
127,2,False,normalized_quarter,16,0.875,0.875,0.0
127,2,False,normalized_midpoint,32,0.0,,
127,2,False,normalized_three_quarter,48,0.0,0.0,0.0
127,2,False,confidence_low,16,0.875,0.875,0.0
127,2,False,entropy_high,8,0.875,0.875,0.0
127,2,False,mask_ratio,8,0.875,0.875,0.0
127,2,False,oof_state_value,8,0.875,0.875,0.0
127,2,False,oracle_localization,8,0.875,0.875,0.0
128,0,True,random_checkpoint,32,1.0,,
128,0,True,earliest_eligible,8,1.0,0.875,-0.125
128,0,True,normalized_quarter,16,1.0,1.0,0.0
128,0,True,normalized_midpoint,32,1.0,,
128,0,True,normalized_three_quarter,48,1.0,1.0,0.0
128,0,True,confidence_low,24,1.0,1.0,0.0
128,0,True,entropy_high,8,1.0,0.875,-0.125
128,0,True,mask_ratio,8,1.0,0.875,-0.125
128,0,True,oof_state_value,16,1.0,1.0,0.0
128,0,True,oracle_localization,8,1.0,0.875,-0.125
129,0,True,random_checkpoint,48,1.0,1.0,0.0
129,0,True,earliest_eligible,8,1.0,1.0,0.0
129,0,True,normalized_quarter,16,1.0,1.0,0.0
129,0,True,normalized_midpoint,32,1.0,,
129,0,True,normalized_three_quarter,48,1.0,1.0,0.0
129,0,True,confidence_low,8,1.0,1.0,0.0
129,0,True,entropy_high,8,1.0,1.0,0.0
129,0,True,mask_ratio,8,1.0,1.0,0.0
129,0,True,oof_state_value,16,1.0,1.0,0.0
129,0,True,oracle_localization,8,1.0,1.0,0.0
130,0,True,random_checkpoint,8,0.25,0.25,0.0
130,0,True,earliest_eligible,8,0.25,0.25,0.0
130,0,True,normalized_quarter,16,0.75,1.0,0.25
130,0,True,normalized_midpoint,32,1.0,,
130,0,True,normalized_three_quarter,48,1.0,1.0,0.0
130,0,True,confidence_low,8,0.25,0.25,0.0
130,0,True,entropy_high,8,0.25,0.25,0.0
130,0,True,mask_ratio,8,0.25,0.25,0.0
130,0,True,oof_state_value,16,0.75,1.0,0.25
130,0,True,oracle_localization,40,1.0,1.0,0.0
130,1,False,random_checkpoint,32,0.0,,
130,1,False,earliest_eligible,8,0.25,0.5,0.25
130,1,False,normalized_quarter,16,0.125,0.5,0.375
130,1,False,normalized_midpoint,32,0.0,,
130,1,False,normalized_three_quarter,48,0.0,0.0,0.0
130,1,False,confidence_low,8,0.25,0.5,0.25
130,1,False,entropy_high,8,0.25,0.5,0.25
130,1,False,mask_ratio,8,0.25,0.5,0.25
130,1,False,oof_state_value,16,0.125,0.5,0.375
130,1,False,oracle_localization,16,0.125,0.5,0.375
131,0,False,random_checkpoint,8,0.625,0.5,-0.125
131,0,False,earliest_eligible,8,0.625,0.5,-0.125
131,0,False,normalized_quarter,16,0.875,0.875,0.0
131,0,False,normalized_midpoint,32,0.0,,
131,0,False,normalized_three_quarter,48,0.0,0.0,0.0
131,0,False,confidence_low,16,0.875,0.875,0.0
131,0,False,entropy_high,16,0.875,0.875,0.0
131,0,False,mask_ratio,8,0.625,0.5,-0.125
131,0,False,oof_state_value,8,0.625,0.5,-0.125
131,0,False,oracle_localization,16,0.875,0.875,0.0
131,1,True,random_checkpoint,64,1.0,,
131,1,True,earliest_eligible,8,0.625,0.5,-0.125
131,1,True,normalized_quarter,16,0.875,0.875,0.0
131,1,True,normalized_midpoint,32,1.0,,
131,1,True,normalized_three_quarter,48,1.0,1.0,0.0
131,1,True,confidence_low,16,0.875,0.875,0.0
131,1,True,entropy_high,16,0.875,0.875,0.0
131,1,True,mask_ratio,8,0.625,0.5,-0.125
131,1,True,oof_state_value,8,0.625,0.5,-0.125
131,1,True,oracle_localization,24,0.875,0.875,0.0
132,0,True,random_checkpoint,64,1.0,,
132,0,True,earliest_eligible,8,1.0,1.0,0.0
132,0,True,normalized_quarter,16,1.0,1.0,0.0
132,0,True,normalized_midpoint,32,1.0,,
132,0,True,normalized_three_quarter,48,1.0,1.0,0.0
132,0,True,confidence_low,8,1.0,1.0,0.0
132,0,True,entropy_high,8,1.0,1.0,0.0
132,0,True,mask_ratio,8,1.0,1.0,0.0
132,0,True,oof_state_value,8,1.0,1.0,0.0
132,0,True,oracle_localization,8,1.0,1.0,0.0
133,0,True,random_checkpoint,8,0.875,0.875,0.0
133,0,True,earliest_eligible,8,0.875,0.875,0.0
133,0,True,normalized_quarter,16,1.0,1.0,0.0
133,0,True,normalized_midpoint,32,1.0,,
133,0,True,normalized_three_quarter,48,1.0,1.0,0.0
133,0,True,confidence_low,32,1.0,,
133,0,True,entropy_high,8,0.875,0.875,0.0
133,0,True,mask_ratio,8,0.875,0.875,0.0
133,0,True,oof_state_value,8,0.875,0.875,0.0
133,0,True,oracle_localization,8,0.875,0.875,0.0
133,3,False,random_checkpoint,40,0.0,0.0,0.0
133,3,False,earliest_eligible,8,0.875,0.875,0.0
133,3,False,normalized_quarter,16,0.875,0.875,0.0
133,3,False,normalized_midpoint,32,0.0,,
133,3,False,normalized_three_quarter,48,0.0,0.0,0.0
133,3,False,confidence_low,32,0.0,,
133,3,False,entropy_high,8,0.875,0.875,0.0
133,3,False,mask_ratio,8,0.875,0.875,0.0
133,3,False,oof_state_value,8,0.875,0.875,0.0
133,3,False,oracle_localization,16,0.875,0.875,0.0
134,0,True,random_checkpoint,8,1.0,1.0,0.0
134,0,True,earliest_eligible,8,1.0,1.0,0.0
134,0,True,normalized_quarter,16,1.0,1.0,0.0
134,0,True,normalized_midpoint,32,1.0,,
134,0,True,normalized_three_quarter,48,1.0,1.0,0.0
134,0,True,confidence_low,32,1.0,,
134,0,True,entropy_high,8,1.0,1.0,0.0
134,0,True,mask_ratio,8,1.0,1.0,0.0
134,0,True,oof_state_value,8,1.0,1.0,0.0
134,0,True,oracle_localization,8,1.0,1.0,0.0
135,0,True,random_checkpoint,40,1.0,1.0,0.0
135,0,True,earliest_eligible,8,1.0,1.0,0.0
135,0,True,normalized_quarter,16,1.0,1.0,0.0
135,0,True,normalized_midpoint,32,1.0,,
135,0,True,normalized_three_quarter,48,1.0,1.0,0.0
135,0,True,confidence_low,8,1.0,1.0,0.0
135,0,True,entropy_high,8,1.0,1.0,0.0
135,0,True,mask_ratio,8,1.0,1.0,0.0
135,0,True,oof_state_value,24,1.0,1.0,0.0
135,0,True,oracle_localization,8,1.0,1.0,0.0
136,0,False,random_checkpoint,64,0.0,,
136,0,False,earliest_eligible,8,0.0,0.125,0.125
136,0,False,normalized_quarter,16,0.125,0.125,0.0
136,0,False,normalized_midpoint,32,0.0,,
136,0,False,normalized_three_quarter,48,0.0,0.0,0.0
136,0,False,confidence_low,8,0.0,0.125,0.125
136,0,False,entropy_high,8,0.0,0.125,0.125
136,0,False,mask_ratio,8,0.0,0.125,0.125
136,0,False,oof_state_value,16,0.125,0.125,0.0
136,0,False,oracle_localization,8,0.0,0.125,0.125
136,1,True,random_checkpoint,16,0.25,0.375,0.125
136,1,True,earliest_eligible,8,0.625,0.625,0.0
136,1,True,normalized_quarter,16,0.25,0.375,0.125
136,1,True,normalized_midpoint,32,1.0,,
136,1,True,normalized_three_quarter,48,1.0,1.0,0.0
136,1,True,confidence_low,8,0.625,0.625,0.0
136,1,True,entropy_high,8,0.625,0.625,0.0
136,1,True,mask_ratio,8,0.625,0.625,0.0
136,1,True,oof_state_value,16,0.25,0.375,0.125
136,1,True,oracle_localization,40,1.0,1.0,0.0
137,0,True,random_checkpoint,16,0.75,1.0,0.25
137,0,True,earliest_eligible,8,0.625,0.75,0.125
137,0,True,normalized_quarter,16,0.75,1.0,0.25
137,0,True,normalized_midpoint,32,1.0,,
137,0,True,normalized_three_quarter,48,1.0,1.0,0.0
137,0,True,confidence_low,8,0.625,0.75,0.125
137,0,True,entropy_high,8,0.625,0.75,0.125
137,0,True,mask_ratio,8,0.625,0.75,0.125
137,0,True,oof_state_value,16,0.75,1.0,0.25
137,0,True,oracle_localization,16,0.75,1.0,0.25
138,0,True,random_checkpoint,32,1.0,,
138,0,True,earliest_eligible,8,1.0,1.0,0.0
138,0,True,normalized_quarter,16,1.0,1.0,0.0
138,0,True,normalized_midpoint,32,1.0,,
138,0,True,normalized_three_quarter,48,1.0,1.0,0.0
138,0,True,confidence_low,32,1.0,,
138,0,True,entropy_high,8,1.0,1.0,0.0
138,0,True,mask_ratio,8,1.0,1.0,0.0
138,0,True,oof_state_value,8,1.0,1.0,0.0
138,0,True,oracle_localization,8,1.0,1.0,0.0
139,0,True,random_checkpoint,16,1.0,1.0,0.0
139,0,True,earliest_eligible,8,1.0,1.0,0.0
139,0,True,normalized_quarter,16,1.0,1.0,0.0
139,0,True,normalized_midpoint,32,1.0,,
139,0,True,normalized_three_quarter,48,1.0,1.0,0.0
139,0,True,confidence_low,8,1.0,1.0,0.0
139,0,True,entropy_high,8,1.0,1.0,0.0
139,0,True,mask_ratio,8,1.0,1.0,0.0
139,0,True,oof_state_value,8,1.0,1.0,0.0
139,0,True,oracle_localization,8,1.0,1.0,0.0
140,0,True,random_checkpoint,24,1.0,1.0,0.0
140,0,True,earliest_eligible,8,1.0,1.0,0.0
140,0,True,normalized_quarter,16,1.0,1.0,0.0
140,0,True,normalized_midpoint,32,1.0,,
140,0,True,normalized_three_quarter,48,1.0,1.0,0.0
140,0,True,confidence_low,32,1.0,,
140,0,True,entropy_high,8,1.0,1.0,0.0
140,0,True,mask_ratio,8,1.0,1.0,0.0
140,0,True,oof_state_value,8,1.0,1.0,0.0
140,0,True,oracle_localization,8,1.0,1.0,0.0
140,4,False,random_checkpoint,24,1.0,1.0,0.0
140,4,False,earliest_eligible,8,0.875,0.875,0.0
140,4,False,normalized_quarter,16,1.0,1.0,0.0
140,4,False,normalized_midpoint,32,0.0,,
140,4,False,normalized_three_quarter,48,0.0,0.0,0.0
140,4,False,confidence_low,32,0.0,,
140,4,False,entropy_high,8,0.875,0.875,0.0
140,4,False,mask_ratio,8,0.875,0.875,0.0
140,4,False,oof_state_value,8,0.875,0.875,0.0
140,4,False,oracle_localization,16,1.0,1.0,0.0
141,0,False,random_checkpoint,8,0.5,0.5,0.0
141,0,False,earliest_eligible,8,0.5,0.5,0.0
141,0,False,normalized_quarter,16,0.25,0.375,0.125
141,0,False,normalized_midpoint,32,0.0,,
141,0,False,normalized_three_quarter,48,0.0,0.0,0.0
141,0,False,confidence_low,32,0.0,,
141,0,False,entropy_high,8,0.5,0.5,0.0
141,0,False,mask_ratio,8,0.5,0.5,0.0
141,0,False,oof_state_value,24,0.125,0.0,-0.125
141,0,False,oracle_localization,8,0.5,0.5,0.0
141,3,True,random_checkpoint,40,1.0,1.0,0.0
141,3,True,earliest_eligible,8,0.125,0.0,-0.125
141,3,True,normalized_quarter,16,0.125,0.125,0.0
141,3,True,normalized_midpoint,32,1.0,,
141,3,True,normalized_three_quarter,48,1.0,1.0,0.0
141,3,True,confidence_low,32,1.0,,
141,3,True,entropy_high,8,0.125,0.0,-0.125
141,3,True,mask_ratio,8,0.125,0.0,-0.125
141,3,True,oof_state_value,24,0.25,0.125,-0.125
141,3,True,oracle_localization,40,1.0,1.0,0.0
142,0,True,random_checkpoint,16,1.0,1.0,0.0
142,0,True,earliest_eligible,8,1.0,1.0,0.0
142,0,True,normalized_quarter,16,1.0,1.0,0.0
142,0,True,normalized_midpoint,32,1.0,,
142,0,True,normalized_three_quarter,48,1.0,1.0,0.0
142,0,True,confidence_low,8,1.0,1.0,0.0
142,0,True,entropy_high,8,1.0,1.0,0.0
142,0,True,mask_ratio,8,1.0,1.0,0.0
142,0,True,oof_state_value,16,1.0,1.0,0.0
142,0,True,oracle_localization,8,1.0,1.0,0.0
143,0,True,random_checkpoint,56,1.0,1.0,0.0
143,0,True,earliest_eligible,8,1.0,1.0,0.0
143,0,True,normalized_quarter,16,1.0,0.875,-0.125
143,0,True,normalized_midpoint,32,1.0,,
143,0,True,normalized_three_quarter,48,1.0,1.0,0.0
143,0,True,confidence_low,40,1.0,1.0,0.0
143,0,True,entropy_high,8,1.0,1.0,0.0
143,0,True,mask_ratio,8,1.0,1.0,0.0
143,0,True,oof_state_value,8,1.0,1.0,0.0
143,0,True,oracle_localization,16,1.0,0.875,-0.125
144,0,True,random_checkpoint,56,1.0,1.0,0.0
144,0,True,earliest_eligible,8,1.0,1.0,0.0
144,0,True,normalized_quarter,16,1.0,1.0,0.0
144,0,True,normalized_midpoint,32,1.0,,
144,0,True,normalized_three_quarter,48,1.0,1.0,0.0
144,0,True,confidence_low,8,1.0,1.0,0.0
144,0,True,entropy_high,8,1.0,1.0,0.0
144,0,True,mask_ratio,8,1.0,1.0,0.0
144,0,True,oof_state_value,8,1.0,1.0,0.0
144,0,True,oracle_localization,8,1.0,1.0,0.0
145,0,True,random_checkpoint,40,1.0,1.0,0.0
145,0,True,earliest_eligible,8,1.0,1.0,0.0
145,0,True,normalized_quarter,16,1.0,0.875,-0.125
145,0,True,normalized_midpoint,32,1.0,,
145,0,True,normalized_three_quarter,48,1.0,1.0,0.0
145,0,True,confidence_low,24,1.0,1.0,0.0
145,0,True,entropy_high,8,1.0,1.0,0.0
145,0,True,mask_ratio,8,1.0,1.0,0.0
145,0,True,oof_state_value,8,1.0,1.0,0.0
145,0,True,oracle_localization,8,1.0,1.0,0.0
146,0,True,random_checkpoint,64,1.0,,
146,0,True,earliest_eligible,8,0.0,0.0,0.0
146,0,True,normalized_quarter,16,0.5,0.375,-0.125
146,0,True,normalized_midpoint,32,1.0,,
146,0,True,normalized_three_quarter,48,1.0,1.0,0.0
146,0,True,confidence_low,16,0.5,0.375,-0.125
146,0,True,entropy_high,8,0.0,0.0,0.0
146,0,True,mask_ratio,8,0.0,0.0,0.0
146,0,True,oof_state_value,8,0.0,0.0,0.0
146,0,True,oracle_localization,24,0.875,0.75,-0.125
146,1,False,random_checkpoint,24,0.0,0.0,0.0
146,1,False,earliest_eligible,8,0.0,0.25,0.25
146,1,False,normalized_quarter,16,0.0,0.25,0.25
146,1,False,normalized_midpoint,32,0.0,,
146,1,False,normalized_three_quarter,48,0.0,0.0,0.0
146,1,False,confidence_low,32,0.0,,
146,1,False,entropy_high,8,0.0,0.25,0.25
146,1,False,mask_ratio,8,0.0,0.25,0.25
146,1,False,oof_state_value,8,0.0,0.25,0.25
146,1,False,oracle_localization,8,0.0,0.25,0.25
147,0,True,random_checkpoint,32,1.0,,
147,0,True,earliest_eligible,8,1.0,1.0,0.0
147,0,True,normalized_quarter,16,1.0,1.0,0.0
147,0,True,normalized_midpoint,32,1.0,,
147,0,True,normalized_three_quarter,48,1.0,1.0,0.0
147,0,True,confidence_low,32,1.0,,
147,0,True,entropy_high,56,1.0,1.0,0.0
147,0,True,mask_ratio,8,1.0,1.0,0.0
147,0,True,oof_state_value,8,1.0,1.0,0.0
147,0,True,oracle_localization,8,1.0,1.0,0.0
148,0,True,random_checkpoint,16,1.0,1.0,0.0
148,0,True,earliest_eligible,8,0.5,0.125,-0.375
148,0,True,normalized_quarter,16,1.0,1.0,0.0
148,0,True,normalized_midpoint,32,1.0,,
148,0,True,normalized_three_quarter,48,1.0,1.0,0.0
148,0,True,confidence_low,8,0.5,0.125,-0.375
148,0,True,entropy_high,8,0.5,0.125,-0.375
148,0,True,mask_ratio,8,0.5,0.125,-0.375
148,0,True,oof_state_value,40,1.0,1.0,0.0
148,0,True,oracle_localization,16,1.0,1.0,0.0
148,2,False,random_checkpoint,16,0.875,0.875,0.0
148,2,False,earliest_eligible,8,0.0,0.0,0.0
148,2,False,normalized_quarter,16,0.875,0.875,0.0
148,2,False,normalized_midpoint,32,0.0,,
148,2,False,normalized_three_quarter,48,0.0,0.0,0.0
148,2,False,confidence_low,32,0.0,,
148,2,False,entropy_high,8,0.0,0.0,0.0
148,2,False,mask_ratio,8,0.0,0.0,0.0
148,2,False,oof_state_value,16,0.875,0.875,0.0
148,2,False,oracle_localization,24,0.5,0.5,0.0
149,0,True,random_checkpoint,56,1.0,1.0,0.0
149,0,True,earliest_eligible,8,1.0,1.0,0.0
149,0,True,normalized_quarter,16,1.0,1.0,0.0
149,0,True,normalized_midpoint,32,1.0,,
149,0,True,normalized_three_quarter,48,1.0,1.0,0.0
149,0,True,confidence_low,32,1.0,,
149,0,True,entropy_high,8,1.0,1.0,0.0
149,0,True,mask_ratio,8,1.0,1.0,0.0
149,0,True,oof_state_value,8,1.0,1.0,0.0
149,0,True,oracle_localization,8,1.0,1.0,0.0
150,0,False,random_checkpoint,8,0.0,0.0,0.0
150,0,False,earliest_eligible,8,0.0,0.0,0.0
150,0,False,normalized_quarter,16,0.0,0.0,0.0
150,0,False,normalized_midpoint,32,0.0,,
150,0,False,normalized_three_quarter,48,0.0,0.0,0.0
150,0,False,confidence_low,32,0.0,,
150,0,False,entropy_high,8,0.0,0.0,0.0
150,0,False,mask_ratio,8,0.0,0.0,0.0
150,0,False,oof_state_value,8,0.0,0.0,0.0
150,0,False,oracle_localization,8,0.0,0.0,0.0
151,0,True,random_checkpoint,64,1.0,,
151,0,True,earliest_eligible,8,1.0,1.0,0.0
151,0,True,normalized_quarter,16,1.0,1.0,0.0
151,0,True,normalized_midpoint,32,1.0,,
151,0,True,normalized_three_quarter,48,1.0,1.0,0.0
151,0,True,confidence_low,24,1.0,1.0,0.0
151,0,True,entropy_high,8,1.0,1.0,0.0
151,0,True,mask_ratio,8,1.0,1.0,0.0
151,0,True,oof_state_value,8,1.0,1.0,0.0
151,0,True,oracle_localization,8,1.0,1.0,0.0
152,0,True,random_checkpoint,8,1.0,1.0,0.0
152,0,True,earliest_eligible,8,1.0,1.0,0.0
152,0,True,normalized_quarter,16,1.0,1.0,0.0
152,0,True,normalized_midpoint,32,1.0,,
152,0,True,normalized_three_quarter,48,1.0,1.0,0.0
152,0,True,confidence_low,40,1.0,1.0,0.0
152,0,True,entropy_high,8,1.0,1.0,0.0
152,0,True,mask_ratio,8,1.0,1.0,0.0
152,0,True,oof_state_value,8,1.0,1.0,0.0
152,0,True,oracle_localization,8,1.0,1.0,0.0
153,0,False,random_checkpoint,40,0.0,0.0,0.0
153,0,False,earliest_eligible,8,0.125,0.125,0.0
153,0,False,normalized_quarter,16,0.0,0.0,0.0
153,0,False,normalized_midpoint,32,0.0,,
153,0,False,normalized_three_quarter,48,0.0,0.0,0.0
153,0,False,confidence_low,8,0.125,0.125,0.0
153,0,False,entropy_high,8,0.125,0.125,0.0
153,0,False,mask_ratio,8,0.125,0.125,0.0
153,0,False,oof_state_value,40,0.0,0.0,0.0
153,0,False,oracle_localization,8,0.125,0.125,0.0
153,5,True,random_checkpoint,8,1.0,1.0,0.0
153,5,True,earliest_eligible,8,1.0,1.0,0.0
153,5,True,normalized_quarter,16,1.0,1.0,0.0
153,5,True,normalized_midpoint,32,1.0,,
153,5,True,normalized_three_quarter,48,1.0,1.0,0.0
153,5,True,confidence_low,16,1.0,1.0,0.0
153,5,True,entropy_high,8,1.0,1.0,0.0
153,5,True,mask_ratio,8,1.0,1.0,0.0
153,5,True,oof_state_value,24,1.0,1.0,0.0
153,5,True,oracle_localization,8,1.0,1.0,0.0
154,0,True,random_checkpoint,24,1.0,1.0,0.0
154,0,True,earliest_eligible,8,0.625,0.625,0.0
154,0,True,normalized_quarter,16,1.0,1.0,0.0
154,0,True,normalized_midpoint,32,1.0,,
154,0,True,normalized_three_quarter,48,1.0,1.0,0.0
154,0,True,confidence_low,16,1.0,1.0,0.0
154,0,True,entropy_high,8,0.625,0.625,0.0
154,0,True,mask_ratio,8,0.625,0.625,0.0
154,0,True,oof_state_value,24,1.0,1.0,0.0
154,0,True,oracle_localization,24,1.0,1.0,0.0
155,0,True,random_checkpoint,16,1.0,1.0,0.0
155,0,True,earliest_eligible,8,1.0,1.0,0.0
155,0,True,normalized_quarter,16,1.0,1.0,0.0
155,0,True,normalized_midpoint,32,1.0,,
155,0,True,normalized_three_quarter,48,1.0,1.0,0.0
155,0,True,confidence_low,16,1.0,1.0,0.0
155,0,True,entropy_high,8,1.0,1.0,0.0
155,0,True,mask_ratio,8,1.0,1.0,0.0
155,0,True,oof_state_value,24,0.875,1.0,0.125
155,0,True,oracle_localization,8,1.0,1.0,0.0
155,4,False,random_checkpoint,32,0.0,,
155,4,False,earliest_eligible,8,0.75,1.0,0.25
155,4,False,normalized_quarter,16,0.25,0.625,0.375
155,4,False,normalized_midpoint,32,0.0,,
155,4,False,normalized_three_quarter,48,0.0,0.0,0.0
155,4,False,confidence_low,16,0.25,0.625,0.375
155,4,False,entropy_high,8,0.75,1.0,0.25
155,4,False,mask_ratio,8,0.75,1.0,0.25
155,4,False,oof_state_value,8,0.75,1.0,0.25
155,4,False,oracle_localization,8,0.75,1.0,0.25
156,0,True,random_checkpoint,56,1.0,1.0,0.0
156,0,True,earliest_eligible,8,1.0,1.0,0.0
156,0,True,normalized_quarter,16,1.0,1.0,0.0
156,0,True,normalized_midpoint,32,1.0,,
156,0,True,normalized_three_quarter,48,1.0,1.0,0.0
156,0,True,confidence_low,24,1.0,1.0,0.0
156,0,True,entropy_high,8,1.0,1.0,0.0
156,0,True,mask_ratio,8,1.0,1.0,0.0
156,0,True,oof_state_value,8,1.0,1.0,0.0
156,0,True,oracle_localization,8,1.0,1.0,0.0
157,0,True,random_checkpoint,40,1.0,1.0,0.0
157,0,True,earliest_eligible,8,1.0,1.0,0.0
157,0,True,normalized_quarter,16,1.0,1.0,0.0
157,0,True,normalized_midpoint,32,1.0,,
157,0,True,normalized_three_quarter,48,1.0,1.0,0.0
157,0,True,confidence_low,16,1.0,1.0,0.0
157,0,True,entropy_high,8,1.0,1.0,0.0
157,0,True,mask_ratio,8,1.0,1.0,0.0
157,0,True,oof_state_value,8,1.0,1.0,0.0
157,0,True,oracle_localization,8,1.0,1.0,0.0
158,0,True,random_checkpoint,8,1.0,1.0,0.0
158,0,True,earliest_eligible,8,1.0,1.0,0.0
158,0,True,normalized_quarter,16,1.0,1.0,0.0
158,0,True,normalized_midpoint,32,1.0,,
158,0,True,normalized_three_quarter,48,1.0,1.0,0.0
158,0,True,confidence_low,32,1.0,,
158,0,True,entropy_high,8,1.0,1.0,0.0
158,0,True,mask_ratio,8,1.0,1.0,0.0
158,0,True,oof_state_value,8,1.0,1.0,0.0
158,0,True,oracle_localization,8,1.0,1.0,0.0
159,0,True,random_checkpoint,16,1.0,0.25,-0.75
159,0,True,earliest_eligible,8,0.625,0.625,0.0
159,0,True,normalized_quarter,16,1.0,0.25,-0.75
159,0,True,normalized_midpoint,32,1.0,,
159,0,True,normalized_three_quarter,48,1.0,1.0,0.0
159,0,True,confidence_low,32,1.0,,
159,0,True,entropy_high,8,0.625,0.625,0.0
159,0,True,mask_ratio,8,0.625,0.625,0.0
159,0,True,oof_state_value,24,0.875,0.875,0.0
159,0,True,oracle_localization,8,0.625,0.625,0.0
159,3,False,random_checkpoint,8,0.625,0.75,0.125
159,3,False,earliest_eligible,8,0.625,0.75,0.125
159,3,False,normalized_quarter,16,0.625,0.625,0.0
159,3,False,normalized_midpoint,32,0.0,,
159,3,False,normalized_three_quarter,48,0.0,0.0,0.0
159,3,False,confidence_low,32,0.0,,
159,3,False,entropy_high,8,0.625,0.75,0.125
159,3,False,mask_ratio,8,0.625,0.75,0.125
159,3,False,oof_state_value,8,0.625,0.75,0.125
159,3,False,oracle_localization,16,0.625,0.625,0.0
160,0,False,random_checkpoint,40,0.0,0.0,0.0
160,0,False,earliest_eligible,8,0.0,0.0,0.0
160,0,False,normalized_quarter,16,0.0,0.875,0.875
160,0,False,normalized_midpoint,32,0.0,,
160,0,False,normalized_three_quarter,48,0.0,0.0,0.0
160,0,False,confidence_low,24,0.0,0.0,0.0
160,0,False,entropy_high,8,0.0,0.0,0.0
160,0,False,mask_ratio,8,0.0,0.0,0.0
160,0,False,oof_state_value,8,0.0,0.0,0.0
160,0,False,oracle_localization,16,0.0,0.875,0.875
161,0,True,random_checkpoint,64,1.0,,
161,0,True,earliest_eligible,8,1.0,1.0,0.0
161,0,True,normalized_quarter,16,1.0,1.0,0.0
161,0,True,normalized_midpoint,32,1.0,,
161,0,True,normalized_three_quarter,48,1.0,1.0,0.0
161,0,True,confidence_low,32,1.0,,
161,0,True,entropy_high,8,1.0,1.0,0.0
161,0,True,mask_ratio,8,1.0,1.0,0.0
161,0,True,oof_state_value,24,1.0,1.0,0.0
161,0,True,oracle_localization,8,1.0,1.0,0.0
162,0,True,random_checkpoint,56,1.0,1.0,0.0
162,0,True,earliest_eligible,8,0.875,0.875,0.0
162,0,True,normalized_quarter,16,0.875,0.875,0.0
162,0,True,normalized_midpoint,32,1.0,,
162,0,True,normalized_three_quarter,48,1.0,1.0,0.0
162,0,True,confidence_low,32,1.0,,
162,0,True,entropy_high,8,0.875,0.875,0.0
162,0,True,mask_ratio,8,0.875,0.875,0.0
162,0,True,oof_state_value,24,0.75,0.75,0.0
162,0,True,oracle_localization,8,0.875,0.875,0.0
162,1,False,random_checkpoint,56,0.0,0.0,0.0
162,1,False,earliest_eligible,8,1.0,1.0,0.0
162,1,False,normalized_quarter,16,1.0,1.0,0.0
162,1,False,normalized_midpoint,32,0.0,,
162,1,False,normalized_three_quarter,48,0.0,0.0,0.0
162,1,False,confidence_low,32,0.0,,
162,1,False,entropy_high,8,1.0,1.0,0.0
162,1,False,mask_ratio,8,1.0,1.0,0.0
162,1,False,oof_state_value,24,0.75,1.0,0.25
162,1,False,oracle_localization,8,1.0,1.0,0.0
163,0,False,random_checkpoint,24,0.0,0.0,0.0
163,0,False,earliest_eligible,8,0.5,0.5,0.0
163,0,False,normalized_quarter,16,0.0,0.375,0.375
163,0,False,normalized_midpoint,32,0.0,,
163,0,False,normalized_three_quarter,48,0.0,0.0,0.0
163,0,False,confidence_low,24,0.0,0.0,0.0
163,0,False,entropy_high,8,0.5,0.5,0.0
163,0,False,mask_ratio,8,0.5,0.5,0.0
163,0,False,oof_state_value,8,0.5,0.5,0.0
163,0,False,oracle_localization,16,0.0,0.375,0.375
163,3,True,random_checkpoint,24,1.0,0.0,-1.0
163,3,True,earliest_eligible,8,0.25,0.5,0.25
163,3,True,normalized_quarter,16,1.0,0.25,-0.75
163,3,True,normalized_midpoint,32,1.0,,
163,3,True,normalized_three_quarter,48,1.0,1.0,0.0
163,3,True,confidence_low,16,1.0,0.25,-0.75
163,3,True,entropy_high,8,0.25,0.5,0.25
163,3,True,mask_ratio,8,0.25,0.5,0.25
163,3,True,oof_state_value,8,0.25,0.5,0.25
163,3,True,oracle_localization,40,1.0,1.0,0.0
164,0,True,random_checkpoint,32,1.0,,
164,0,True,earliest_eligible,8,1.0,1.0,0.0
164,0,True,normalized_quarter,16,1.0,0.875,-0.125
164,0,True,normalized_midpoint,32,1.0,,
164,0,True,normalized_three_quarter,48,1.0,1.0,0.0
164,0,True,confidence_low,8,1.0,1.0,0.0
164,0,True,entropy_high,8,1.0,1.0,0.0
164,0,True,mask_ratio,8,1.0,1.0,0.0
164,0,True,oof_state_value,16,1.0,0.875,-0.125
164,0,True,oracle_localization,8,1.0,1.0,0.0
165,0,True,random_checkpoint,40,1.0,1.0,0.0
165,0,True,earliest_eligible,8,1.0,1.0,0.0
165,0,True,normalized_quarter,16,1.0,0.875,-0.125
165,0,True,normalized_midpoint,32,1.0,,
165,0,True,normalized_three_quarter,48,1.0,1.0,0.0
165,0,True,confidence_low,8,1.0,1.0,0.0
165,0,True,entropy_high,8,1.0,1.0,0.0
165,0,True,mask_ratio,8,1.0,1.0,0.0
165,0,True,oof_state_value,16,1.0,0.875,-0.125
165,0,True,oracle_localization,8,1.0,1.0,0.0
165,6,False,random_checkpoint,8,0.875,1.0,0.125
165,6,False,earliest_eligible,8,0.875,1.0,0.125
165,6,False,normalized_quarter,16,1.0,0.875,-0.125
165,6,False,normalized_midpoint,32,0.0,,
165,6,False,normalized_three_quarter,48,0.0,0.0,0.0
165,6,False,confidence_low,8,0.875,1.0,0.125
165,6,False,entropy_high,8,0.875,1.0,0.125
165,6,False,mask_ratio,8,0.875,1.0,0.125
165,6,False,oof_state_value,16,1.0,0.875,-0.125
165,6,False,oracle_localization,8,0.875,1.0,0.125
166,0,True,random_checkpoint,64,1.0,,
166,0,True,earliest_eligible,8,1.0,1.0,0.0
166,0,True,normalized_quarter,16,1.0,1.0,0.0
166,0,True,normalized_midpoint,32,1.0,,
166,0,True,normalized_three_quarter,48,1.0,1.0,0.0
166,0,True,confidence_low,32,1.0,,
166,0,True,entropy_high,8,1.0,1.0,0.0
166,0,True,mask_ratio,8,1.0,1.0,0.0
166,0,True,oof_state_value,8,1.0,1.0,0.0
166,0,True,oracle_localization,8,1.0,1.0,0.0
167,0,True,random_checkpoint,24,1.0,1.0,0.0
167,0,True,earliest_eligible,8,1.0,1.0,0.0
167,0,True,normalized_quarter,16,1.0,1.0,0.0
167,0,True,normalized_midpoint,32,1.0,,
167,0,True,normalized_three_quarter,48,1.0,1.0,0.0
167,0,True,confidence_low,32,1.0,,
167,0,True,entropy_high,8,1.0,1.0,0.0
167,0,True,mask_ratio,8,1.0,1.0,0.0
167,0,True,oof_state_value,16,1.0,1.0,0.0
167,0,True,oracle_localization,8,1.0,1.0,0.0
168,0,True,random_checkpoint,40,1.0,1.0,0.0
168,0,True,earliest_eligible,8,1.0,1.0,0.0
168,0,True,normalized_quarter,16,1.0,1.0,0.0
168,0,True,normalized_midpoint,32,1.0,,
168,0,True,normalized_three_quarter,48,1.0,1.0,0.0
168,0,True,confidence_low,32,1.0,,
168,0,True,entropy_high,8,1.0,1.0,0.0
168,0,True,mask_ratio,8,1.0,1.0,0.0
168,0,True,oof_state_value,24,1.0,1.0,0.0
168,0,True,oracle_localization,8,1.0,1.0,0.0
169,0,True,random_checkpoint,32,1.0,,
169,0,True,earliest_eligible,8,1.0,1.0,0.0
169,0,True,normalized_quarter,16,1.0,0.875,-0.125
169,0,True,normalized_midpoint,32,1.0,,
169,0,True,normalized_three_quarter,48,1.0,1.0,0.0
169,0,True,confidence_low,32,1.0,,
169,0,True,entropy_high,8,1.0,1.0,0.0
169,0,True,mask_ratio,8,1.0,1.0,0.0
169,0,True,oof_state_value,8,1.0,1.0,0.0
169,0,True,oracle_localization,8,1.0,1.0,0.0
170,0,True,random_checkpoint,32,1.0,,
170,0,True,earliest_eligible,8,1.0,1.0,0.0
170,0,True,normalized_quarter,16,1.0,1.0,0.0
170,0,True,normalized_midpoint,32,1.0,,
170,0,True,normalized_three_quarter,48,1.0,1.0,0.0
170,0,True,confidence_low,16,1.0,1.0,0.0
170,0,True,entropy_high,8,1.0,1.0,0.0
170,0,True,mask_ratio,8,1.0,1.0,0.0
170,0,True,oof_state_value,40,1.0,1.0,0.0
170,0,True,oracle_localization,16,1.0,1.0,0.0
171,0,True,random_checkpoint,64,1.0,,
171,0,True,earliest_eligible,8,1.0,1.0,0.0
171,0,True,normalized_quarter,16,1.0,1.0,0.0
171,0,True,normalized_midpoint,32,1.0,,
171,0,True,normalized_three_quarter,48,1.0,1.0,0.0
171,0,True,confidence_low,16,1.0,1.0,0.0
171,0,True,entropy_high,8,1.0,1.0,0.0
171,0,True,mask_ratio,8,1.0,1.0,0.0
171,0,True,oof_state_value,24,1.0,1.0,0.0
171,0,True,oracle_localization,8,1.0,1.0,0.0
172,0,True,random_checkpoint,32,1.0,,
172,0,True,earliest_eligible,8,1.0,1.0,0.0
172,0,True,normalized_quarter,16,1.0,1.0,0.0
172,0,True,normalized_midpoint,32,1.0,,
172,0,True,normalized_three_quarter,48,1.0,1.0,0.0
172,0,True,confidence_low,8,1.0,1.0,0.0
172,0,True,entropy_high,8,1.0,1.0,0.0
172,0,True,mask_ratio,8,1.0,1.0,0.0
172,0,True,oof_state_value,8,1.0,1.0,0.0
172,0,True,oracle_localization,8,1.0,1.0,0.0
173,0,True,random_checkpoint,16,1.0,1.0,0.0
173,0,True,earliest_eligible,8,1.0,1.0,0.0
173,0,True,normalized_quarter,16,1.0,1.0,0.0
173,0,True,normalized_midpoint,32,1.0,,
173,0,True,normalized_three_quarter,48,1.0,1.0,0.0
173,0,True,confidence_low,16,1.0,1.0,0.0
173,0,True,entropy_high,8,1.0,1.0,0.0
173,0,True,mask_ratio,8,1.0,1.0,0.0
173,0,True,oof_state_value,24,1.0,1.0,0.0
173,0,True,oracle_localization,8,1.0,1.0,0.0
174,0,True,random_checkpoint,8,1.0,1.0,0.0
174,0,True,earliest_eligible,8,1.0,1.0,0.0
174,0,True,normalized_quarter,16,1.0,1.0,0.0
174,0,True,normalized_midpoint,32,1.0,,
174,0,True,normalized_three_quarter,48,1.0,1.0,0.0
174,0,True,confidence_low,32,1.0,,
174,0,True,entropy_high,8,1.0,1.0,0.0
174,0,True,mask_ratio,8,1.0,1.0,0.0
174,0,True,oof_state_value,8,1.0,1.0,0.0
174,0,True,oracle_localization,8,1.0,1.0,0.0
175,0,True,random_checkpoint,8,1.0,1.0,0.0
175,0,True,earliest_eligible,8,1.0,1.0,0.0
175,0,True,normalized_quarter,16,1.0,1.0,0.0
175,0,True,normalized_midpoint,32,1.0,,
175,0,True,normalized_three_quarter,48,1.0,1.0,0.0
175,0,True,confidence_low,32,1.0,,
175,0,True,entropy_high,8,1.0,1.0,0.0
175,0,True,mask_ratio,8,1.0,1.0,0.0
175,0,True,oof_state_value,8,1.0,1.0,0.0
175,0,True,oracle_localization,8,1.0,1.0,0.0
176,0,True,random_checkpoint,64,1.0,,
176,0,True,earliest_eligible,8,0.125,0.5,0.375
176,0,True,normalized_quarter,16,0.375,0.0,-0.375
176,0,True,normalized_midpoint,32,1.0,,
176,0,True,normalized_three_quarter,48,1.0,1.0,0.0
176,0,True,confidence_low,8,0.125,0.5,0.375
176,0,True,entropy_high,8,0.125,0.5,0.375
176,0,True,mask_ratio,8,0.125,0.5,0.375
176,0,True,oof_state_value,16,0.375,0.0,-0.375
176,0,True,oracle_localization,40,1.0,1.0,0.0
176,1,False,random_checkpoint,40,0.0,0.0,0.0
176,1,False,earliest_eligible,8,0.0,0.25,0.25
176,1,False,normalized_quarter,16,0.625,0.375,-0.25
176,1,False,normalized_midpoint,32,0.0,,
176,1,False,normalized_three_quarter,48,0.0,0.0,0.0
176,1,False,confidence_low,8,0.0,0.25,0.25
176,1,False,entropy_high,8,0.0,0.25,0.25
176,1,False,mask_ratio,8,0.0,0.25,0.25
176,1,False,oof_state_value,16,0.625,0.375,-0.25
176,1,False,oracle_localization,24,0.0,0.875,0.875
177,0,True,random_checkpoint,16,0.125,0.125,0.0
177,0,True,earliest_eligible,8,0.5,0.5,0.0
177,0,True,normalized_quarter,16,0.125,0.125,0.0
177,0,True,normalized_midpoint,32,1.0,,
177,0,True,normalized_three_quarter,48,1.0,1.0,0.0
177,0,True,confidence_low,24,0.375,0.5,0.125
177,0,True,entropy_high,8,0.5,0.5,0.0
177,0,True,mask_ratio,8,0.5,0.5,0.0
177,0,True,oof_state_value,40,1.0,1.0,0.0
177,0,True,oracle_localization,40,1.0,1.0,0.0
177,1,False,random_checkpoint,32,0.0,,
177,1,False,earliest_eligible,8,0.75,0.75,0.0
177,1,False,normalized_quarter,16,0.25,0.375,0.125
177,1,False,normalized_midpoint,32,0.0,,
177,1,False,normalized_three_quarter,48,0.0,0.0,0.0
177,1,False,confidence_low,24,0.5,0.5,0.0
177,1,False,entropy_high,8,0.75,0.75,0.0
177,1,False,mask_ratio,8,0.75,0.75,0.0
177,1,False,oof_state_value,40,0.0,0.0,0.0
177,1,False,oracle_localization,8,0.75,0.75,0.0
178,0,False,random_checkpoint,16,0.625,0.625,0.0
178,0,False,earliest_eligible,8,0.375,0.375,0.0
178,0,False,normalized_quarter,16,0.625,0.625,0.0
178,0,False,normalized_midpoint,32,0.0,,
178,0,False,normalized_three_quarter,48,0.0,0.0,0.0
178,0,False,confidence_low,32,0.0,,
178,0,False,entropy_high,8,0.375,0.375,0.0
178,0,False,mask_ratio,8,0.375,0.375,0.0
178,0,False,oof_state_value,8,0.375,0.375,0.0
178,0,False,oracle_localization,8,0.375,0.375,0.0
178,6,True,random_checkpoint,24,0.5,0.5,0.0
178,6,True,earliest_eligible,8,0.375,0.375,0.0
178,6,True,normalized_quarter,16,0.5,0.5,0.0
178,6,True,normalized_midpoint,32,1.0,,
178,6,True,normalized_three_quarter,48,1.0,1.0,0.0
178,6,True,confidence_low,32,1.0,,
178,6,True,entropy_high,8,0.375,0.375,0.0
178,6,True,mask_ratio,8,0.375,0.375,0.0
178,6,True,oof_state_value,8,0.375,0.375,0.0
178,6,True,oracle_localization,40,1.0,1.0,0.0
179,0,False,random_checkpoint,16,0.5,0.5,0.0
179,0,False,earliest_eligible,8,0.375,0.875,0.5
179,0,False,normalized_quarter,16,0.5,0.5,0.0
179,0,False,normalized_midpoint,32,0.0,,
179,0,False,normalized_three_quarter,48,0.0,0.0,0.0
179,0,False,confidence_low,8,0.375,0.875,0.5
179,0,False,entropy_high,8,0.375,0.875,0.5
179,0,False,mask_ratio,8,0.375,0.875,0.5
179,0,False,oof_state_value,8,0.375,0.875,0.5
179,0,False,oracle_localization,24,0.125,1.0,0.875
179,3,True,random_checkpoint,56,1.0,1.0,0.0
179,3,True,earliest_eligible,8,1.0,1.0,0.0
179,3,True,normalized_quarter,16,0.875,1.0,0.125
179,3,True,normalized_midpoint,32,1.0,,
179,3,True,normalized_three_quarter,48,1.0,1.0,0.0
179,3,True,confidence_low,16,0.875,1.0,0.125
179,3,True,entropy_high,8,1.0,1.0,0.0
179,3,True,mask_ratio,8,1.0,1.0,0.0
179,3,True,oof_state_value,8,1.0,1.0,0.0
179,3,True,oracle_localization,16,0.875,1.0,0.125
180,0,True,random_checkpoint,24,1.0,1.0,0.0
180,0,True,earliest_eligible,8,1.0,1.0,0.0
180,0,True,normalized_quarter,16,1.0,1.0,0.0
180,0,True,normalized_midpoint,32,1.0,,
180,0,True,normalized_three_quarter,48,1.0,1.0,0.0
180,0,True,confidence_low,8,1.0,1.0,0.0
180,0,True,entropy_high,8,1.0,1.0,0.0
180,0,True,mask_ratio,8,1.0,1.0,0.0
180,0,True,oof_state_value,8,1.0,1.0,0.0
180,0,True,oracle_localization,8,1.0,1.0,0.0
181,0,True,random_checkpoint,56,1.0,1.0,0.0
181,0,True,earliest_eligible,8,0.875,0.875,0.0
181,0,True,normalized_quarter,16,1.0,1.0,0.0
181,0,True,normalized_midpoint,32,1.0,,
181,0,True,normalized_three_quarter,48,1.0,1.0,0.0
181,0,True,confidence_low,8,0.875,0.875,0.0
181,0,True,entropy_high,8,0.875,0.875,0.0
181,0,True,mask_ratio,8,0.875,0.875,0.0
181,0,True,oof_state_value,16,1.0,1.0,0.0
181,0,True,oracle_localization,8,0.875,0.875,0.0
182,0,True,random_checkpoint,64,1.0,,
182,0,True,earliest_eligible,8,0.625,0.625,0.0
182,0,True,normalized_quarter,16,0.375,0.375,0.0
182,0,True,normalized_midpoint,32,1.0,,
182,0,True,normalized_three_quarter,48,1.0,1.0,0.0
182,0,True,confidence_low,32,1.0,,
182,0,True,entropy_high,8,0.625,0.625,0.0
182,0,True,mask_ratio,8,0.625,0.625,0.0
182,0,True,oof_state_value,8,0.625,0.625,0.0
182,0,True,oracle_localization,40,1.0,1.0,0.0
182,1,False,random_checkpoint,16,0.875,0.75,-0.125
182,1,False,earliest_eligible,8,0.625,0.625,0.0
182,1,False,normalized_quarter,16,0.875,0.75,-0.125
182,1,False,normalized_midpoint,32,0.0,,
182,1,False,normalized_three_quarter,48,0.0,0.0,0.0
182,1,False,confidence_low,32,0.0,,
182,1,False,entropy_high,8,0.625,0.625,0.0
182,1,False,mask_ratio,8,0.625,0.625,0.0
182,1,False,oof_state_value,8,0.625,0.625,0.0
182,1,False,oracle_localization,8,0.625,0.625,0.0
183,0,True,random_checkpoint,64,1.0,,
183,0,True,earliest_eligible,8,1.0,1.0,0.0
183,0,True,normalized_quarter,16,1.0,1.0,0.0
183,0,True,normalized_midpoint,32,1.0,,
183,0,True,normalized_three_quarter,48,1.0,1.0,0.0
183,0,True,confidence_low,8,1.0,1.0,0.0
183,0,True,entropy_high,8,1.0,1.0,0.0
183,0,True,mask_ratio,8,1.0,1.0,0.0
183,0,True,oof_state_value,16,1.0,1.0,0.0
183,0,True,oracle_localization,8,1.0,1.0,0.0
184,0,True,random_checkpoint,48,1.0,1.0,0.0
184,0,True,earliest_eligible,8,1.0,1.0,0.0
184,0,True,normalized_quarter,16,1.0,0.75,-0.25
184,0,True,normalized_midpoint,32,1.0,,
184,0,True,normalized_three_quarter,48,1.0,1.0,0.0
184,0,True,confidence_low,32,1.0,,
184,0,True,entropy_high,8,1.0,1.0,0.0
184,0,True,mask_ratio,8,1.0,1.0,0.0
184,0,True,oof_state_value,8,1.0,1.0,0.0
184,0,True,oracle_localization,8,1.0,1.0,0.0
185,0,True,random_checkpoint,64,1.0,,
185,0,True,earliest_eligible,8,1.0,1.0,0.0
185,0,True,normalized_quarter,16,1.0,1.0,0.0
185,0,True,normalized_midpoint,32,1.0,,
185,0,True,normalized_three_quarter,48,1.0,1.0,0.0
185,0,True,confidence_low,32,1.0,,
185,0,True,entropy_high,8,1.0,1.0,0.0
185,0,True,mask_ratio,8,1.0,1.0,0.0
185,0,True,oof_state_value,8,1.0,1.0,0.0
185,0,True,oracle_localization,8,1.0,1.0,0.0
186,0,True,random_checkpoint,40,1.0,1.0,0.0
186,0,True,earliest_eligible,8,1.0,0.75,-0.25
186,0,True,normalized_quarter,16,1.0,1.0,0.0
186,0,True,normalized_midpoint,32,1.0,,
186,0,True,normalized_three_quarter,48,1.0,1.0,0.0
186,0,True,confidence_low,8,1.0,0.75,-0.25
186,0,True,entropy_high,8,1.0,0.75,-0.25
186,0,True,mask_ratio,8,1.0,0.75,-0.25
186,0,True,oof_state_value,48,1.0,1.0,0.0
186,0,True,oracle_localization,24,1.0,1.0,0.0
186,3,False,random_checkpoint,32,0.0,,
186,3,False,earliest_eligible,8,1.0,0.75,-0.25
186,3,False,normalized_quarter,16,0.75,0.75,0.0
186,3,False,normalized_midpoint,32,0.0,,
186,3,False,normalized_three_quarter,48,0.0,0.0,0.0
186,3,False,confidence_low,32,0.0,,
186,3,False,entropy_high,8,1.0,0.75,-0.25
186,3,False,mask_ratio,8,1.0,0.75,-0.25
186,3,False,oof_state_value,8,1.0,0.75,-0.25
186,3,False,oracle_localization,16,0.75,0.75,0.0
187,0,False,random_checkpoint,64,0.0,,
187,0,False,earliest_eligible,8,0.625,1.0,0.375
187,0,False,normalized_quarter,16,0.875,0.75,-0.125
187,0,False,normalized_midpoint,32,0.0,,
187,0,False,normalized_three_quarter,48,0.0,0.0,0.0
187,0,False,confidence_low,24,1.0,0.875,-0.125
187,0,False,entropy_high,8,0.625,1.0,0.375
187,0,False,mask_ratio,8,0.625,1.0,0.375
187,0,False,oof_state_value,8,0.625,1.0,0.375
187,0,False,oracle_localization,8,0.625,1.0,0.375
187,1,True,random_checkpoint,16,0.875,0.875,0.0
187,1,True,earliest_eligible,8,0.875,0.875,0.0
187,1,True,normalized_quarter,16,0.875,0.875,0.0
187,1,True,normalized_midpoint,32,1.0,,
187,1,True,normalized_three_quarter,48,1.0,1.0,0.0
187,1,True,confidence_low,24,1.0,1.0,0.0
187,1,True,entropy_high,8,0.875,0.875,0.0
187,1,True,mask_ratio,8,0.875,0.875,0.0
187,1,True,oof_state_value,8,0.875,0.875,0.0
187,1,True,oracle_localization,16,0.875,0.875,0.0
188,0,True,random_checkpoint,32,1.0,,
188,0,True,earliest_eligible,8,1.0,0.875,-0.125
188,0,True,normalized_quarter,16,0.875,1.0,0.125
188,0,True,normalized_midpoint,32,1.0,,
188,0,True,normalized_three_quarter,48,1.0,1.0,0.0
188,0,True,confidence_low,16,0.875,1.0,0.125
188,0,True,entropy_high,8,1.0,0.875,-0.125
188,0,True,mask_ratio,8,1.0,0.875,-0.125
188,0,True,oof_state_value,8,1.0,0.875,-0.125
188,0,True,oracle_localization,8,1.0,0.875,-0.125
189,0,True,random_checkpoint,56,1.0,1.0,0.0
189,0,True,earliest_eligible,8,0.875,0.875,0.0
189,0,True,normalized_quarter,16,0.75,0.875,0.125
189,0,True,normalized_midpoint,32,1.0,,
189,0,True,normalized_three_quarter,48,1.0,1.0,0.0
189,0,True,confidence_low,32,1.0,,
189,0,True,entropy_high,8,0.875,0.875,0.0
189,0,True,mask_ratio,8,0.875,0.875,0.0
189,0,True,oof_state_value,8,0.875,0.875,0.0
189,0,True,oracle_localization,8,0.875,0.875,0.0
190,0,True,random_checkpoint,56,1.0,1.0,0.0
190,0,True,earliest_eligible,8,1.0,1.0,0.0
190,0,True,normalized_quarter,16,0.875,1.0,0.125
190,0,True,normalized_midpoint,32,1.0,,
190,0,True,normalized_three_quarter,48,1.0,1.0,0.0
190,0,True,confidence_low,32,1.0,,
190,0,True,entropy_high,8,1.0,1.0,0.0
190,0,True,mask_ratio,8,1.0,1.0,0.0
190,0,True,oof_state_value,8,1.0,1.0,0.0
190,0,True,oracle_localization,8,1.0,1.0,0.0
191,0,True,random_checkpoint,24,1.0,1.0,0.0
191,0,True,earliest_eligible,8,1.0,1.0,0.0
191,0,True,normalized_quarter,16,1.0,1.0,0.0
191,0,True,normalized_midpoint,32,1.0,,
191,0,True,normalized_three_quarter,48,1.0,1.0,0.0
191,0,True,confidence_low,16,1.0,1.0,0.0
191,0,True,entropy_high,8,1.0,1.0,0.0
191,0,True,mask_ratio,8,1.0,1.0,0.0
191,0,True,oof_state_value,8,1.0,1.0,0.0
191,0,True,oracle_localization,8,1.0,1.0,0.0
192,0,True,random_checkpoint,24,1.0,1.0,0.0
192,0,True,earliest_eligible,8,1.0,1.0,0.0
192,0,True,normalized_quarter,16,1.0,1.0,0.0
192,0,True,normalized_midpoint,32,1.0,,
192,0,True,normalized_three_quarter,48,1.0,1.0,0.0
192,0,True,confidence_low,32,1.0,,
192,0,True,entropy_high,8,1.0,1.0,0.0
192,0,True,mask_ratio,8,1.0,1.0,0.0
192,0,True,oof_state_value,8,1.0,1.0,0.0
192,0,True,oracle_localization,8,1.0,1.0,0.0
193,0,True,random_checkpoint,40,1.0,1.0,0.0
193,0,True,earliest_eligible,8,1.0,1.0,0.0
193,0,True,normalized_quarter,16,1.0,1.0,0.0
193,0,True,normalized_midpoint,32,1.0,,
193,0,True,normalized_three_quarter,48,1.0,1.0,0.0
193,0,True,confidence_low,40,1.0,1.0,0.0
193,0,True,entropy_high,8,1.0,1.0,0.0
193,0,True,mask_ratio,8,1.0,1.0,0.0
193,0,True,oof_state_value,8,1.0,1.0,0.0
193,0,True,oracle_localization,8,1.0,1.0,0.0
194,0,False,random_checkpoint,64,0.0,,
194,0,False,earliest_eligible,8,0.25,0.25,0.0
194,0,False,normalized_quarter,16,0.0,0.0,0.0
194,0,False,normalized_midpoint,32,0.0,,
194,0,False,normalized_three_quarter,48,0.0,0.0,0.0
194,0,False,confidence_low,32,0.0,,
194,0,False,entropy_high,8,0.25,0.25,0.0
194,0,False,mask_ratio,8,0.25,0.25,0.0
194,0,False,oof_state_value,8,0.25,0.25,0.0
194,0,False,oracle_localization,16,0.0,0.0,0.0
194,2,True,random_checkpoint,64,1.0,,
194,2,True,earliest_eligible,8,0.25,0.25,0.0
194,2,True,normalized_quarter,16,0.25,0.25,0.0
194,2,True,normalized_midpoint,32,1.0,,
194,2,True,normalized_three_quarter,48,1.0,1.0,0.0
194,2,True,confidence_low,32,1.0,,
194,2,True,entropy_high,8,0.25,0.25,0.0
194,2,True,mask_ratio,8,0.25,0.25,0.0
194,2,True,oof_state_value,8,0.25,0.25,0.0
194,2,True,oracle_localization,40,1.0,1.0,0.0
195,0,True,random_checkpoint,56,1.0,1.0,0.0
195,0,True,earliest_eligible,8,1.0,1.0,0.0
195,0,True,normalized_quarter,16,1.0,0.875,-0.125
195,0,True,normalized_midpoint,32,1.0,,
195,0,True,normalized_three_quarter,48,1.0,1.0,0.0
195,0,True,confidence_low,8,1.0,1.0,0.0
195,0,True,entropy_high,8,1.0,1.0,0.0
195,0,True,mask_ratio,8,1.0,1.0,0.0
195,0,True,oof_state_value,24,1.0,1.0,0.0
195,0,True,oracle_localization,8,1.0,1.0,0.0
196,0,True,random_checkpoint,64,1.0,,
196,0,True,earliest_eligible,8,1.0,1.0,0.0
196,0,True,normalized_quarter,16,1.0,1.0,0.0
196,0,True,normalized_midpoint,32,1.0,,
196,0,True,normalized_three_quarter,48,1.0,1.0,0.0
196,0,True,confidence_low,8,1.0,1.0,0.0
196,0,True,entropy_high,8,1.0,1.0,0.0
196,0,True,mask_ratio,8,1.0,1.0,0.0
196,0,True,oof_state_value,16,1.0,1.0,0.0
196,0,True,oracle_localization,8,1.0,1.0,0.0
197,0,True,random_checkpoint,32,1.0,,
197,0,True,earliest_eligible,8,1.0,1.0,0.0
197,0,True,normalized_quarter,16,1.0,1.0,0.0
197,0,True,normalized_midpoint,32,1.0,,
197,0,True,normalized_three_quarter,48,1.0,1.0,0.0
197,0,True,confidence_low,32,1.0,,
197,0,True,entropy_high,8,1.0,1.0,0.0
197,0,True,mask_ratio,8,1.0,1.0,0.0
197,0,True,oof_state_value,8,1.0,1.0,0.0
197,0,True,oracle_localization,8,1.0,1.0,0.0
197,4,False,random_checkpoint,32,0.0,,
197,4,False,earliest_eligible,8,1.0,1.0,0.0
197,4,False,normalized_quarter,16,1.0,1.0,0.0
197,4,False,normalized_midpoint,32,0.0,,
197,4,False,normalized_three_quarter,48,0.0,0.0,0.0
197,4,False,confidence_low,32,0.0,,
197,4,False,entropy_high,8,1.0,1.0,0.0
197,4,False,mask_ratio,8,1.0,1.0,0.0
197,4,False,oof_state_value,8,1.0,1.0,0.0
197,4,False,oracle_localization,8,1.0,1.0,0.0
198,0,True,random_checkpoint,40,1.0,1.0,0.0
198,0,True,earliest_eligible,8,1.0,0.75,-0.25
198,0,True,normalized_quarter,16,0.875,1.0,0.125
198,0,True,normalized_midpoint,32,1.0,,
198,0,True,normalized_three_quarter,48,1.0,1.0,0.0
198,0,True,confidence_low,32,1.0,,
198,0,True,entropy_high,8,1.0,0.75,-0.25
198,0,True,mask_ratio,8,1.0,0.75,-0.25
198,0,True,oof_state_value,8,1.0,0.75,-0.25
198,0,True,oracle_localization,16,0.875,1.0,0.125
199,0,True,random_checkpoint,56,1.0,1.0,0.0
199,0,True,earliest_eligible,8,1.0,1.0,0.0
199,0,True,normalized_quarter,16,1.0,1.0,0.0
199,0,True,normalized_midpoint,32,1.0,,
199,0,True,normalized_three_quarter,48,1.0,1.0,0.0
199,0,True,confidence_low,8,1.0,1.0,0.0
199,0,True,entropy_high,8,1.0,1.0,0.0
199,0,True,mask_ratio,8,1.0,1.0,0.0
199,0,True,oof_state_value,40,1.0,1.0,0.0
199,0,True,oracle_localization,8,1.0,1.0,0.0
200,0,False,random_checkpoint,16,0.25,0.125,-0.125
200,0,False,earliest_eligible,8,0.625,0.625,0.0
200,0,False,normalized_quarter,16,0.25,0.125,-0.125
200,0,False,normalized_midpoint,32,0.0,,
200,0,False,normalized_three_quarter,48,0.0,0.0,0.0
200,0,False,confidence_low,40,0.0,0.0,0.0
200,0,False,entropy_high,8,0.625,0.625,0.0
200,0,False,mask_ratio,8,0.625,0.625,0.0
200,0,False,oof_state_value,8,0.625,0.625,0.0
200,0,False,oracle_localization,24,0.375,0.375,0.0
200,5,True,random_checkpoint,40,1.0,1.0,0.0
200,5,True,earliest_eligible,8,0.5,0.375,-0.125
200,5,True,normalized_quarter,16,0.875,0.375,-0.5
200,5,True,normalized_midpoint,32,1.0,,
200,5,True,normalized_three_quarter,48,1.0,1.0,0.0
200,5,True,confidence_low,24,0.875,0.625,-0.25
200,5,True,entropy_high,8,0.5,0.375,-0.125
200,5,True,mask_ratio,8,0.5,0.375,-0.125
200,5,True,oof_state_value,16,0.875,0.375,-0.5
200,5,True,oracle_localization,16,0.875,0.375,-0.5
201,0,True,random_checkpoint,48,1.0,1.0,0.0
201,0,True,earliest_eligible,8,0.875,0.875,0.0
201,0,True,normalized_quarter,16,1.0,0.875,-0.125
201,0,True,normalized_midpoint,32,1.0,,
201,0,True,normalized_three_quarter,48,1.0,1.0,0.0
201,0,True,confidence_low,32,1.0,,
201,0,True,entropy_high,8,0.875,0.875,0.0
201,0,True,mask_ratio,8,0.875,0.875,0.0
201,0,True,oof_state_value,8,0.875,0.875,0.0
201,0,True,oracle_localization,8,0.875,0.875,0.0
202,0,True,random_checkpoint,40,1.0,1.0,0.0
202,0,True,earliest_eligible,8,1.0,1.0,0.0
202,0,True,normalized_quarter,16,1.0,1.0,0.0
202,0,True,normalized_midpoint,32,1.0,,
202,0,True,normalized_three_quarter,48,1.0,1.0,0.0
202,0,True,confidence_low,16,1.0,1.0,0.0
202,0,True,entropy_high,8,1.0,1.0,0.0
202,0,True,mask_ratio,8,1.0,1.0,0.0
202,0,True,oof_state_value,8,1.0,1.0,0.0
202,0,True,oracle_localization,8,1.0,1.0,0.0
203,0,True,random_checkpoint,8,1.0,1.0,0.0
203,0,True,earliest_eligible,8,1.0,1.0,0.0
203,0,True,normalized_quarter,16,1.0,1.0,0.0
203,0,True,normalized_midpoint,32,1.0,,
203,0,True,normalized_three_quarter,48,1.0,1.0,0.0
203,0,True,confidence_low,8,1.0,1.0,0.0
203,0,True,entropy_high,8,1.0,1.0,0.0
203,0,True,mask_ratio,8,1.0,1.0,0.0
203,0,True,oof_state_value,16,1.0,1.0,0.0
203,0,True,oracle_localization,8,1.0,1.0,0.0
204,0,True,random_checkpoint,32,1.0,,
204,0,True,earliest_eligible,8,1.0,1.0,0.0
204,0,True,normalized_quarter,16,1.0,1.0,0.0
204,0,True,normalized_midpoint,32,1.0,,
204,0,True,normalized_three_quarter,48,1.0,1.0,0.0
204,0,True,confidence_low,32,1.0,,
204,0,True,entropy_high,8,1.0,1.0,0.0
204,0,True,mask_ratio,8,1.0,1.0,0.0
204,0,True,oof_state_value,8,1.0,1.0,0.0
204,0,True,oracle_localization,8,1.0,1.0,0.0
205,0,True,random_checkpoint,64,1.0,,
205,0,True,earliest_eligible,8,0.875,0.875,0.0
205,0,True,normalized_quarter,16,0.875,0.875,0.0
205,0,True,normalized_midpoint,32,1.0,,
205,0,True,normalized_three_quarter,48,1.0,1.0,0.0
205,0,True,confidence_low,32,1.0,,
205,0,True,entropy_high,8,0.875,0.875,0.0
205,0,True,mask_ratio,8,0.875,0.875,0.0
205,0,True,oof_state_value,8,0.875,0.875,0.0
205,0,True,oracle_localization,8,0.875,0.875,0.0
205,7,False,random_checkpoint,16,0.875,0.875,0.0
205,7,False,earliest_eligible,8,0.875,0.875,0.0
205,7,False,normalized_quarter,16,0.875,0.875,0.0
205,7,False,normalized_midpoint,32,0.0,,
205,7,False,normalized_three_quarter,48,0.0,0.0,0.0
205,7,False,confidence_low,32,0.0,,
205,7,False,entropy_high,8,0.875,0.875,0.0
205,7,False,mask_ratio,8,0.875,0.875,0.0
205,7,False,oof_state_value,8,0.875,0.875,0.0
205,7,False,oracle_localization,8,0.875,0.875,0.0
206,0,True,random_checkpoint,32,1.0,,
206,0,True,earliest_eligible,8,1.0,1.0,0.0
206,0,True,normalized_quarter,16,1.0,1.0,0.0
206,0,True,normalized_midpoint,32,1.0,,
206,0,True,normalized_three_quarter,48,1.0,1.0,0.0
206,0,True,confidence_low,32,1.0,,
206,0,True,entropy_high,8,1.0,1.0,0.0
206,0,True,mask_ratio,8,1.0,1.0,0.0
206,0,True,oof_state_value,24,0.875,0.875,0.0
206,0,True,oracle_localization,8,1.0,1.0,0.0
207,0,True,random_checkpoint,32,1.0,,
207,0,True,earliest_eligible,8,1.0,1.0,0.0
207,0,True,normalized_quarter,16,1.0,1.0,0.0
207,0,True,normalized_midpoint,32,1.0,,
207,0,True,normalized_three_quarter,48,1.0,1.0,0.0
207,0,True,confidence_low,8,1.0,1.0,0.0
207,0,True,entropy_high,8,1.0,1.0,0.0
207,0,True,mask_ratio,8,1.0,1.0,0.0
207,0,True,oof_state_value,16,1.0,1.0,0.0
207,0,True,oracle_localization,8,1.0,1.0,0.0
208,0,True,random_checkpoint,24,1.0,0.0,-1.0
208,0,True,earliest_eligible,8,0.5,0.375,-0.125
208,0,True,normalized_quarter,16,0.75,0.125,-0.625
208,0,True,normalized_midpoint,32,1.0,,
208,0,True,normalized_three_quarter,48,1.0,1.0,0.0
208,0,True,confidence_low,8,0.5,0.375,-0.125
208,0,True,entropy_high,8,0.5,0.375,-0.125
208,0,True,mask_ratio,8,0.5,0.375,-0.125
208,0,True,oof_state_value,16,0.75,0.125,-0.625
208,0,True,oracle_localization,40,1.0,1.0,0.0
208,3,False,random_checkpoint,8,1.0,0.625,-0.375
208,3,False,earliest_eligible,8,1.0,0.625,-0.375
208,3,False,normalized_quarter,16,0.125,1.0,0.875
208,3,False,normalized_midpoint,32,0.0,,
208,3,False,normalized_three_quarter,48,0.0,0.0,0.0
208,3,False,confidence_low,8,1.0,0.625,-0.375
208,3,False,entropy_high,8,1.0,0.625,-0.375
208,3,False,mask_ratio,8,1.0,0.625,-0.375
208,3,False,oof_state_value,16,0.125,1.0,0.875
208,3,False,oracle_localization,24,0.0,1.0,1.0
209,0,True,random_checkpoint,16,1.0,1.0,0.0
209,0,True,earliest_eligible,8,1.0,1.0,0.0
209,0,True,normalized_quarter,16,1.0,1.0,0.0
209,0,True,normalized_midpoint,32,1.0,,
209,0,True,normalized_three_quarter,48,1.0,1.0,0.0
209,0,True,confidence_low,8,1.0,1.0,0.0
209,0,True,entropy_high,8,1.0,1.0,0.0
209,0,True,mask_ratio,8,1.0,1.0,0.0
209,0,True,oof_state_value,16,1.0,1.0,0.0
209,0,True,oracle_localization,8,1.0,1.0,0.0
210,0,True,random_checkpoint,48,1.0,1.0,0.0
210,0,True,earliest_eligible,8,1.0,1.0,0.0
210,0,True,normalized_quarter,16,1.0,1.0,0.0
210,0,True,normalized_midpoint,32,1.0,,
210,0,True,normalized_three_quarter,48,1.0,1.0,0.0
210,0,True,confidence_low,8,1.0,1.0,0.0
210,0,True,entropy_high,8,1.0,1.0,0.0
210,0,True,mask_ratio,8,1.0,1.0,0.0
210,0,True,oof_state_value,8,1.0,1.0,0.0
210,0,True,oracle_localization,8,1.0,1.0,0.0
211,0,True,random_checkpoint,32,1.0,,
211,0,True,earliest_eligible,8,1.0,1.0,0.0
211,0,True,normalized_quarter,16,1.0,1.0,0.0
211,0,True,normalized_midpoint,32,1.0,,
211,0,True,normalized_three_quarter,48,1.0,1.0,0.0
211,0,True,confidence_low,8,1.0,1.0,0.0
211,0,True,entropy_high,8,1.0,1.0,0.0
211,0,True,mask_ratio,8,1.0,1.0,0.0
211,0,True,oof_state_value,24,1.0,1.0,0.0
211,0,True,oracle_localization,8,1.0,1.0,0.0
211,7,False,random_checkpoint,56,0.0,0.0,0.0
211,7,False,earliest_eligible,8,1.0,1.0,0.0
211,7,False,normalized_quarter,16,1.0,1.0,0.0
211,7,False,normalized_midpoint,32,0.0,,
211,7,False,normalized_three_quarter,48,0.0,0.0,0.0
211,7,False,confidence_low,32,0.0,,
211,7,False,entropy_high,8,1.0,1.0,0.0
211,7,False,mask_ratio,8,1.0,1.0,0.0
211,7,False,oof_state_value,24,1.0,0.875,-0.125
211,7,False,oracle_localization,8,1.0,1.0,0.0
212,0,False,random_checkpoint,32,0.0,,
212,0,False,earliest_eligible,8,0.0,0.0,0.0
212,0,False,normalized_quarter,16,0.25,0.25,0.0
212,0,False,normalized_midpoint,32,0.0,,
212,0,False,normalized_three_quarter,48,0.0,0.0,0.0
212,0,False,confidence_low,32,0.0,,
212,0,False,entropy_high,8,0.0,0.0,0.0
212,0,False,mask_ratio,8,0.0,0.0,0.0
212,0,False,oof_state_value,16,0.25,0.25,0.0
212,0,False,oracle_localization,16,0.25,0.25,0.0
212,3,True,random_checkpoint,16,0.25,0.25,0.0
212,3,True,earliest_eligible,8,0.0,0.0,0.0
212,3,True,normalized_quarter,16,0.25,0.25,0.0
212,3,True,normalized_midpoint,32,1.0,,
212,3,True,normalized_three_quarter,48,1.0,1.0,0.0
212,3,True,confidence_low,32,1.0,,
212,3,True,entropy_high,8,0.0,0.0,0.0
212,3,True,mask_ratio,8,0.0,0.0,0.0
212,3,True,oof_state_value,16,0.25,0.25,0.0
212,3,True,oracle_localization,40,1.0,1.0,0.0
213,0,True,random_checkpoint,64,1.0,,
213,0,True,earliest_eligible,8,1.0,0.375,-0.625
213,0,True,normalized_quarter,16,1.0,1.0,0.0
213,0,True,normalized_midpoint,32,1.0,,
213,0,True,normalized_three_quarter,48,1.0,1.0,0.0
213,0,True,confidence_low,32,1.0,,
213,0,True,entropy_high,8,1.0,0.375,-0.625
213,0,True,mask_ratio,8,1.0,0.375,-0.625
213,0,True,oof_state_value,16,1.0,1.0,0.0
213,0,True,oracle_localization,16,1.0,1.0,0.0
214,0,True,random_checkpoint,24,1.0,0.5,-0.5
214,0,True,earliest_eligible,8,0.875,0.5,-0.375
214,0,True,normalized_quarter,16,0.875,0.625,-0.25
214,0,True,normalized_midpoint,32,1.0,,
214,0,True,normalized_three_quarter,48,1.0,1.0,0.0
214,0,True,confidence_low,32,1.0,,
214,0,True,entropy_high,8,0.875,0.5,-0.375
214,0,True,mask_ratio,8,0.875,0.5,-0.375
214,0,True,oof_state_value,8,0.875,0.5,-0.375
214,0,True,oracle_localization,40,1.0,1.0,0.0
214,4,False,random_checkpoint,16,1.0,0.25,-0.75
214,4,False,earliest_eligible,8,0.75,0.75,0.0
214,4,False,normalized_quarter,16,1.0,0.25,-0.75
214,4,False,normalized_midpoint,32,0.0,,
214,4,False,normalized_three_quarter,48,0.0,0.0,0.0
214,4,False,confidence_low,32,0.0,,
214,4,False,entropy_high,8,0.75,0.75,0.0
214,4,False,mask_ratio,8,0.75,0.75,0.0
214,4,False,oof_state_value,8,0.75,0.75,0.0
214,4,False,oracle_localization,24,0.625,0.875,0.25
215,0,True,random_checkpoint,24,1.0,1.0,0.0
215,0,True,earliest_eligible,8,1.0,1.0,0.0
215,0,True,normalized_quarter,16,1.0,1.0,0.0
215,0,True,normalized_midpoint,32,1.0,,
215,0,True,normalized_three_quarter,48,1.0,1.0,0.0
215,0,True,confidence_low,32,1.0,,
215,0,True,entropy_high,8,1.0,1.0,0.0
215,0,True,mask_ratio,8,1.0,1.0,0.0
215,0,True,oof_state_value,24,1.0,1.0,0.0
215,0,True,oracle_localization,8,1.0,1.0,0.0
216,0,True,random_checkpoint,24,1.0,1.0,0.0
216,0,True,earliest_eligible,8,1.0,1.0,0.0
216,0,True,normalized_quarter,16,1.0,1.0,0.0
216,0,True,normalized_midpoint,32,1.0,,
216,0,True,normalized_three_quarter,48,1.0,1.0,0.0
216,0,True,confidence_low,8,1.0,1.0,0.0
216,0,True,entropy_high,8,1.0,1.0,0.0
216,0,True,mask_ratio,8,1.0,1.0,0.0
216,0,True,oof_state_value,8,1.0,1.0,0.0
216,0,True,oracle_localization,8,1.0,1.0,0.0
217,0,True,random_checkpoint,40,1.0,1.0,0.0
217,0,True,earliest_eligible,8,1.0,1.0,0.0
217,0,True,normalized_quarter,16,1.0,1.0,0.0
217,0,True,normalized_midpoint,32,1.0,,
217,0,True,normalized_three_quarter,48,1.0,1.0,0.0
217,0,True,confidence_low,16,1.0,1.0,0.0
217,0,True,entropy_high,8,1.0,1.0,0.0
217,0,True,mask_ratio,8,1.0,1.0,0.0
217,0,True,oof_state_value,8,1.0,1.0,0.0
217,0,True,oracle_localization,8,1.0,1.0,0.0
218,0,True,random_checkpoint,48,1.0,1.0,0.0
218,0,True,earliest_eligible,8,1.0,1.0,0.0
218,0,True,normalized_quarter,16,1.0,1.0,0.0
218,0,True,normalized_midpoint,32,1.0,,
218,0,True,normalized_three_quarter,48,1.0,1.0,0.0
218,0,True,confidence_low,32,1.0,,
218,0,True,entropy_high,8,1.0,1.0,0.0
218,0,True,mask_ratio,8,1.0,1.0,0.0
218,0,True,oof_state_value,8,1.0,1.0,0.0
218,0,True,oracle_localization,8,1.0,1.0,0.0
219,0,True,random_checkpoint,32,1.0,,
219,0,True,earliest_eligible,8,0.375,0.25,-0.125
219,0,True,normalized_quarter,16,0.25,0.25,0.0
219,0,True,normalized_midpoint,32,1.0,,
219,0,True,normalized_three_quarter,48,1.0,1.0,0.0
219,0,True,confidence_low,8,0.375,0.25,-0.125
219,0,True,entropy_high,8,0.375,0.25,-0.125
219,0,True,mask_ratio,8,0.375,0.25,-0.125
219,0,True,oof_state_value,40,1.0,1.0,0.0
219,0,True,oracle_localization,24,1.0,1.0,0.0
219,1,False,random_checkpoint,8,0.25,0.125,-0.125
219,1,False,earliest_eligible,8,0.25,0.125,-0.125
219,1,False,normalized_quarter,16,0.25,0.25,0.0
219,1,False,normalized_midpoint,32,0.0,,
219,1,False,normalized_three_quarter,48,0.0,0.0,0.0
219,1,False,confidence_low,8,0.25,0.125,-0.125
219,1,False,entropy_high,8,0.25,0.125,-0.125
219,1,False,mask_ratio,8,0.25,0.125,-0.125
219,1,False,oof_state_value,40,0.0,0.0,0.0
219,1,False,oracle_localization,8,0.25,0.125,-0.125
220,0,False,random_checkpoint,56,0.0,0.0,0.0
220,0,False,earliest_eligible,8,0.75,0.5,-0.25
220,0,False,normalized_quarter,16,0.625,0.875,0.25
220,0,False,normalized_midpoint,32,0.0,,
220,0,False,normalized_three_quarter,48,0.0,0.0,0.0
220,0,False,confidence_low,8,0.75,0.5,-0.25
220,0,False,entropy_high,8,0.75,0.5,-0.25
220,0,False,mask_ratio,8,0.75,0.5,-0.25
220,0,False,oof_state_value,16,0.625,0.875,0.25
220,0,False,oracle_localization,16,0.625,0.875,0.25
220,1,True,random_checkpoint,64,1.0,,
220,1,True,earliest_eligible,8,0.875,0.75,-0.125
220,1,True,normalized_quarter,16,0.75,0.25,-0.5
220,1,True,normalized_midpoint,32,1.0,,
220,1,True,normalized_three_quarter,48,1.0,1.0,0.0
220,1,True,confidence_low,8,0.875,0.75,-0.125
220,1,True,entropy_high,8,0.875,0.75,-0.125
220,1,True,mask_ratio,8,0.875,0.75,-0.125
220,1,True,oof_state_value,16,0.75,0.25,-0.5
220,1,True,oracle_localization,24,1.0,1.0,0.0
221,0,True,random_checkpoint,56,1.0,1.0,0.0
221,0,True,earliest_eligible,8,0.875,1.0,0.125
221,0,True,normalized_quarter,16,0.75,0.875,0.125
221,0,True,normalized_midpoint,32,1.0,,
221,0,True,normalized_three_quarter,48,1.0,1.0,0.0
221,0,True,confidence_low,32,1.0,,
221,0,True,entropy_high,8,0.875,1.0,0.125
221,0,True,mask_ratio,8,0.875,1.0,0.125
221,0,True,oof_state_value,8,0.875,1.0,0.125
221,0,True,oracle_localization,8,0.875,1.0,0.125
221,1,False,random_checkpoint,64,0.0,,
221,1,False,earliest_eligible,8,0.875,1.0,0.125
221,1,False,normalized_quarter,16,0.625,1.0,0.375
221,1,False,normalized_midpoint,32,0.0,,
221,1,False,normalized_three_quarter,48,0.0,0.0,0.0
221,1,False,confidence_low,32,0.0,,
221,1,False,entropy_high,8,0.875,1.0,0.125
221,1,False,mask_ratio,8,0.875,1.0,0.125
221,1,False,oof_state_value,8,0.875,1.0,0.125
221,1,False,oracle_localization,8,0.875,1.0,0.125
222,0,True,random_checkpoint,32,1.0,,
222,0,True,earliest_eligible,8,1.0,1.0,0.0
222,0,True,normalized_quarter,16,1.0,1.0,0.0
222,0,True,normalized_midpoint,32,1.0,,
222,0,True,normalized_three_quarter,48,1.0,1.0,0.0
222,0,True,confidence_low,32,1.0,,
222,0,True,entropy_high,8,1.0,1.0,0.0
222,0,True,mask_ratio,8,1.0,1.0,0.0
222,0,True,oof_state_value,16,1.0,1.0,0.0
222,0,True,oracle_localization,8,1.0,1.0,0.0
223,0,True,random_checkpoint,56,1.0,1.0,0.0
223,0,True,earliest_eligible,8,1.0,1.0,0.0
223,0,True,normalized_quarter,16,1.0,1.0,0.0
223,0,True,normalized_midpoint,32,1.0,,
223,0,True,normalized_three_quarter,48,1.0,1.0,0.0
223,0,True,confidence_low,8,1.0,1.0,0.0
223,0,True,entropy_high,8,1.0,1.0,0.0
223,0,True,mask_ratio,8,1.0,1.0,0.0
223,0,True,oof_state_value,16,1.0,1.0,0.0
223,0,True,oracle_localization,8,1.0,1.0,0.0
224,0,True,random_checkpoint,48,1.0,1.0,0.0
224,0,True,earliest_eligible,8,0.875,1.0,0.125
224,0,True,normalized_quarter,16,1.0,1.0,0.0
224,0,True,normalized_midpoint,32,1.0,,
224,0,True,normalized_three_quarter,48,1.0,1.0,0.0
224,0,True,confidence_low,32,1.0,,
224,0,True,entropy_high,8,0.875,1.0,0.125
224,0,True,mask_ratio,8,0.875,1.0,0.125
224,0,True,oof_state_value,8,0.875,1.0,0.125
224,0,True,oracle_localization,8,0.875,1.0,0.125
225,0,False,random_checkpoint,64,0.0,,
225,0,False,earliest_eligible,8,0.0,0.0,0.0
225,0,False,normalized_quarter,16,0.0,0.0,0.0
225,0,False,normalized_midpoint,32,0.0,,
225,0,False,normalized_three_quarter,48,0.0,0.0,0.0
225,0,False,confidence_low,32,0.0,,
225,0,False,entropy_high,8,0.0,0.0,0.0
225,0,False,mask_ratio,8,0.0,0.0,0.0
225,0,False,oof_state_value,8,0.0,0.0,0.0
225,0,False,oracle_localization,8,0.0,0.0,0.0
226,0,True,random_checkpoint,56,1.0,1.0,0.0
226,0,True,earliest_eligible,8,0.75,1.0,0.25
226,0,True,normalized_quarter,16,0.5,0.0,-0.5
226,0,True,normalized_midpoint,32,1.0,,
226,0,True,normalized_three_quarter,48,1.0,1.0,0.0
226,0,True,confidence_low,32,1.0,,
226,0,True,entropy_high,8,0.75,1.0,0.25
226,0,True,mask_ratio,8,0.75,1.0,0.25
226,0,True,oof_state_value,8,0.75,1.0,0.25
226,0,True,oracle_localization,8,0.75,1.0,0.25
226,1,False,random_checkpoint,56,0.0,0.0,0.0
226,1,False,earliest_eligible,8,0.625,1.0,0.375
226,1,False,normalized_quarter,16,0.625,0.0,-0.625
226,1,False,normalized_midpoint,32,0.0,,
226,1,False,normalized_three_quarter,48,0.0,0.0,0.0
226,1,False,confidence_low,32,0.0,,
226,1,False,entropy_high,8,0.625,1.0,0.375
226,1,False,mask_ratio,8,0.625,1.0,0.375
226,1,False,oof_state_value,8,0.625,1.0,0.375
226,1,False,oracle_localization,8,0.625,1.0,0.375
227,0,True,random_checkpoint,56,1.0,1.0,0.0
227,0,True,earliest_eligible,8,1.0,1.0,0.0
227,0,True,normalized_quarter,16,1.0,1.0,0.0
227,0,True,normalized_midpoint,32,1.0,,
227,0,True,normalized_three_quarter,48,1.0,1.0,0.0
227,0,True,confidence_low,32,1.0,,
227,0,True,entropy_high,8,1.0,1.0,0.0
227,0,True,mask_ratio,8,1.0,1.0,0.0
227,0,True,oof_state_value,8,1.0,1.0,0.0
227,0,True,oracle_localization,8,1.0,1.0,0.0
228,0,True,random_checkpoint,40,1.0,1.0,0.0
228,0,True,earliest_eligible,8,1.0,1.0,0.0
228,0,True,normalized_quarter,16,1.0,1.0,0.0
228,0,True,normalized_midpoint,32,1.0,,
228,0,True,normalized_three_quarter,48,1.0,1.0,0.0
228,0,True,confidence_low,40,1.0,1.0,0.0
228,0,True,entropy_high,8,1.0,1.0,0.0
228,0,True,mask_ratio,8,1.0,1.0,0.0
228,0,True,oof_state_value,8,1.0,1.0,0.0
228,0,True,oracle_localization,8,1.0,1.0,0.0
228,2,False,random_checkpoint,16,1.0,1.0,0.0
228,2,False,earliest_eligible,8,0.875,0.875,0.0
228,2,False,normalized_quarter,16,1.0,1.0,0.0
228,2,False,normalized_midpoint,32,0.0,,
228,2,False,normalized_three_quarter,48,0.0,0.0,0.0
228,2,False,confidence_low,32,0.0,,
228,2,False,entropy_high,8,0.875,0.875,0.0
228,2,False,mask_ratio,8,0.875,0.875,0.0
228,2,False,oof_state_value,8,0.875,0.875,0.0
228,2,False,oracle_localization,8,0.875,0.875,0.0
229,0,False,random_checkpoint,8,1.0,1.0,0.0
229,0,False,earliest_eligible,8,1.0,1.0,0.0
229,0,False,normalized_quarter,16,1.0,1.0,0.0
229,0,False,normalized_midpoint,32,0.0,,
229,0,False,normalized_three_quarter,48,0.0,0.0,0.0
229,0,False,confidence_low,32,0.0,,
229,0,False,entropy_high,8,1.0,1.0,0.0
229,0,False,mask_ratio,8,1.0,1.0,0.0
229,0,False,oof_state_value,8,1.0,1.0,0.0
229,0,False,oracle_localization,16,1.0,1.0,0.0
229,1,True,random_checkpoint,16,0.5,0.625,0.125
229,1,True,earliest_eligible,8,1.0,1.0,0.0
229,1,True,normalized_quarter,16,0.5,0.625,0.125
229,1,True,normalized_midpoint,32,1.0,,
229,1,True,normalized_three_quarter,48,1.0,1.0,0.0
229,1,True,confidence_low,32,1.0,,
229,1,True,entropy_high,8,1.0,1.0,0.0
229,1,True,mask_ratio,8,1.0,1.0,0.0
229,1,True,oof_state_value,8,1.0,1.0,0.0
229,1,True,oracle_localization,8,1.0,1.0,0.0
230,0,True,random_checkpoint,64,1.0,,
230,0,True,earliest_eligible,8,1.0,1.0,0.0
230,0,True,normalized_quarter,16,1.0,1.0,0.0
230,0,True,normalized_midpoint,32,1.0,,
230,0,True,normalized_three_quarter,48,1.0,1.0,0.0
230,0,True,confidence_low,40,1.0,1.0,0.0
230,0,True,entropy_high,8,1.0,1.0,0.0
230,0,True,mask_ratio,8,1.0,1.0,0.0
230,0,True,oof_state_value,8,1.0,1.0,0.0
230,0,True,oracle_localization,8,1.0,1.0,0.0
231,0,True,random_checkpoint,56,1.0,1.0,0.0
231,0,True,earliest_eligible,8,1.0,1.0,0.0
231,0,True,normalized_quarter,16,1.0,1.0,0.0
231,0,True,normalized_midpoint,32,1.0,,
231,0,True,normalized_three_quarter,48,1.0,1.0,0.0
231,0,True,confidence_low,16,1.0,1.0,0.0
231,0,True,entropy_high,8,1.0,1.0,0.0
231,0,True,mask_ratio,8,1.0,1.0,0.0
231,0,True,oof_state_value,8,1.0,1.0,0.0
231,0,True,oracle_localization,8,1.0,1.0,0.0
232,0,True,random_checkpoint,24,1.0,1.0,0.0
232,0,True,earliest_eligible,8,0.875,0.875,0.0
232,0,True,normalized_quarter,16,1.0,0.875,-0.125
232,0,True,normalized_midpoint,32,1.0,,
232,0,True,normalized_three_quarter,48,1.0,1.0,0.0
232,0,True,confidence_low,8,0.875,0.875,0.0
232,0,True,entropy_high,8,0.875,0.875,0.0
232,0,True,mask_ratio,8,0.875,0.875,0.0
232,0,True,oof_state_value,16,1.0,0.875,-0.125
232,0,True,oracle_localization,8,0.875,0.875,0.0
233,0,True,random_checkpoint,32,1.0,,
233,0,True,earliest_eligible,8,1.0,0.375,-0.625
233,0,True,normalized_quarter,16,1.0,1.0,0.0
233,0,True,normalized_midpoint,32,1.0,,
233,0,True,normalized_three_quarter,48,1.0,1.0,0.0
233,0,True,confidence_low,8,1.0,0.375,-0.625
233,0,True,entropy_high,8,1.0,0.375,-0.625
233,0,True,mask_ratio,8,1.0,0.375,-0.625
233,0,True,oof_state_value,16,1.0,1.0,0.0
233,0,True,oracle_localization,16,1.0,1.0,0.0
233,1,False,random_checkpoint,8,0.0,0.75,0.75
233,1,False,earliest_eligible,8,0.0,0.75,0.75
233,1,False,normalized_quarter,16,0.0,1.0,1.0
233,1,False,normalized_midpoint,32,0.0,,
233,1,False,normalized_three_quarter,48,0.0,0.0,0.0
233,1,False,confidence_low,8,0.0,0.75,0.75
233,1,False,entropy_high,8,0.0,0.75,0.75
233,1,False,mask_ratio,8,0.0,0.75,0.75
233,1,False,oof_state_value,16,0.0,1.0,1.0
233,1,False,oracle_localization,8,0.0,0.75,0.75
234,0,True,random_checkpoint,16,1.0,1.0,0.0
234,0,True,earliest_eligible,8,1.0,1.0,0.0
234,0,True,normalized_quarter,16,1.0,1.0,0.0
234,0,True,normalized_midpoint,32,1.0,,
234,0,True,normalized_three_quarter,48,1.0,1.0,0.0
234,0,True,confidence_low,16,1.0,1.0,0.0
234,0,True,entropy_high,16,1.0,1.0,0.0
234,0,True,mask_ratio,8,1.0,1.0,0.0
234,0,True,oof_state_value,8,1.0,1.0,0.0
234,0,True,oracle_localization,8,1.0,1.0,0.0
235,0,True,random_checkpoint,40,1.0,1.0,0.0
235,0,True,earliest_eligible,8,1.0,1.0,0.0
235,0,True,normalized_quarter,16,1.0,1.0,0.0
235,0,True,normalized_midpoint,32,1.0,,
235,0,True,normalized_three_quarter,48,1.0,1.0,0.0
235,0,True,confidence_low,8,1.0,1.0,0.0
235,0,True,entropy_high,8,1.0,1.0,0.0
235,0,True,mask_ratio,8,1.0,1.0,0.0
235,0,True,oof_state_value,8,1.0,1.0,0.0
235,0,True,oracle_localization,8,1.0,1.0,0.0
236,0,True,random_checkpoint,8,1.0,1.0,0.0
236,0,True,earliest_eligible,8,1.0,1.0,0.0
236,0,True,normalized_quarter,16,1.0,0.75,-0.25
236,0,True,normalized_midpoint,32,1.0,,
236,0,True,normalized_three_quarter,48,1.0,1.0,0.0
236,0,True,confidence_low,8,1.0,1.0,0.0
236,0,True,entropy_high,8,1.0,1.0,0.0
236,0,True,mask_ratio,8,1.0,1.0,0.0
236,0,True,oof_state_value,48,1.0,1.0,0.0
236,0,True,oracle_localization,8,1.0,1.0,0.0
236,1,False,random_checkpoint,40,0.0,0.0,0.0
236,1,False,earliest_eligible,8,0.625,0.625,0.0
236,1,False,normalized_quarter,16,0.875,0.875,0.0
236,1,False,normalized_midpoint,32,0.0,,
236,1,False,normalized_three_quarter,48,0.0,0.0,0.0
236,1,False,confidence_low,8,0.625,0.625,0.0
236,1,False,entropy_high,8,0.625,0.625,0.0
236,1,False,mask_ratio,8,0.625,0.625,0.0
236,1,False,oof_state_value,16,0.875,0.875,0.0
236,1,False,oracle_localization,8,0.625,0.625,0.0
237,0,True,random_checkpoint,8,1.0,1.0,0.0
237,0,True,earliest_eligible,8,1.0,1.0,0.0
237,0,True,normalized_quarter,16,1.0,1.0,0.0
237,0,True,normalized_midpoint,32,1.0,,
237,0,True,normalized_three_quarter,48,1.0,1.0,0.0
237,0,True,confidence_low,40,1.0,1.0,0.0
237,0,True,entropy_high,8,1.0,1.0,0.0
237,0,True,mask_ratio,8,1.0,1.0,0.0
237,0,True,oof_state_value,8,1.0,1.0,0.0
237,0,True,oracle_localization,8,1.0,1.0,0.0
238,0,True,random_checkpoint,32,1.0,,
238,0,True,earliest_eligible,8,1.0,1.0,0.0
238,0,True,normalized_quarter,16,1.0,1.0,0.0
238,0,True,normalized_midpoint,32,1.0,,
238,0,True,normalized_three_quarter,48,1.0,1.0,0.0
238,0,True,confidence_low,32,1.0,,
238,0,True,entropy_high,8,1.0,1.0,0.0
238,0,True,mask_ratio,8,1.0,1.0,0.0
238,0,True,oof_state_value,8,1.0,1.0,0.0
238,0,True,oracle_localization,16,1.0,1.0,0.0
239,0,True,random_checkpoint,32,1.0,,
239,0,True,earliest_eligible,8,1.0,1.0,0.0
239,0,True,normalized_quarter,16,1.0,1.0,0.0
239,0,True,normalized_midpoint,32,1.0,,
239,0,True,normalized_three_quarter,48,1.0,1.0,0.0
239,0,True,confidence_low,8,1.0,1.0,0.0
239,0,True,entropy_high,8,1.0,1.0,0.0
239,0,True,mask_ratio,8,1.0,1.0,0.0
239,0,True,oof_state_value,16,1.0,1.0,0.0
239,0,True,oracle_localization,8,1.0,1.0,0.0
240,0,True,random_checkpoint,32,1.0,,
240,0,True,earliest_eligible,8,1.0,1.0,0.0
240,0,True,normalized_quarter,16,1.0,1.0,0.0
240,0,True,normalized_midpoint,32,1.0,,
240,0,True,normalized_three_quarter,48,1.0,1.0,0.0
240,0,True,confidence_low,8,1.0,1.0,0.0
240,0,True,entropy_high,8,1.0,1.0,0.0
240,0,True,mask_ratio,8,1.0,1.0,0.0
240,0,True,oof_state_value,16,1.0,1.0,0.0
240,0,True,oracle_localization,8,1.0,1.0,0.0
241,0,False,random_checkpoint,32,0.0,,
241,0,False,earliest_eligible,8,0.125,0.625,0.5
241,0,False,normalized_quarter,16,0.0,0.125,0.125
241,0,False,normalized_midpoint,32,0.0,,
241,0,False,normalized_three_quarter,48,0.0,0.0,0.0
241,0,False,confidence_low,16,0.0,0.125,0.125
241,0,False,entropy_high,16,0.0,0.125,0.125
241,0,False,mask_ratio,8,0.125,0.625,0.5
241,0,False,oof_state_value,8,0.125,0.625,0.5
241,0,False,oracle_localization,8,0.125,0.625,0.5
241,3,True,random_checkpoint,16,0.0,0.375,0.375
241,3,True,earliest_eligible,8,0.125,0.5,0.375
241,3,True,normalized_quarter,16,0.0,0.375,0.375
241,3,True,normalized_midpoint,32,1.0,,
241,3,True,normalized_three_quarter,48,1.0,1.0,0.0
241,3,True,confidence_low,32,1.0,,
241,3,True,entropy_high,8,0.125,0.5,0.375
241,3,True,mask_ratio,8,0.125,0.5,0.375
241,3,True,oof_state_value,16,0.0,0.375,0.375
241,3,True,oracle_localization,40,1.0,1.0,0.0
242,0,True,random_checkpoint,56,1.0,1.0,0.0
242,0,True,earliest_eligible,8,1.0,1.0,0.0
242,0,True,normalized_quarter,16,1.0,1.0,0.0
242,0,True,normalized_midpoint,32,1.0,,
242,0,True,normalized_three_quarter,48,1.0,1.0,0.0
242,0,True,confidence_low,8,1.0,1.0,0.0
242,0,True,entropy_high,8,1.0,1.0,0.0
242,0,True,mask_ratio,8,1.0,1.0,0.0
242,0,True,oof_state_value,16,1.0,1.0,0.0
242,0,True,oracle_localization,8,1.0,1.0,0.0
243,0,True,random_checkpoint,48,1.0,1.0,0.0
243,0,True,earliest_eligible,8,1.0,1.0,0.0
243,0,True,normalized_quarter,16,1.0,1.0,0.0
243,0,True,normalized_midpoint,32,1.0,,
243,0,True,normalized_three_quarter,48,1.0,1.0,0.0
243,0,True,confidence_low,8,1.0,1.0,0.0
243,0,True,entropy_high,8,1.0,1.0,0.0
243,0,True,mask_ratio,8,1.0,1.0,0.0
243,0,True,oof_state_value,24,1.0,0.875,-0.125
243,0,True,oracle_localization,8,1.0,1.0,0.0
244,0,True,random_checkpoint,16,0.625,0.875,0.25
244,0,True,earliest_eligible,8,0.875,0.625,-0.25
244,0,True,normalized_quarter,16,0.625,0.875,0.25
244,0,True,normalized_midpoint,32,1.0,,
244,0,True,normalized_three_quarter,48,1.0,1.0,0.0
244,0,True,confidence_low,8,0.875,0.625,-0.25
244,0,True,entropy_high,8,0.875,0.625,-0.25
244,0,True,mask_ratio,8,0.875,0.625,-0.25
244,0,True,oof_state_value,16,0.625,0.875,0.25
244,0,True,oracle_localization,40,1.0,1.0,0.0
244,2,False,random_checkpoint,8,0.875,0.75,-0.125
244,2,False,earliest_eligible,8,0.875,0.75,-0.125
244,2,False,normalized_quarter,16,0.0,0.75,0.75
244,2,False,normalized_midpoint,32,0.0,,
244,2,False,normalized_three_quarter,48,0.0,0.0,0.0
244,2,False,confidence_low,8,0.875,0.75,-0.125
244,2,False,entropy_high,8,0.875,0.75,-0.125
244,2,False,mask_ratio,8,0.875,0.75,-0.125
244,2,False,oof_state_value,16,0.0,0.75,0.75
244,2,False,oracle_localization,16,0.0,0.75,0.75
245,0,True,random_checkpoint,16,1.0,1.0,0.0
245,0,True,earliest_eligible,8,1.0,1.0,0.0
245,0,True,normalized_quarter,16,1.0,1.0,0.0
245,0,True,normalized_midpoint,32,1.0,,
245,0,True,normalized_three_quarter,48,1.0,1.0,0.0
245,0,True,confidence_low,32,1.0,,
245,0,True,entropy_high,8,1.0,1.0,0.0
245,0,True,mask_ratio,8,1.0,1.0,0.0
245,0,True,oof_state_value,24,1.0,1.0,0.0
245,0,True,oracle_localization,8,1.0,1.0,0.0
246,0,False,random_checkpoint,64,0.0,,
246,0,False,earliest_eligible,8,0.25,0.25,0.0
246,0,False,normalized_quarter,16,0.0,0.125,0.125
246,0,False,normalized_midpoint,32,0.0,,
246,0,False,normalized_three_quarter,48,0.0,0.0,0.0
246,0,False,confidence_low,16,0.0,0.125,0.125
246,0,False,entropy_high,8,0.25,0.25,0.0
246,0,False,mask_ratio,8,0.25,0.25,0.0
246,0,False,oof_state_value,8,0.25,0.25,0.0
246,0,False,oracle_localization,8,0.25,0.25,0.0
246,2,True,random_checkpoint,16,1.0,0.125,-0.875
246,2,True,earliest_eligible,8,0.375,0.375,0.0
246,2,True,normalized_quarter,16,1.0,0.125,-0.875
246,2,True,normalized_midpoint,32,1.0,,
246,2,True,normalized_three_quarter,48,1.0,1.0,0.0
246,2,True,confidence_low,16,1.0,0.125,-0.875
246,2,True,entropy_high,8,0.375,0.375,0.0
246,2,True,mask_ratio,8,0.375,0.375,0.0
246,2,True,oof_state_value,8,0.375,0.375,0.0
246,2,True,oracle_localization,24,1.0,1.0,0.0
247,0,True,random_checkpoint,64,1.0,,
247,0,True,earliest_eligible,8,1.0,1.0,0.0
247,0,True,normalized_quarter,16,1.0,1.0,0.0
247,0,True,normalized_midpoint,32,1.0,,
247,0,True,normalized_three_quarter,48,1.0,1.0,0.0
247,0,True,confidence_low,32,1.0,,
247,0,True,entropy_high,8,1.0,1.0,0.0
247,0,True,mask_ratio,8,1.0,1.0,0.0
247,0,True,oof_state_value,16,1.0,1.0,0.0
247,0,True,oracle_localization,8,1.0,1.0,0.0
248,0,True,random_checkpoint,40,1.0,1.0,0.0
248,0,True,earliest_eligible,8,1.0,1.0,0.0
248,0,True,normalized_quarter,16,0.875,0.875,0.0
248,0,True,normalized_midpoint,32,1.0,,
248,0,True,normalized_three_quarter,48,1.0,1.0,0.0
248,0,True,confidence_low,16,0.875,0.875,0.0
248,0,True,entropy_high,8,1.0,1.0,0.0
248,0,True,mask_ratio,8,1.0,1.0,0.0
248,0,True,oof_state_value,8,1.0,1.0,0.0
248,0,True,oracle_localization,8,1.0,1.0,0.0
249,0,False,random_checkpoint,24,0.25,0.625,0.375
249,0,False,earliest_eligible,8,0.625,0.625,0.0
249,0,False,normalized_quarter,16,0.0,0.5,0.5
249,0,False,normalized_midpoint,32,0.0,,
249,0,False,normalized_three_quarter,48,0.0,0.0,0.0
249,0,False,confidence_low,32,0.0,,
249,0,False,entropy_high,8,0.625,0.625,0.0
249,0,False,mask_ratio,8,0.625,0.625,0.0
249,0,False,oof_state_value,8,0.625,0.625,0.0
249,0,False,oracle_localization,16,0.0,0.5,0.5
249,5,True,random_checkpoint,40,1.0,1.0,0.0
249,5,True,earliest_eligible,8,0.375,0.375,0.0
249,5,True,normalized_quarter,16,0.375,0.5,0.125
249,5,True,normalized_midpoint,32,1.0,,
249,5,True,normalized_three_quarter,48,1.0,1.0,0.0
249,5,True,confidence_low,32,1.0,,
249,5,True,entropy_high,8,0.375,0.375,0.0
249,5,True,mask_ratio,8,0.375,0.375,0.0
249,5,True,oof_state_value,8,0.375,0.375,0.0
249,5,True,oracle_localization,40,1.0,1.0,0.0
