item_id,trajectory_id,base_correct,selector,step_index,q_native_confirm,q_repair_confirm,delta_confirm
0,0,False,random_checkpoint,48,0.0,0.0,0.0
0,0,False,earliest_eligible,8,0.25,0.125,-0.125
0,0,False,normalized_quarter,16,0.0,0.25,0.25
0,0,False,normalized_midpoint,32,0.0,1.0,1.0
0,0,False,normalized_three_quarter,48,0.0,0.0,0.0
0,0,False,confidence_low,8,0.25,0.125,-0.125
0,0,False,entropy_high,8,0.25,0.125,-0.125
0,0,False,mask_ratio,8,0.25,0.125,-0.125
0,0,False,oof_state_value,48,0.0,0.0,0.0
0,0,False,oracle_localization,16,0.0,0.25,0.25
0,2,True,random_checkpoint,32,1.0,1.0,0.0
0,2,True,earliest_eligible,8,0.625,0.5,-0.125
0,2,True,normalized_quarter,16,1.0,1.0,0.0
0,2,True,normalized_midpoint,32,1.0,1.0,0.0
0,2,True,normalized_three_quarter,48,1.0,1.0,0.0
0,2,True,confidence_low,8,0.625,0.5,-0.125
0,2,True,entropy_high,8,0.625,0.5,-0.125
0,2,True,mask_ratio,8,0.625,0.5,-0.125
0,2,True,oof_state_value,56,1.0,1.0,0.0
0,2,True,oracle_localization,24,1.0,1.0,0.0
1,0,False,random_checkpoint,24,0.0,0.0,0.0
1,0,False,earliest_eligible,8,0.0,0.0,0.0
1,0,False,normalized_quarter,16,0.25,0.5,0.25
1,0,False,normalized_midpoint,32,0.0,0.0,0.0
1,0,False,normalized_three_quarter,48,0.0,0.0,0.0
1,0,False,confidence_low,8,0.0,0.0,0.0
1,0,False,entropy_high,8,0.0,0.0,0.0
1,0,False,mask_ratio,8,0.0,0.0,0.0
1,0,False,oof_state_value,32,0.0,0.0,0.0
1,0,False,oracle_localization,56,0.0,1.0,1.0
2,0,False,random_checkpoint,64,0.0,,
2,0,False,earliest_eligible,8,0.0,0.0,0.0
2,0,False,normalized_quarter,16,0.0,0.0,0.0
2,0,False,normalized_midpoint,32,0.0,0.0,0.0
2,0,False,normalized_three_quarter,48,0.0,0.0,0.0
2,0,False,confidence_low,8,0.0,0.0,0.0
2,0,False,entropy_high,8,0.0,0.0,0.0
2,0,False,mask_ratio,8,0.0,0.0,0.0
2,0,False,oof_state_value,48,0.0,0.0,0.0
2,0,False,oracle_localization,8,0.0,0.0,0.0
3,0,True,random_checkpoint,8,1.0,1.0,0.0
3,0,True,earliest_eligible,8,1.0,1.0,0.0
3,0,True,normalized_quarter,16,1.0,1.0,0.0
3,0,True,normalized_midpoint,32,1.0,1.0,0.0
3,0,True,normalized_three_quarter,48,1.0,1.0,0.0
3,0,True,confidence_low,8,1.0,1.0,0.0
3,0,True,entropy_high,8,1.0,1.0,0.0
3,0,True,mask_ratio,8,1.0,1.0,0.0
3,0,True,oof_state_value,24,1.0,1.0,0.0
3,0,True,oracle_localization,8,1.0,1.0,0.0
3,3,False,random_checkpoint,48,0.0,0.0,0.0
3,3,False,earliest_eligible,8,0.125,0.375,0.25
3,3,False,normalized_quarter,16,0.0,0.0,0.0
3,3,False,normalized_midpoint,32,0.0,0.0,0.0
3,3,False,normalized_three_quarter,48,0.0,0.0,0.0
3,3,False,confidence_low,8,0.125,0.375,0.25
3,3,False,entropy_high,8,0.125,0.375,0.25
3,3,False,mask_ratio,8,0.125,0.375,0.25
3,3,False,oof_state_value,24,0.0,0.0,0.0
3,3,False,oracle_localization,8,0.125,0.375,0.25
4,0,False,random_checkpoint,16,0.0,0.0,0.0
4,0,False,earliest_eligible,8,0.0,0.125,0.125
4,0,False,normalized_quarter,16,0.0,0.0,0.0
4,0,False,normalized_midpoint,32,0.0,0.0,0.0
4,0,False,normalized_three_quarter,48,0.0,0.0,0.0
4,0,False,confidence_low,8,0.0,0.125,0.125
4,0,False,entropy_high,8,0.0,0.125,0.125
4,0,False,mask_ratio,8,0.0,0.125,0.125
4,0,False,oof_state_value,48,0.0,0.0,0.0
4,0,False,oracle_localization,8,0.0,0.125,0.125
4,7,True,random_checkpoint,24,1.0,1.0,0.0
4,7,True,earliest_eligible,8,1.0,1.0,0.0
4,7,True,normalized_quarter,16,1.0,1.0,0.0
4,7,True,normalized_midpoint,32,1.0,1.0,0.0
4,7,True,normalized_three_quarter,48,1.0,1.0,0.0
4,7,True,confidence_low,8,1.0,1.0,0.0
4,7,True,entropy_high,8,1.0,1.0,0.0
4,7,True,mask_ratio,8,1.0,1.0,0.0
4,7,True,oof_state_value,40,1.0,1.0,0.0
4,7,True,oracle_localization,8,1.0,1.0,0.0
5,0,True,random_checkpoint,56,1.0,1.0,0.0
5,0,True,earliest_eligible,8,1.0,0.75,-0.25
5,0,True,normalized_quarter,16,1.0,1.0,0.0
5,0,True,normalized_midpoint,32,1.0,1.0,0.0
5,0,True,normalized_three_quarter,48,1.0,1.0,0.0
5,0,True,confidence_low,8,1.0,0.75,-0.25
5,0,True,entropy_high,8,1.0,0.75,-0.25
5,0,True,mask_ratio,8,1.0,0.75,-0.25
5,0,True,oof_state_value,24,1.0,1.0,0.0
5,0,True,oracle_localization,16,1.0,1.0,0.0
5,6,False,random_checkpoint,24,0.0,0.0,0.0
5,6,False,earliest_eligible,8,0.625,0.875,0.25
5,6,False,normalized_quarter,16,0.0,0.125,0.125
5,6,False,normalized_midpoint,32,0.0,0.0,0.0
5,6,False,normalized_three_quarter,48,0.0,0.0,0.0
5,6,False,confidence_low,8,0.625,0.875,0.25
5,6,False,entropy_high,8,0.625,0.875,0.25
5,6,False,mask_ratio,8,0.625,0.875,0.25
5,6,False,oof_state_value,24,0.0,0.0,0.0
5,6,False,oracle_localization,8,0.625,0.875,0.25
6,0,True,random_checkpoint,40,1.0,1.0,0.0
6,0,True,earliest_eligible,8,0.625,0.5,-0.125
6,0,True,normalized_quarter,16,1.0,1.0,0.0
6,0,True,normalized_midpoint,32,1.0,1.0,0.0
6,0,True,normalized_three_quarter,48,1.0,1.0,0.0
6,0,True,confidence_low,8,0.625,0.5,-0.125
6,0,True,entropy_high,8,0.625,0.5,-0.125
6,0,True,mask_ratio,8,0.625,0.5,-0.125
6,0,True,oof_state_value,56,1.0,1.0,0.0
6,0,True,oracle_localization,16,1.0,1.0,0.0
6,1,False,random_checkpoint,64,0.0,,
6,1,False,earliest_eligible,8,0.125,0.375,0.25
6,1,False,normalized_quarter,16,0.0,0.0,0.0
6,1,False,normalized_midpoint,32,0.0,0.0,0.0
6,1,False,normalized_three_quarter,48,0.0,0.0,0.0
6,1,False,confidence_low,8,0.125,0.375,0.25
6,1,False,entropy_high,8,0.125,0.375,0.25
6,1,False,mask_ratio,8,0.125,0.375,0.25
6,1,False,oof_state_value,40,0.0,0.0,0.0
6,1,False,oracle_localization,8,0.125,0.375,0.25
7,0,False,random_checkpoint,24,0.0,0.0,0.0
7,0,False,earliest_eligible,8,0.0,0.0,0.0
7,0,False,normalized_quarter,16,0.0,0.0,0.0
7,0,False,normalized_midpoint,32,0.0,0.0,0.0
7,0,False,normalized_three_quarter,48,0.0,0.0,0.0
7,0,False,confidence_low,8,0.0,0.0,0.0
7,0,False,entropy_high,8,0.0,0.0,0.0
7,0,False,mask_ratio,8,0.0,0.0,0.0
7,0,False,oof_state_value,48,0.0,0.0,0.0
7,0,False,oracle_localization,8,0.0,0.0,0.0
7,5,True,random_checkpoint,48,1.0,1.0,0.0
7,5,True,earliest_eligible,8,0.125,0.5,0.375
7,5,True,normalized_quarter,16,0.5,0.0,-0.5
7,5,True,normalized_midpoint,32,1.0,1.0,0.0
7,5,True,normalized_three_quarter,48,1.0,1.0,0.0
7,5,True,confidence_low,8,0.125,0.5,0.375
7,5,True,entropy_high,8,0.125,0.5,0.375
7,5,True,mask_ratio,8,0.125,0.5,0.375
7,5,True,oof_state_value,48,1.0,1.0,0.0
7,5,True,oracle_localization,24,1.0,1.0,0.0
8,0,False,random_checkpoint,8,0.0,0.0,0.0
8,0,False,earliest_eligible,8,0.0,0.0,0.0
8,0,False,normalized_quarter,16,0.0,0.0,0.0
8,0,False,normalized_midpoint,32,0.0,0.0,0.0
8,0,False,normalized_three_quarter,48,0.0,0.0,0.0
8,0,False,confidence_low,8,0.0,0.0,0.0
8,0,False,entropy_high,8,0.0,0.0,0.0
8,0,False,mask_ratio,8,0.0,0.0,0.0
8,0,False,oof_state_value,24,0.0,0.0,0.0
8,0,False,oracle_localization,8,0.0,0.0,0.0
9,0,False,random_checkpoint,16,0.0,0.0,0.0
9,0,False,earliest_eligible,8,0.0,0.375,0.375
9,0,False,normalized_quarter,16,0.0,0.0,0.0
9,0,False,normalized_midpoint,32,0.0,0.0,0.0
9,0,False,normalized_three_quarter,48,0.0,0.0,0.0
9,0,False,confidence_low,8,0.0,0.375,0.375
9,0,False,entropy_high,8,0.0,0.375,0.375
9,0,False,mask_ratio,8,0.0,0.375,0.375
9,0,False,oof_state_value,48,0.0,0.0,0.0
9,0,False,oracle_localization,8,0.0,0.375,0.375
9,3,True,random_checkpoint,16,0.75,0.875,0.125
9,3,True,earliest_eligible,8,0.75,0.625,-0.125
9,3,True,normalized_quarter,16,0.75,0.875,0.125
9,3,True,normalized_midpoint,32,0.875,1.0,0.125
9,3,True,normalized_three_quarter,48,1.0,1.0,0.0
9,3,True,confidence_low,8,0.75,0.625,-0.125
9,3,True,entropy_high,8,0.75,0.625,-0.125
9,3,True,mask_ratio,8,0.75,0.625,-0.125
9,3,True,oof_state_value,48,1.0,1.0,0.0
9,3,True,oracle_localization,24,1.0,1.0,0.0
10,0,False,random_checkpoint,8,0.0,0.0,0.0
10,0,False,earliest_eligible,8,0.0,0.0,0.0
10,0,False,normalized_quarter,16,0.0,0.0,0.0
10,0,False,normalized_midpoint,32,0.0,0.0,0.0
10,0,False,normalized_three_quarter,48,0.0,0.0,0.0
10,0,False,confidence_low,8,0.0,0.0,0.0
10,0,False,entropy_high,8,0.0,0.0,0.0
10,0,False,mask_ratio,8,0.0,0.0,0.0
10,0,False,oof_state_value,56,0.0,0.0,0.0
10,0,False,oracle_localization,8,0.0,0.0,0.0
11,0,False,random_checkpoint,56,0.0,0.0,0.0
11,0,False,earliest_eligible,8,0.0,0.0,0.0
11,0,False,normalized_quarter,16,0.0,0.0,0.0
11,0,False,normalized_midpoint,32,0.0,0.0,0.0
11,0,False,normalized_three_quarter,48,0.0,0.0,0.0
11,0,False,confidence_low,16,0.0,0.0,0.0
11,0,False,entropy_high,8,0.0,0.0,0.0
11,0,False,mask_ratio,8,0.0,0.0,0.0
11,0,False,oof_state_value,48,0.0,0.0,0.0
11,0,False,oracle_localization,8,0.0,0.0,0.0
12,0,False,random_checkpoint,16,0.0,0.0,0.0
12,0,False,earliest_eligible,8,0.125,0.125,0.0
12,0,False,normalized_quarter,16,0.0,0.0,0.0
12,0,False,normalized_midpoint,32,0.0,0.0,0.0
12,0,False,normalized_three_quarter,48,0.0,0.0,0.0
12,0,False,confidence_low,8,0.125,0.125,0.0
12,0,False,entropy_high,8,0.125,0.125,0.0
12,0,False,mask_ratio,8,0.125,0.125,0.0
12,0,False,oof_state_value,32,0.0,0.0,0.0
12,0,False,oracle_localization,24,0.125,0.25,0.125
13,0,False,random_checkpoint,16,0.0,0.0,0.0
13,0,False,earliest_eligible,8,0.0,0.0,0.0
13,0,False,normalized_quarter,16,0.0,0.0,0.0
13,0,False,normalized_midpoint,32,0.0,0.0,0.0
13,0,False,normalized_three_quarter,48,0.0,0.0,0.0
13,0,False,confidence_low,8,0.0,0.0,0.0
13,0,False,entropy_high,8,0.0,0.0,0.0
13,0,False,mask_ratio,8,0.0,0.0,0.0
13,0,False,oof_state_value,24,0.0,0.0,0.0
13,0,False,oracle_localization,8,0.0,0.0,0.0
13,1,True,random_checkpoint,56,1.0,1.0,0.0
13,1,True,earliest_eligible,8,1.0,0.875,-0.125
13,1,True,normalized_quarter,16,1.0,1.0,0.0
13,1,True,normalized_midpoint,32,1.0,1.0,0.0
13,1,True,normalized_three_quarter,48,1.0,1.0,0.0
13,1,True,confidence_low,8,1.0,0.875,-0.125
13,1,True,entropy_high,8,1.0,0.875,-0.125
13,1,True,mask_ratio,8,1.0,0.875,-0.125
13,1,True,oof_state_value,24,1.0,1.0,0.0
13,1,True,oracle_localization,8,1.0,0.875,-0.125
14,0,False,random_checkpoint,32,0.0,0.0,0.0
14,0,False,earliest_eligible,8,0.0,0.125,0.125
14,0,False,normalized_quarter,16,0.0,0.0,0.0
14,0,False,normalized_midpoint,32,0.0,0.0,0.0
14,0,False,normalized_three_quarter,48,0.0,0.0,0.0
14,0,False,confidence_low,8,0.0,0.125,0.125
14,0,False,entropy_high,8,0.0,0.125,0.125
14,0,False,mask_ratio,8,0.0,0.125,0.125
14,0,False,oof_state_value,56,0.0,0.0,0.0
14,0,False,oracle_localization,8,0.0,0.125,0.125
15,0,False,random_checkpoint,16,0.0,0.0,0.0
15,0,False,earliest_eligible,8,0.0,0.0,0.0
15,0,False,normalized_quarter,16,0.0,0.0,0.0
15,0,False,normalized_midpoint,32,0.0,0.0,0.0
15,0,False,normalized_three_quarter,48,0.0,0.0,0.0
15,0,False,confidence_low,8,0.0,0.0,0.0
15,0,False,entropy_high,8,0.0,0.0,0.0
15,0,False,mask_ratio,8,0.0,0.0,0.0
15,0,False,oof_state_value,8,0.0,0.0,0.0
15,0,False,oracle_localization,8,0.0,0.0,0.0
16,0,True,random_checkpoint,24,1.0,1.0,0.0
16,0,True,earliest_eligible,8,0.875,1.0,0.125
16,0,True,normalized_quarter,16,1.0,1.0,0.0
16,0,True,normalized_midpoint,32,1.0,1.0,0.0
16,0,True,normalized_three_quarter,48,1.0,1.0,0.0
16,0,True,confidence_low,8,0.875,1.0,0.125
16,0,True,entropy_high,8,0.875,1.0,0.125
16,0,True,mask_ratio,8,0.875,1.0,0.125
16,0,True,oof_state_value,40,1.0,1.0,0.0
16,0,True,oracle_localization,16,1.0,1.0,0.0
16,3,False,random_checkpoint,64,0.0,,
16,3,False,earliest_eligible,8,0.0,0.5,0.5
16,3,False,normalized_quarter,16,0.0,0.0,0.0
16,3,False,normalized_midpoint,32,0.0,0.0,0.0
16,3,False,normalized_three_quarter,48,0.0,0.0,0.0
16,3,False,confidence_low,8,0.0,0.5,0.5
16,3,False,entropy_high,8,0.0,0.5,0.5
16,3,False,mask_ratio,8,0.0,0.5,0.5
16,3,False,oof_state_value,24,0.0,0.0,0.0
16,3,False,oracle_localization,8,0.0,0.5,0.5
17,0,False,random_checkpoint,16,0.0,0.0,0.0
17,0,False,earliest_eligible,8,0.125,0.0,-0.125
17,0,False,normalized_quarter,16,0.0,0.0,0.0
17,0,False,normalized_midpoint,32,0.0,0.0,0.0
17,0,False,normalized_three_quarter,48,0.0,0.0,0.0
17,0,False,confidence_low,8,0.125,0.0,-0.125
17,0,False,entropy_high,8,0.125,0.0,-0.125
17,0,False,mask_ratio,8,0.125,0.0,-0.125
17,0,False,oof_state_value,56,0.0,0.0,0.0
17,0,False,oracle_localization,8,0.125,0.0,-0.125
17,1,True,random_checkpoint,8,0.25,0.125,-0.125
17,1,True,earliest_eligible,8,0.25,0.125,-0.125
17,1,True,normalized_quarter,16,0.0,0.125,0.125
17,1,True,normalized_midpoint,32,0.0,0.0,0.0
17,1,True,normalized_three_quarter,48,0.75,0.875,0.125
17,1,True,confidence_low,8,0.25,0.125,-0.125
17,1,True,entropy_high,8,0.25,0.125,-0.125
17,1,True,mask_ratio,8,0.25,0.125,-0.125
17,1,True,oof_state_value,48,0.75,0.875,0.125
17,1,True,oracle_localization,48,0.75,0.875,0.125
18,0,False,random_checkpoint,8,0.0,0.0,0.0
18,0,False,earliest_eligible,8,0.0,0.0,0.0
18,0,False,normalized_quarter,16,0.0,0.0,0.0
18,0,False,normalized_midpoint,32,0.0,0.0,0.0
18,0,False,normalized_three_quarter,48,0.0,0.0,0.0
18,0,False,confidence_low,16,0.0,0.0,0.0
18,0,False,entropy_high,8,0.0,0.0,0.0
18,0,False,mask_ratio,8,0.0,0.0,0.0
18,0,False,oof_state_value,56,0.0,0.0,0.0
18,0,False,oracle_localization,8,0.0,0.0,0.0
18,5,True,random_checkpoint,24,0.875,0.75,-0.125
18,5,True,earliest_eligible,8,0.25,0.0,-0.25
18,5,True,normalized_quarter,16,0.25,0.25,0.0
18,5,True,normalized_midpoint,32,1.0,1.0,0.0
18,5,True,normalized_three_quarter,48,1.0,1.0,0.0
18,5,True,confidence_low,8,0.25,0.0,-0.25
18,5,True,entropy_high,8,0.25,0.0,-0.25
18,5,True,mask_ratio,8,0.25,0.0,-0.25
18,5,True,oof_state_value,48,1.0,1.0,0.0
18,5,True,oracle_localization,24,0.875,0.75,-0.125
19,0,False,random_checkpoint,32,0.0,0.0,0.0
19,0,False,earliest_eligible,8,0.0,0.125,0.125
19,0,False,normalized_quarter,16,0.0,0.125,0.125
19,0,False,normalized_midpoint,32,0.0,0.0,0.0
19,0,False,normalized_three_quarter,48,0.0,0.0,0.0
19,0,False,confidence_low,8,0.0,0.125,0.125
19,0,False,entropy_high,8,0.0,0.125,0.125
19,0,False,mask_ratio,8,0.0,0.125,0.125
19,0,False,oof_state_value,56,0.0,0.0,0.0
19,0,False,oracle_localization,16,0.0,0.125,0.125
20,0,False,random_checkpoint,8,0.0,0.0,0.0
20,0,False,earliest_eligible,8,0.0,0.0,0.0
20,0,False,normalized_quarter,16,0.0,0.0,0.0
20,0,False,normalized_midpoint,32,0.0,0.0,0.0
20,0,False,normalized_three_quarter,48,0.0,0.0,0.0
20,0,False,confidence_low,8,0.0,0.0,0.0
20,0,False,entropy_high,8,0.0,0.0,0.0
20,0,False,mask_ratio,8,0.0,0.0,0.0
20,0,False,oof_state_value,48,0.0,0.0,0.0
20,0,False,oracle_localization,8,0.0,0.0,0.0
20,5,True,random_checkpoint,56,1.0,1.0,0.0
20,5,True,earliest_eligible,8,0.5,1.0,0.5
20,5,True,normalized_quarter,16,1.0,1.0,0.0
20,5,True,normalized_midpoint,32,1.0,1.0,0.0
20,5,True,normalized_three_quarter,48,1.0,1.0,0.0
20,5,True,confidence_low,8,0.5,1.0,0.5
20,5,True,entropy_high,8,0.5,1.0,0.5
20,5,True,mask_ratio,8,0.5,1.0,0.5
20,5,True,oof_state_value,56,1.0,1.0,0.0
20,5,True,oracle_localization,8,0.5,1.0,0.5
21,0,False,random_checkpoint,64,0.0,,
21,0,False,earliest_eligible,8,0.0,0.0,0.0
21,0,False,normalized_quarter,16,0.0,0.0,0.0
21,0,False,normalized_midpoint,32,0.0,0.0,0.0
21,0,False,normalized_three_quarter,48,0.0,0.0,0.0
21,0,False,confidence_low,8,0.0,0.0,0.0
21,0,False,entropy_high,8,0.0,0.0,0.0
21,0,False,mask_ratio,8,0.0,0.0,0.0
21,0,False,oof_state_value,24,0.0,0.0,0.0
21,0,False,oracle_localization,8,0.0,0.0,0.0
22,0,False,random_checkpoint,40,0.0,0.0,0.0
22,0,False,earliest_eligible,8,0.0,0.0,0.0
22,0,False,normalized_quarter,16,0.0,0.0,0.0
22,0,False,normalized_midpoint,32,0.0,0.0,0.0
22,0,False,normalized_three_quarter,48,0.0,0.0,0.0
22,0,False,confidence_low,8,0.0,0.0,0.0
22,0,False,entropy_high,8,0.0,0.0,0.0
22,0,False,mask_ratio,8,0.0,0.0,0.0
22,0,False,oof_state_value,48,0.0,0.0,0.0
22,0,False,oracle_localization,8,0.0,0.0,0.0
23,0,False,random_checkpoint,64,0.0,,
23,0,False,earliest_eligible,8,0.0,0.0,0.0
23,0,False,normalized_quarter,16,0.0,0.0,0.0
23,0,False,normalized_midpoint,32,0.0,0.0,0.0
23,0,False,normalized_three_quarter,48,0.0,0.0,0.0
23,0,False,confidence_low,40,0.0,0.0,0.0
23,0,False,entropy_high,8,0.0,0.0,0.0
23,0,False,mask_ratio,8,0.0,0.0,0.0
23,0,False,oof_state_value,48,0.0,0.0,0.0
23,0,False,oracle_localization,8,0.0,0.0,0.0
24,0,False,random_checkpoint,64,0.0,,
24,0,False,earliest_eligible,8,0.0,0.0,0.0
24,0,False,normalized_quarter,16,0.0,0.0,0.0
24,0,False,normalized_midpoint,32,0.0,0.0,0.0
24,0,False,normalized_three_quarter,48,0.0,0.0,0.0
24,0,False,confidence_low,8,0.0,0.0,0.0
24,0,False,entropy_high,8,0.0,0.0,0.0
24,0,False,mask_ratio,8,0.0,0.0,0.0
24,0,False,oof_state_value,56,0.0,0.0,0.0
24,0,False,oracle_localization,8,0.0,0.0,0.0
24,2,True,random_checkpoint,56,1.0,1.0,0.0
24,2,True,earliest_eligible,8,0.25,0.0,-0.25
24,2,True,normalized_quarter,16,0.125,0.125,0.0
24,2,True,normalized_midpoint,32,0.875,1.0,0.125
24,2,True,normalized_three_quarter,48,1.0,1.0,0.0
24,2,True,confidence_low,8,0.25,0.0,-0.25
24,2,True,entropy_high,8,0.25,0.0,-0.25
24,2,True,mask_ratio,8,0.25,0.0,-0.25
24,2,True,oof_state_value,48,1.0,1.0,0.0
24,2,True,oracle_localization,32,0.875,1.0,0.125
25,0,False,random_checkpoint,64,0.0,,
25,0,False,earliest_eligible,8,0.0,0.0,0.0
25,0,False,normalized_quarter,16,0.0,0.0,0.0
25,0,False,normalized_midpoint,32,0.0,0.0,0.0
25,0,False,normalized_three_quarter,48,0.0,0.0,0.0
25,0,False,confidence_low,8,0.0,0.0,0.0
25,0,False,entropy_high,8,0.0,0.0,0.0
25,0,False,mask_ratio,8,0.0,0.0,0.0
25,0,False,oof_state_value,40,0.0,0.0,0.0
25,0,False,oracle_localization,8,0.0,0.0,0.0
26,0,False,random_checkpoint,40,0.0,0.0,0.0
26,0,False,earliest_eligible,8,0.0,0.0,0.0
26,0,False,normalized_quarter,16,0.0,0.0,0.0
26,0,False,normalized_midpoint,32,0.0,0.0,0.0
26,0,False,normalized_three_quarter,48,0.0,0.0,0.0
26,0,False,confidence_low,8,0.0,0.0,0.0
26,0,False,entropy_high,8,0.0,0.0,0.0
26,0,False,mask_ratio,8,0.0,0.0,0.0
26,0,False,oof_state_value,48,0.0,0.0,0.0
26,0,False,oracle_localization,8,0.0,0.0,0.0
27,0,False,random_checkpoint,32,0.0,0.0,0.0
27,0,False,earliest_eligible,8,0.0,0.0,0.0
27,0,False,normalized_quarter,16,0.0,0.0,0.0
27,0,False,normalized_midpoint,32,0.0,0.0,0.0
27,0,False,normalized_three_quarter,48,0.0,0.0,0.0
27,0,False,confidence_low,8,0.0,0.0,0.0
27,0,False,entropy_high,8,0.0,0.0,0.0
27,0,False,mask_ratio,8,0.0,0.0,0.0
27,0,False,oof_state_value,40,0.0,0.0,0.0
27,0,False,oracle_localization,8,0.0,0.0,0.0
28,0,False,random_checkpoint,8,0.25,0.5,0.25
28,0,False,earliest_eligible,8,0.25,0.5,0.25
28,0,False,normalized_quarter,16,0.0,0.0,0.0
28,0,False,normalized_midpoint,32,0.0,1.0,1.0
28,0,False,normalized_three_quarter,48,0.0,0.0,0.0
28,0,False,confidence_low,8,0.25,0.5,0.25
28,0,False,entropy_high,8,0.25,0.5,0.25
28,0,False,mask_ratio,8,0.25,0.5,0.25
28,0,False,oof_state_value,24,0.0,0.0,0.0
28,0,False,oracle_localization,32,0.0,1.0,1.0
29,0,False,random_checkpoint,40,0.0,0.0,0.0
29,0,False,earliest_eligible,8,0.0,0.0,0.0
29,0,False,normalized_quarter,16,0.0,0.0,0.0
29,0,False,normalized_midpoint,32,0.0,0.0,0.0
29,0,False,normalized_three_quarter,48,0.0,0.0,0.0
29,0,False,confidence_low,8,0.0,0.0,0.0
29,0,False,entropy_high,8,0.0,0.0,0.0
29,0,False,mask_ratio,8,0.0,0.0,0.0
29,0,False,oof_state_value,56,0.0,0.0,0.0
29,0,False,oracle_localization,8,0.0,0.0,0.0
29,2,True,random_checkpoint,40,1.0,1.0,0.0
29,2,True,earliest_eligible,8,0.25,0.5,0.25
29,2,True,normalized_quarter,16,0.75,1.0,0.25
29,2,True,normalized_midpoint,32,1.0,1.0,0.0
29,2,True,normalized_three_quarter,48,1.0,1.0,0.0
29,2,True,confidence_low,8,0.25,0.5,0.25
29,2,True,entropy_high,8,0.25,0.5,0.25
29,2,True,mask_ratio,8,0.25,0.5,0.25
29,2,True,oof_state_value,48,1.0,1.0,0.0
29,2,True,oracle_localization,8,0.25,0.5,0.25
30,0,False,random_checkpoint,40,0.0,0.0,0.0
30,0,False,earliest_eligible,8,0.0,0.0,0.0
30,0,False,normalized_quarter,16,0.0,0.0,0.0
30,0,False,normalized_midpoint,32,0.0,0.0,0.0
30,0,False,normalized_three_quarter,48,0.0,0.0,0.0
30,0,False,confidence_low,8,0.0,0.0,0.0
30,0,False,entropy_high,8,0.0,0.0,0.0
30,0,False,mask_ratio,8,0.0,0.0,0.0
30,0,False,oof_state_value,48,0.0,0.0,0.0
30,0,False,oracle_localization,8,0.0,0.0,0.0
31,0,False,random_checkpoint,64,0.0,,
31,0,False,earliest_eligible,8,0.0,0.0,0.0
31,0,False,normalized_quarter,16,0.0,0.0,0.0
31,0,False,normalized_midpoint,32,0.0,0.0,0.0
31,0,False,normalized_three_quarter,48,0.0,0.0,0.0
31,0,False,confidence_low,8,0.0,0.0,0.0
31,0,False,entropy_high,8,0.0,0.0,0.0
31,0,False,mask_ratio,8,0.0,0.0,0.0
31,0,False,oof_state_value,24,0.0,0.0,0.0
31,0,False,oracle_localization,8,0.0,0.0,0.0
32,0,True,random_checkpoint,24,1.0,1.0,0.0
32,0,True,earliest_eligible,8,0.375,0.125,-0.25
32,0,True,normalized_quarter,16,0.5,1.0,0.5
32,0,True,normalized_midpoint,32,1.0,1.0,0.0
32,0,True,normalized_three_quarter,48,1.0,1.0,0.0
32,0,True,confidence_low,8,0.375,0.125,-0.25
32,0,True,entropy_high,8,0.375,0.125,-0.25
32,0,True,mask_ratio,8,0.375,0.125,-0.25
32,0,True,oof_state_value,32,1.0,1.0,0.0
32,0,True,oracle_localization,24,1.0,1.0,0.0
32,1,False,random_checkpoint,16,0.0,0.0,0.0
32,1,False,earliest_eligible,8,0.0,0.0,0.0
32,1,False,normalized_quarter,16,0.0,0.0,0.0
32,1,False,normalized_midpoint,32,0.0,0.0,0.0
32,1,False,normalized_three_quarter,48,0.0,0.0,0.0
32,1,False,confidence_low,8,0.0,0.0,0.0
32,1,False,entropy_high,8,0.0,0.0,0.0
32,1,False,mask_ratio,8,0.0,0.0,0.0
32,1,False,oof_state_value,48,0.0,0.0,0.0
32,1,False,oracle_localization,8,0.0,0.0,0.0
33,0,False,random_checkpoint,16,0.0,0.0,0.0
33,0,False,earliest_eligible,8,0.0,0.0,0.0
33,0,False,normalized_quarter,16,0.0,0.0,0.0
33,0,False,normalized_midpoint,32,0.0,0.0,0.0
33,0,False,normalized_three_quarter,48,0.0,0.0,0.0
33,0,False,confidence_low,16,0.0,0.0,0.0
33,0,False,entropy_high,8,0.0,0.0,0.0
33,0,False,mask_ratio,8,0.0,0.0,0.0
33,0,False,oof_state_value,16,0.0,0.0,0.0
33,0,False,oracle_localization,8,0.0,0.0,0.0
34,0,False,random_checkpoint,40,0.0,0.0,0.0
34,0,False,earliest_eligible,8,0.0,0.0,0.0
34,0,False,normalized_quarter,16,0.0,0.0,0.0
34,0,False,normalized_midpoint,32,0.0,0.0,0.0
34,0,False,normalized_three_quarter,48,0.0,0.0,0.0
34,0,False,confidence_low,8,0.0,0.0,0.0
34,0,False,entropy_high,8,0.0,0.0,0.0
34,0,False,mask_ratio,8,0.0,0.0,0.0
34,0,False,oof_state_value,48,0.0,0.0,0.0
34,0,False,oracle_localization,8,0.0,0.0,0.0
35,0,False,random_checkpoint,48,0.0,0.0,0.0
35,0,False,earliest_eligible,8,0.0,0.0,0.0
35,0,False,normalized_quarter,16,0.0,0.125,0.125
35,0,False,normalized_midpoint,32,0.0,0.0,0.0
35,0,False,normalized_three_quarter,48,0.0,0.0,0.0
35,0,False,confidence_low,8,0.0,0.0,0.0
35,0,False,entropy_high,8,0.0,0.0,0.0
35,0,False,mask_ratio,8,0.0,0.0,0.0
35,0,False,oof_state_value,56,0.0,0.0,0.0
35,0,False,oracle_localization,8,0.0,0.0,0.0
36,0,False,random_checkpoint,48,0.0,0.0,0.0
36,0,False,earliest_eligible,8,0.0,0.0,0.0
36,0,False,normalized_quarter,16,0.0,0.0,0.0
36,0,False,normalized_midpoint,32,0.0,0.0,0.0
36,0,False,normalized_three_quarter,48,0.0,0.0,0.0
36,0,False,confidence_low,8,0.0,0.0,0.0
36,0,False,entropy_high,8,0.0,0.0,0.0
36,0,False,mask_ratio,8,0.0,0.0,0.0
36,0,False,oof_state_value,16,0.0,0.0,0.0
36,0,False,oracle_localization,8,0.0,0.0,0.0
37,0,True,random_checkpoint,56,1.0,1.0,0.0
37,0,True,earliest_eligible,8,0.625,0.5,-0.125
37,0,True,normalized_quarter,16,0.75,0.0,-0.75
37,0,True,normalized_midpoint,32,0.0,0.0,0.0
37,0,True,normalized_three_quarter,48,1.0,1.0,0.0
37,0,True,confidence_low,8,0.625,0.5,-0.125
37,0,True,entropy_high,8,0.625,0.5,-0.125
37,0,True,mask_ratio,8,0.625,0.5,-0.125
37,0,True,oof_state_value,40,0.25,0.0,-0.25
37,0,True,oracle_localization,48,1.0,1.0,0.0
37,1,False,random_checkpoint,24,0.375,0.125,-0.25
37,1,False,earliest_eligible,8,0.375,0.375,0.0
37,1,False,normalized_quarter,16,0.125,0.625,0.5
37,1,False,normalized_midpoint,32,0.0,0.125,0.125
37,1,False,normalized_three_quarter,48,0.0,0.0,0.0
37,1,False,confidence_low,8,0.375,0.375,0.0
37,1,False,entropy_high,8,0.375,0.375,0.0
37,1,False,mask_ratio,8,0.375,0.375,0.0
37,1,False,oof_state_value,40,0.0,0.0,0.0
37,1,False,oracle_localization,16,0.125,0.625,0.5
38,0,True,random_checkpoint,64,1.0,,
38,0,True,earliest_eligible,8,0.5,0.375,-0.125
38,0,True,normalized_quarter,16,0.25,0.875,0.625
38,0,True,normalized_midpoint,32,1.0,1.0,0.0
38,0,True,normalized_three_quarter,48,1.0,1.0,0.0
38,0,True,confidence_low,8,0.5,0.375,-0.125
38,0,True,entropy_high,8,0.5,0.375,-0.125
38,0,True,mask_ratio,8,0.5,0.375,-0.125
38,0,True,oof_state_value,48,1.0,1.0,0.0
38,0,True,oracle_localization,32,1.0,1.0,0.0
38,3,False,random_checkpoint,40,0.0,0.0,0.0
38,3,False,earliest_eligible,8,0.0,0.25,0.25
38,3,False,normalized_quarter,16,0.125,0.0,-0.125
38,3,False,normalized_midpoint,32,0.0,0.0,0.0
38,3,False,normalized_three_quarter,48,0.0,0.0,0.0
38,3,False,confidence_low,8,0.0,0.25,0.25
38,3,False,entropy_high,8,0.0,0.25,0.25
38,3,False,mask_ratio,8,0.0,0.25,0.25
38,3,False,oof_state_value,16,0.125,0.0,-0.125
38,3,False,oracle_localization,8,0.0,0.25,0.25
39,0,False,random_checkpoint,32,0.0,0.0,0.0
39,0,False,earliest_eligible,8,0.125,0.125,0.0
39,0,False,normalized_quarter,16,0.0,0.25,0.25
39,0,False,normalized_midpoint,32,0.0,0.0,0.0
39,0,False,normalized_three_quarter,48,0.0,0.0,0.0
39,0,False,confidence_low,8,0.125,0.125,0.0
39,0,False,entropy_high,8,0.125,0.125,0.0
39,0,False,mask_ratio,8,0.125,0.125,0.0
39,0,False,oof_state_value,56,0.0,0.0,0.0
39,0,False,oracle_localization,8,0.125,0.125,0.0
39,1,True,random_checkpoint,24,1.0,1.0,0.0
39,1,True,earliest_eligible,8,1.0,0.875,-0.125
39,1,True,normalized_quarter,16,1.0,1.0,0.0
39,1,True,normalized_midpoint,32,1.0,1.0,0.0
39,1,True,normalized_three_quarter,48,1.0,1.0,0.0
39,1,True,confidence_low,16,1.0,1.0,0.0
39,1,True,entropy_high,8,1.0,0.875,-0.125
39,1,True,mask_ratio,8,1.0,0.875,-0.125
39,1,True,oof_state_value,32,1.0,1.0,0.0
39,1,True,oracle_localization,8,1.0,0.875,-0.125
40,0,True,random_checkpoint,56,1.0,1.0,0.0
40,0,True,earliest_eligible,8,1.0,0.875,-0.125
40,0,True,normalized_quarter,16,1.0,1.0,0.0
40,0,True,normalized_midpoint,32,1.0,1.0,0.0
40,0,True,normalized_three_quarter,48,1.0,1.0,0.0
40,0,True,confidence_low,8,1.0,0.875,-0.125
40,0,True,entropy_high,8,1.0,0.875,-0.125
40,0,True,mask_ratio,8,1.0,0.875,-0.125
40,0,True,oof_state_value,56,1.0,1.0,0.0
40,0,True,oracle_localization,16,1.0,1.0,0.0
40,3,False,random_checkpoint,48,0.0,0.0,0.0
40,3,False,earliest_eligible,8,0.0,0.0,0.0
40,3,False,normalized_quarter,16,0.25,0.0,-0.25
40,3,False,normalized_midpoint,32,0.0,0.0,0.0
40,3,False,normalized_three_quarter,48,0.0,0.0,0.0
40,3,False,confidence_low,8,0.0,0.0,0.0
40,3,False,entropy_high,8,0.0,0.0,0.0
40,3,False,mask_ratio,8,0.0,0.0,0.0
40,3,False,oof_state_value,56,0.0,0.0,0.0
40,3,False,oracle_localization,8,0.0,0.0,0.0
41,0,False,random_checkpoint,32,0.0,0.0,0.0
41,0,False,earliest_eligible,8,0.0,0.125,0.125
41,0,False,normalized_quarter,16,0.0,0.0,0.0
41,0,False,normalized_midpoint,32,0.0,0.0,0.0
41,0,False,normalized_three_quarter,48,0.0,0.0,0.0
41,0,False,confidence_low,8,0.0,0.125,0.125
41,0,False,entropy_high,8,0.0,0.125,0.125
41,0,False,mask_ratio,8,0.0,0.125,0.125
41,0,False,oof_state_value,56,0.0,0.0,0.0
41,0,False,oracle_localization,8,0.0,0.125,0.125
42,0,False,random_checkpoint,40,0.0,0.0,0.0
42,0,False,earliest_eligible,8,0.0,0.125,0.125
42,0,False,normalized_quarter,16,0.0,0.0,0.0
42,0,False,normalized_midpoint,32,0.0,0.0,0.0
42,0,False,normalized_three_quarter,48,0.0,0.0,0.0
42,0,False,confidence_low,8,0.0,0.125,0.125
42,0,False,entropy_high,8,0.0,0.125,0.125
42,0,False,mask_ratio,8,0.0,0.125,0.125
42,0,False,oof_state_value,48,0.0,0.0,0.0
42,0,False,oracle_localization,8,0.0,0.125,0.125
42,3,True,random_checkpoint,56,1.0,1.0,0.0
42,3,True,earliest_eligible,8,0.125,0.25,0.125
42,3,True,normalized_quarter,16,0.75,0.5,-0.25
42,3,True,normalized_midpoint,32,0.125,0.0,-0.125
42,3,True,normalized_three_quarter,48,1.0,1.0,0.0
42,3,True,confidence_low,8,0.125,0.25,0.125
42,3,True,entropy_high,8,0.125,0.25,0.125
42,3,True,mask_ratio,8,0.125,0.25,0.125
42,3,True,oof_state_value,40,1.0,1.0,0.0
42,3,True,oracle_localization,40,1.0,1.0,0.0
43,0,False,random_checkpoint,16,0.0,0.0,0.0
43,0,False,earliest_eligible,8,0.0,0.0,0.0
43,0,False,normalized_quarter,16,0.0,0.0,0.0
43,0,False,normalized_midpoint,32,0.0,0.0,0.0
43,0,False,normalized_three_quarter,48,0.0,0.0,0.0
43,0,False,confidence_low,8,0.0,0.0,0.0
43,0,False,entropy_high,8,0.0,0.0,0.0
43,0,False,mask_ratio,8,0.0,0.0,0.0
43,0,False,oof_state_value,56,0.0,0.0,0.0
43,0,False,oracle_localization,8,0.0,0.0,0.0
44,0,False,random_checkpoint,56,0.0,0.0,0.0
44,0,False,earliest_eligible,8,0.0,0.0,0.0
44,0,False,normalized_quarter,16,0.125,0.125,0.0
44,0,False,normalized_midpoint,32,0.0,0.0,0.0
44,0,False,normalized_three_quarter,48,0.0,0.0,0.0
44,0,False,confidence_low,8,0.0,0.0,0.0
44,0,False,entropy_high,8,0.0,0.0,0.0
44,0,False,mask_ratio,8,0.0,0.0,0.0
44,0,False,oof_state_value,40,0.0,0.0,0.0
44,0,False,oracle_localization,24,0.5,0.0,-0.5
45,0,False,random_checkpoint,48,0.0,0.0,0.0
45,0,False,earliest_eligible,8,0.375,0.875,0.5
45,0,False,normalized_quarter,16,0.75,1.0,0.25
45,0,False,normalized_midpoint,32,0.0,0.0,0.0
45,0,False,normalized_three_quarter,48,0.0,0.0,0.0
45,0,False,confidence_low,16,0.75,1.0,0.25
45,0,False,entropy_high,8,0.375,0.875,0.5
45,0,False,mask_ratio,8,0.375,0.875,0.5
45,0,False,oof_state_value,56,0.0,0.0,0.0
45,0,False,oracle_localization,8,0.375,0.875,0.5
45,1,True,random_checkpoint,24,0.625,0.875,0.25
45,1,True,earliest_eligible,8,0.625,0.625,0.0
45,1,True,normalized_quarter,16,0.625,0.75,0.125
45,1,True,normalized_midpoint,32,0.875,0.75,-0.125
45,1,True,normalized_three_quarter,48,1.0,1.0,0.0
45,1,True,confidence_low,8,0.625,0.625,0.0
45,1,True,entropy_high,8,0.625,0.625,0.0
45,1,True,mask_ratio,8,0.625,0.625,0.0
45,1,True,oof_state_value,56,1.0,1.0,0.0
45,1,True,oracle_localization,32,0.875,0.75,-0.125
46,0,True,random_checkpoint,56,1.0,1.0,0.0
46,0,True,earliest_eligible,8,0.375,0.625,0.25
46,0,True,normalized_quarter,16,1.0,0.875,-0.125
46,0,True,normalized_midpoint,32,0.75,1.0,0.25
46,0,True,normalized_three_quarter,48,1.0,1.0,0.0
46,0,True,confidence_low,8,0.375,0.625,0.25
46,0,True,entropy_high,8,0.375,0.625,0.25
46,0,True,mask_ratio,8,0.375,0.625,0.25
46,0,True,oof_state_value,56,1.0,1.0,0.0
46,0,True,oracle_localization,8,0.375,0.625,0.25
46,4,False,random_checkpoint,32,0.0,0.0,0.0
46,4,False,earliest_eligible,8,0.5,0.5,0.0
46,4,False,normalized_quarter,16,0.375,0.625,0.25
46,4,False,normalized_midpoint,32,0.0,0.0,0.0
46,4,False,normalized_three_quarter,48,0.0,0.0,0.0
46,4,False,confidence_low,8,0.5,0.5,0.0
46,4,False,entropy_high,8,0.5,0.5,0.0
46,4,False,mask_ratio,8,0.5,0.5,0.0
46,4,False,oof_state_value,40,0.0,0.0,0.0
46,4,False,oracle_localization,16,0.375,0.625,0.25
47,0,True,random_checkpoint,64,1.0,,
47,0,True,earliest_eligible,8,0.625,0.875,0.25
47,0,True,normalized_quarter,16,0.75,0.75,0.0
47,0,True,normalized_midpoint,32,1.0,1.0,0.0
47,0,True,normalized_three_quarter,48,1.0,0.0,-1.0
47,0,True,confidence_low,8,0.625,0.875,0.25
47,0,True,entropy_high,8,0.625,0.875,0.25
47,0,True,mask_ratio,8,0.625,0.875,0.25
47,0,True,oof_state_value,48,1.0,0.0,-1.0
47,0,True,oracle_localization,8,0.625,0.875,0.25
47,1,False,random_checkpoint,48,0.0,0.0,0.0
47,1,False,earliest_eligible,8,0.0,0.0,0.0
47,1,False,normalized_quarter,16,0.0,0.0,0.0
47,1,False,normalized_midpoint,32,0.0,0.0,0.0
47,1,False,normalized_three_quarter,48,0.0,0.0,0.0
47,1,False,confidence_low,8,0.0,0.0,0.0
47,1,False,entropy_high,8,0.0,0.0,0.0
47,1,False,mask_ratio,8,0.0,0.0,0.0
47,1,False,oof_state_value,56,0.0,0.0,0.0
47,1,False,oracle_localization,8,0.0,0.0,0.0
48,0,True,random_checkpoint,32,1.0,1.0,0.0
48,0,True,earliest_eligible,8,0.875,1.0,0.125
48,0,True,normalized_quarter,16,1.0,1.0,0.0
48,0,True,normalized_midpoint,32,1.0,1.0,0.0
48,0,True,normalized_three_quarter,48,1.0,1.0,0.0
48,0,True,confidence_low,8,0.875,1.0,0.125
48,0,True,entropy_high,8,0.875,1.0,0.125
48,0,True,mask_ratio,8,0.875,1.0,0.125
48,0,True,oof_state_value,48,1.0,1.0,0.0
48,0,True,oracle_localization,8,0.875,1.0,0.125
48,5,False,random_checkpoint,40,0.0,0.0,0.0
48,5,False,earliest_eligible,8,0.625,0.5,-0.125
48,5,False,normalized_quarter,16,0.25,0.25,0.0
48,5,False,normalized_midpoint,32,0.125,0.0,-0.125
48,5,False,normalized_three_quarter,48,0.0,0.0,0.0
48,5,False,confidence_low,8,0.625,0.5,-0.125
48,5,False,entropy_high,8,0.625,0.5,-0.125
48,5,False,mask_ratio,8,0.625,0.5,-0.125
48,5,False,oof_state_value,16,0.25,0.25,0.0
48,5,False,oracle_localization,8,0.625,0.5,-0.125
49,0,False,random_checkpoint,8,0.0,0.0,0.0
49,0,False,earliest_eligible,8,0.0,0.0,0.0
49,0,False,normalized_quarter,16,0.0,0.25,0.25
49,0,False,normalized_midpoint,32,0.0,0.0,0.0
49,0,False,normalized_three_quarter,48,0.0,0.0,0.0
49,0,False,confidence_low,8,0.0,0.0,0.0
49,0,False,entropy_high,8,0.0,0.0,0.0
49,0,False,mask_ratio,8,0.0,0.0,0.0
49,0,False,oof_state_value,48,0.0,0.0,0.0
49,0,False,oracle_localization,8,0.0,0.0,0.0
49,3,True,random_checkpoint,40,0.25,0.625,0.375
49,3,True,earliest_eligible,8,0.125,0.0,-0.125
49,3,True,normalized_quarter,16,0.25,0.25,0.0
49,3,True,normalized_midpoint,32,0.375,0.0,-0.375
49,3,True,normalized_three_quarter,48,1.0,1.0,0.0
49,3,True,confidence_low,8,0.125,0.0,-0.125
49,3,True,entropy_high,8,0.125,0.0,-0.125
49,3,True,mask_ratio,8,0.125,0.0,-0.125
49,3,True,oof_state_value,24,0.5,0.0,-0.5
49,3,True,oracle_localization,48,1.0,1.0,0.0
50,0,False,random_checkpoint,56,0.0,0.0,0.0
50,0,False,earliest_eligible,8,0.0,0.0,0.0
50,0,False,normalized_quarter,16,0.0,0.0,0.0
50,0,False,normalized_midpoint,32,0.0,0.0,0.0
50,0,False,normalized_three_quarter,48,0.0,0.0,0.0
50,0,False,confidence_low,8,0.0,0.0,0.0
50,0,False,entropy_high,8,0.0,0.0,0.0
50,0,False,mask_ratio,8,0.0,0.0,0.0
50,0,False,oof_state_value,48,0.0,0.0,0.0
50,0,False,oracle_localization,8,0.0,0.0,0.0
51,0,False,random_checkpoint,24,0.0,0.0,0.0
51,0,False,earliest_eligible,8,0.0,0.0,0.0
51,0,False,normalized_quarter,16,0.0,0.0,0.0
51,0,False,normalized_midpoint,32,0.0,0.0,0.0
51,0,False,normalized_three_quarter,48,0.0,0.0,0.0
51,0,False,confidence_low,8,0.0,0.0,0.0
51,0,False,entropy_high,8,0.0,0.0,0.0
51,0,False,mask_ratio,8,0.0,0.0,0.0
51,0,False,oof_state_value,24,0.0,0.0,0.0
51,0,False,oracle_localization,8,0.0,0.0,0.0
52,0,False,random_checkpoint,8,0.0,0.0,0.0
52,0,False,earliest_eligible,8,0.0,0.0,0.0
52,0,False,normalized_quarter,16,0.0,0.0,0.0
52,0,False,normalized_midpoint,32,0.0,0.0,0.0
52,0,False,normalized_three_quarter,48,0.0,0.0,0.0
52,0,False,confidence_low,8,0.0,0.0,0.0
52,0,False,entropy_high,8,0.0,0.0,0.0
52,0,False,mask_ratio,8,0.0,0.0,0.0
52,0,False,oof_state_value,40,0.0,0.0,0.0
52,0,False,oracle_localization,8,0.0,0.0,0.0
53,0,False,random_checkpoint,40,0.0,0.0,0.0
53,0,False,earliest_eligible,8,0.875,0.125,-0.75
53,0,False,normalized_quarter,16,0.0,0.375,0.375
53,0,False,normalized_midpoint,32,0.0,0.0,0.0
53,0,False,normalized_three_quarter,48,0.0,0.0,0.0
53,0,False,confidence_low,8,0.875,0.125,-0.75
53,0,False,entropy_high,8,0.875,0.125,-0.75
53,0,False,mask_ratio,8,0.875,0.125,-0.75
53,0,False,oof_state_value,8,0.875,0.125,-0.75
53,0,False,oracle_localization,16,0.0,0.375,0.375
53,3,True,random_checkpoint,40,1.0,1.0,0.0
53,3,True,earliest_eligible,8,0.875,1.0,0.125
53,3,True,normalized_quarter,16,1.0,1.0,0.0
53,3,True,normalized_midpoint,32,1.0,1.0,0.0
53,3,True,normalized_three_quarter,48,1.0,1.0,0.0
53,3,True,confidence_low,8,0.875,1.0,0.125
53,3,True,entropy_high,8,0.875,1.0,0.125
53,3,True,mask_ratio,8,0.875,1.0,0.125
53,3,True,oof_state_value,48,1.0,1.0,0.0
53,3,True,oracle_localization,16,1.0,1.0,0.0
54,0,True,random_checkpoint,24,1.0,1.0,0.0
54,0,True,earliest_eligible,8,1.0,1.0,0.0
54,0,True,normalized_quarter,16,1.0,1.0,0.0
54,0,True,normalized_midpoint,32,1.0,1.0,0.0
54,0,True,normalized_three_quarter,48,1.0,1.0,0.0
54,0,True,confidence_low,8,1.0,1.0,0.0
54,0,True,entropy_high,8,1.0,1.0,0.0
54,0,True,mask_ratio,8,1.0,1.0,0.0
54,0,True,oof_state_value,32,1.0,1.0,0.0
54,0,True,oracle_localization,8,1.0,1.0,0.0
54,2,False,random_checkpoint,56,0.0,0.375,0.375
54,2,False,earliest_eligible,8,1.0,1.0,0.0
54,2,False,normalized_quarter,16,0.875,0.875,0.0
54,2,False,normalized_midpoint,32,0.875,0.875,0.0
54,2,False,normalized_three_quarter,48,0.0,1.0,1.0
54,2,False,confidence_low,8,1.0,1.0,0.0
54,2,False,entropy_high,8,1.0,1.0,0.0
54,2,False,mask_ratio,8,1.0,1.0,0.0
54,2,False,oof_state_value,24,0.75,0.75,0.0
54,2,False,oracle_localization,8,1.0,1.0,0.0
55,0,False,random_checkpoint,24,0.0,0.0,0.0
55,0,False,earliest_eligible,8,0.375,0.75,0.375
55,0,False,normalized_quarter,16,0.625,0.875,0.25
55,0,False,normalized_midpoint,32,0.0,0.0,0.0
55,0,False,normalized_three_quarter,48,0.0,0.0,0.0
55,0,False,confidence_low,8,0.375,0.75,0.375
55,0,False,entropy_high,8,0.375,0.75,0.375
55,0,False,mask_ratio,8,0.375,0.75,0.375
55,0,False,oof_state_value,32,0.0,0.0,0.0
55,0,False,oracle_localization,8,0.375,0.75,0.375
55,2,True,random_checkpoint,16,0.875,0.625,-0.25
55,2,True,earliest_eligible,8,0.875,0.75,-0.125
55,2,True,normalized_quarter,16,0.875,0.625,-0.25
55,2,True,normalized_midpoint,32,1.0,1.0,0.0
55,2,True,normalized_three_quarter,48,1.0,1.0,0.0
55,2,True,confidence_low,8,0.875,0.75,-0.125
55,2,True,entropy_high,8,0.875,0.75,-0.125
55,2,True,mask_ratio,8,0.875,0.75,-0.125
55,2,True,oof_state_value,56,1.0,1.0,0.0
55,2,True,oracle_localization,24,1.0,0.875,-0.125
56,0,True,random_checkpoint,16,1.0,1.0,0.0
56,0,True,earliest_eligible,8,0.875,1.0,0.125
56,0,True,normalized_quarter,16,1.0,1.0,0.0
56,0,True,normalized_midpoint,32,1.0,1.0,0.0
56,0,True,normalized_three_quarter,48,1.0,1.0,0.0
56,0,True,confidence_low,8,0.875,1.0,0.125
56,0,True,entropy_high,8,0.875,1.0,0.125
56,0,True,mask_ratio,8,0.875,1.0,0.125
56,0,True,oof_state_value,40,1.0,1.0,0.0
56,0,True,oracle_localization,8,0.875,1.0,0.125
56,3,False,random_checkpoint,8,0.625,0.875,0.25
56,3,False,earliest_eligible,8,0.625,0.875,0.25
56,3,False,normalized_quarter,16,0.0,0.0,0.0
56,3,False,normalized_midpoint,32,0.0,0.0,0.0
56,3,False,normalized_three_quarter,48,0.0,0.0,0.0
56,3,False,confidence_low,8,0.625,0.875,0.25
56,3,False,entropy_high,8,0.625,0.875,0.25
56,3,False,mask_ratio,8,0.625,0.875,0.25
56,3,False,oof_state_value,32,0.0,0.0,0.0
56,3,False,oracle_localization,8,0.625,0.875,0.25
57,0,False,random_checkpoint,40,0.0,0.0,0.0
57,0,False,earliest_eligible,8,0.0,0.0,0.0
57,0,False,normalized_quarter,16,0.0,0.0,0.0
57,0,False,normalized_midpoint,32,0.0,0.0,0.0
57,0,False,normalized_three_quarter,48,0.0,0.0,0.0
57,0,False,confidence_low,8,0.0,0.0,0.0
57,0,False,entropy_high,8,0.0,0.0,0.0
57,0,False,mask_ratio,8,0.0,0.0,0.0
57,0,False,oof_state_value,48,0.0,0.0,0.0
57,0,False,oracle_localization,8,0.0,0.0,0.0
57,2,True,random_checkpoint,32,1.0,1.0,0.0
57,2,True,earliest_eligible,8,0.875,0.75,-0.125
57,2,True,normalized_quarter,16,1.0,0.75,-0.25
57,2,True,normalized_midpoint,32,1.0,1.0,0.0
57,2,True,normalized_three_quarter,48,1.0,1.0,0.0
57,2,True,confidence_low,16,1.0,0.75,-0.25
57,2,True,entropy_high,8,0.875,0.75,-0.125
57,2,True,mask_ratio,8,0.875,0.75,-0.125
57,2,True,oof_state_value,32,1.0,1.0,0.0
57,2,True,oracle_localization,8,0.875,0.75,-0.125
58,0,True,random_checkpoint,8,0.0,0.0,0.0
58,0,True,earliest_eligible,8,0.0,0.0,0.0
58,0,True,normalized_quarter,16,0.25,0.25,0.0
58,0,True,normalized_midpoint,32,1.0,1.0,0.0
58,0,True,normalized_three_quarter,48,1.0,1.0,0.0
58,0,True,confidence_low,8,0.0,0.0,0.0
58,0,True,entropy_high,8,0.0,0.0,0.0
58,0,True,mask_ratio,8,0.0,0.0,0.0
58,0,True,oof_state_value,48,1.0,1.0,0.0
58,0,True,oracle_localization,24,0.875,1.0,0.125
58,1,False,random_checkpoint,16,0.0,0.0,0.0
58,1,False,earliest_eligible,8,0.125,0.0,-0.125
58,1,False,normalized_quarter,16,0.0,0.0,0.0
58,1,False,normalized_midpoint,32,0.0,0.0,0.0
58,1,False,normalized_three_quarter,48,0.0,0.0,0.0
58,1,False,confidence_low,8,0.125,0.0,-0.125
58,1,False,entropy_high,8,0.125,0.0,-0.125
58,1,False,mask_ratio,8,0.125,0.0,-0.125
58,1,False,oof_state_value,40,0.0,0.0,0.0
58,1,False,oracle_localization,8,0.125,0.0,-0.125
59,0,True,random_checkpoint,16,0.0,0.0,0.0
59,0,True,earliest_eligible,8,0.0,0.0,0.0
59,0,True,normalized_quarter,16,0.0,0.0,0.0
59,0,True,normalized_midpoint,32,0.625,0.5,-0.125
59,0,True,normalized_three_quarter,48,1.0,1.0,0.0
59,0,True,confidence_low,8,0.0,0.0,0.0
59,0,True,entropy_high,8,0.0,0.0,0.0
59,0,True,mask_ratio,8,0.0,0.0,0.0
59,0,True,oof_state_value,40,0.875,1.0,0.125
59,0,True,oracle_localization,40,0.875,1.0,0.125
59,1,False,random_checkpoint,40,0.0,0.0,0.0
59,1,False,earliest_eligible,8,0.125,0.0,-0.125
59,1,False,normalized_quarter,16,0.0,0.0,0.0
59,1,False,normalized_midpoint,32,0.0,0.0,0.0
59,1,False,normalized_three_quarter,48,0.0,0.0,0.0
59,1,False,confidence_low,8,0.125,0.0,-0.125
59,1,False,entropy_high,8,0.125,0.0,-0.125
59,1,False,mask_ratio,8,0.125,0.0,-0.125
59,1,False,oof_state_value,48,0.0,0.0,0.0
59,1,False,oracle_localization,8,0.125,0.0,-0.125
60,0,False,random_checkpoint,24,0.0,0.0,0.0
60,0,False,earliest_eligible,8,0.0,0.0,0.0
60,0,False,normalized_quarter,16,0.0,0.0,0.0
60,0,False,normalized_midpoint,32,0.0,0.0,0.0
60,0,False,normalized_three_quarter,48,0.0,0.0,0.0
60,0,False,confidence_low,16,0.0,0.0,0.0
60,0,False,entropy_high,8,0.0,0.0,0.0
60,0,False,mask_ratio,8,0.0,0.0,0.0
60,0,False,oof_state_value,48,0.0,0.0,0.0
60,0,False,oracle_localization,8,0.0,0.0,0.0
61,0,False,random_checkpoint,24,0.0,0.0,0.0
61,0,False,earliest_eligible,8,0.0,0.0,0.0
61,0,False,normalized_quarter,16,0.0,0.0,0.0
61,0,False,normalized_midpoint,32,0.0,0.0,0.0
61,0,False,normalized_three_quarter,48,0.0,0.0,0.0
61,0,False,confidence_low,8,0.0,0.0,0.0
61,0,False,entropy_high,8,0.0,0.0,0.0
61,0,False,mask_ratio,8,0.0,0.0,0.0
61,0,False,oof_state_value,56,0.0,0.0,0.0
61,0,False,oracle_localization,8,0.0,0.0,0.0
62,0,False,random_checkpoint,64,0.0,,
62,0,False,earliest_eligible,8,0.0,0.0,0.0
62,0,False,normalized_quarter,16,0.0,0.0,0.0
62,0,False,normalized_midpoint,32,0.0,0.0,0.0
62,0,False,normalized_three_quarter,48,0.0,0.0,0.0
62,0,False,confidence_low,8,0.0,0.0,0.0
62,0,False,entropy_high,8,0.0,0.0,0.0
62,0,False,mask_ratio,8,0.0,0.0,0.0
62,0,False,oof_state_value,56,0.0,0.0,0.0
62,0,False,oracle_localization,8,0.0,0.0,0.0
63,0,False,random_checkpoint,16,0.0,0.0,0.0
63,0,False,earliest_eligible,8,0.0,0.0,0.0
63,0,False,normalized_quarter,16,0.0,0.0,0.0
63,0,False,normalized_midpoint,32,0.0,0.0,0.0
63,0,False,normalized_three_quarter,48,0.0,0.0,0.0
63,0,False,confidence_low,8,0.0,0.0,0.0
63,0,False,entropy_high,8,0.0,0.0,0.0
63,0,False,mask_ratio,8,0.0,0.0,0.0
63,0,False,oof_state_value,32,0.0,0.0,0.0
63,0,False,oracle_localization,8,0.0,0.0,0.0
63,5,True,random_checkpoint,24,1.0,1.0,0.0
63,5,True,earliest_eligible,8,0.125,0.375,0.25
63,5,True,normalized_quarter,16,0.0,0.125,0.125
63,5,True,normalized_midpoint,32,1.0,1.0,0.0
63,5,True,normalized_three_quarter,48,1.0,1.0,0.0
63,5,True,confidence_low,8,0.125,0.375,0.25
63,5,True,entropy_high,8,0.125,0.375,0.25
63,5,True,mask_ratio,8,0.125,0.375,0.25
63,5,True,oof_state_value,24,1.0,1.0,0.0
63,5,True,oracle_localization,24,1.0,1.0,0.0
64,0,False,random_checkpoint,40,0.0,0.0,0.0
64,0,False,earliest_eligible,8,0.0,0.0,0.0
64,0,False,normalized_quarter,16,0.0,0.0,0.0
64,0,False,normalized_midpoint,32,0.0,0.0,0.0
64,0,False,normalized_three_quarter,48,0.0,0.0,0.0
64,0,False,confidence_low,8,0.0,0.0,0.0
64,0,False,entropy_high,8,0.0,0.0,0.0
64,0,False,mask_ratio,8,0.0,0.0,0.0
64,0,False,oof_state_value,16,0.0,0.0,0.0
64,0,False,oracle_localization,8,0.0,0.0,0.0
65,0,True,random_checkpoint,40,1.0,1.0,0.0
65,0,True,earliest_eligible,8,1.0,1.0,0.0
65,0,True,normalized_quarter,16,1.0,1.0,0.0
65,0,True,normalized_midpoint,32,1.0,1.0,0.0
65,0,True,normalized_three_quarter,48,1.0,1.0,0.0
65,0,True,confidence_low,8,1.0,1.0,0.0
65,0,True,entropy_high,8,1.0,1.0,0.0
65,0,True,mask_ratio,8,1.0,1.0,0.0
65,0,True,oof_state_value,24,1.0,1.0,0.0
65,0,True,oracle_localization,8,1.0,1.0,0.0
65,4,False,random_checkpoint,48,0.0,0.125,0.125
65,4,False,earliest_eligible,8,1.0,1.0,0.0
65,4,False,normalized_quarter,16,0.125,0.75,0.625
65,4,False,normalized_midpoint,32,0.0,0.125,0.125
65,4,False,normalized_three_quarter,48,0.0,0.125,0.125
65,4,False,confidence_low,8,1.0,1.0,0.0
65,4,False,entropy_high,8,1.0,1.0,0.0
65,4,False,mask_ratio,8,1.0,1.0,0.0
65,4,False,oof_state_value,32,0.0,0.125,0.125
65,4,False,oracle_localization,8,1.0,1.0,0.0
66,0,False,random_checkpoint,48,0.0,0.0,0.0
66,0,False,earliest_eligible,8,0.0,0.0,0.0
66,0,False,normalized_quarter,16,0.0,0.0,0.0
66,0,False,normalized_midpoint,32,0.0,0.0,0.0
66,0,False,normalized_three_quarter,48,0.0,0.0,0.0
66,0,False,confidence_low,8,0.0,0.0,0.0
66,0,False,entropy_high,8,0.0,0.0,0.0
66,0,False,mask_ratio,8,0.0,0.0,0.0
66,0,False,oof_state_value,56,0.0,0.0,0.0
66,0,False,oracle_localization,8,0.0,0.0,0.0
67,0,False,random_checkpoint,40,0.0,0.0,0.0
67,0,False,earliest_eligible,8,0.0,0.0,0.0
67,0,False,normalized_quarter,16,0.0,0.0,0.0
67,0,False,normalized_midpoint,32,0.0,0.0,0.0
67,0,False,normalized_three_quarter,48,0.0,0.0,0.0
67,0,False,confidence_low,8,0.0,0.0,0.0
67,0,False,entropy_high,8,0.0,0.0,0.0
67,0,False,mask_ratio,8,0.0,0.0,0.0
67,0,False,oof_state_value,48,0.0,0.0,0.0
67,0,False,oracle_localization,8,0.0,0.0,0.0
67,3,True,random_checkpoint,56,1.0,1.0,0.0
67,3,True,earliest_eligible,8,0.625,0.375,-0.25
67,3,True,normalized_quarter,16,0.375,0.0,-0.375
67,3,True,normalized_midpoint,32,0.625,0.625,0.0
67,3,True,normalized_three_quarter,48,0.75,0.875,0.125
67,3,True,confidence_low,8,0.625,0.375,-0.25
67,3,True,entropy_high,8,0.625,0.375,-0.25
67,3,True,mask_ratio,8,0.625,0.375,-0.25
67,3,True,oof_state_value,40,0.75,0.75,0.0
67,3,True,oracle_localization,8,0.625,0.375,-0.25
68,0,False,random_checkpoint,48,0.0,0.0,0.0
68,0,False,earliest_eligible,8,0.0,0.0,0.0
68,0,False,normalized_quarter,16,0.0,0.0,0.0
68,0,False,normalized_midpoint,32,0.0,0.0,0.0
68,0,False,normalized_three_quarter,48,0.0,0.0,0.0
68,0,False,confidence_low,8,0.0,0.0,0.0
68,0,False,entropy_high,8,0.0,0.0,0.0
68,0,False,mask_ratio,8,0.0,0.0,0.0
68,0,False,oof_state_value,8,0.0,0.0,0.0
68,0,False,oracle_localization,8,0.0,0.0,0.0
69,0,False,random_checkpoint,8,0.125,0.0,-0.125
69,0,False,earliest_eligible,8,0.125,0.0,-0.125
69,0,False,normalized_quarter,16,0.25,0.25,0.0
69,0,False,normalized_midpoint,32,0.0,0.25,0.25
69,0,False,normalized_three_quarter,48,0.0,0.0,0.0
69,0,False,confidence_low,8,0.125,0.0,-0.125
69,0,False,entropy_high,8,0.125,0.0,-0.125
69,0,False,mask_ratio,8,0.125,0.0,-0.125
69,0,False,oof_state_value,24,0.125,0.5,0.375
69,0,False,oracle_localization,32,0.0,0.25,0.25
69,4,True,random_checkpoint,24,1.0,1.0,0.0
69,4,True,earliest_eligible,8,0.625,0.25,-0.375
69,4,True,normalized_quarter,16,0.875,0.375,-0.5
69,4,True,normalized_midpoint,32,1.0,1.0,0.0
69,4,True,normalized_three_quarter,48,1.0,1.0,0.0
69,4,True,confidence_low,8,0.625,0.25,-0.375
69,4,True,entropy_high,8,0.625,0.25,-0.375
69,4,True,mask_ratio,8,0.625,0.25,-0.375
69,4,True,oof_state_value,40,1.0,1.0,0.0
69,4,True,oracle_localization,24,1.0,1.0,0.0
70,0,False,random_checkpoint,8,0.0,0.25,0.25
70,0,False,earliest_eligible,8,0.0,0.25,0.25
70,0,False,normalized_quarter,16,0.125,0.375,0.25
70,0,False,normalized_midpoint,32,0.0,0.0,0.0
70,0,False,normalized_three_quarter,48,0.0,0.0,0.0
70,0,False,confidence_low,8,0.0,0.25,0.25
70,0,False,entropy_high,8,0.0,0.25,0.25
70,0,False,mask_ratio,8,0.0,0.25,0.25
70,0,False,oof_state_value,48,0.0,0.0,0.0
70,0,False,oracle_localization,8,0.0,0.25,0.25
70,3,True,random_checkpoint,8,0.0,0.0,0.0
70,3,True,earliest_eligible,8,0.0,0.0,0.0
70,3,True,normalized_quarter,16,0.0,0.125,0.125
70,3,True,normalized_midpoint,32,1.0,1.0,0.0
70,3,True,normalized_three_quarter,48,1.0,1.0,0.0
70,3,True,confidence_low,8,0.0,0.0,0.0
70,3,True,entropy_high,8,0.0,0.0,0.0
70,3,True,mask_ratio,8,0.0,0.0,0.0
70,3,True,oof_state_value,48,1.0,1.0,0.0
70,3,True,oracle_localization,32,1.0,1.0,0.0
71,0,False,random_checkpoint,8,0.0,0.0,0.0
71,0,False,earliest_eligible,8,0.0,0.0,0.0
71,0,False,normalized_quarter,16,0.0,0.0,0.0
71,0,False,normalized_midpoint,32,0.0,0.0,0.0
71,0,False,normalized_three_quarter,48,0.0,0.0,0.0
71,0,False,confidence_low,8,0.0,0.0,0.0
71,0,False,entropy_high,8,0.0,0.0,0.0
71,0,False,mask_ratio,8,0.0,0.0,0.0
71,0,False,oof_state_value,32,0.0,0.0,0.0
71,0,False,oracle_localization,8,0.0,0.0,0.0
72,0,True,random_checkpoint,48,1.0,1.0,0.0
72,0,True,earliest_eligible,8,1.0,1.0,0.0
72,0,True,normalized_quarter,16,1.0,1.0,0.0
72,0,True,normalized_midpoint,32,1.0,1.0,0.0
72,0,True,normalized_three_quarter,48,1.0,1.0,0.0
72,0,True,confidence_low,8,1.0,1.0,0.0
72,0,True,entropy_high,8,1.0,1.0,0.0
72,0,True,mask_ratio,8,1.0,1.0,0.0
72,0,True,oof_state_value,56,1.0,1.0,0.0
72,0,True,oracle_localization,8,1.0,1.0,0.0
72,2,False,random_checkpoint,24,0.125,0.125,0.0
72,2,False,earliest_eligible,8,0.0,0.125,0.125
72,2,False,normalized_quarter,16,0.375,0.0,-0.375
72,2,False,normalized_midpoint,32,0.0,0.0,0.0
72,2,False,normalized_three_quarter,48,0.0,0.0,0.0
72,2,False,confidence_low,8,0.0,0.125,0.125
72,2,False,entropy_high,8,0.0,0.125,0.125
72,2,False,mask_ratio,8,0.0,0.125,0.125
72,2,False,oof_state_value,40,0.0,0.0,0.0
72,2,False,oracle_localization,8,0.0,0.125,0.125
73,0,False,random_checkpoint,8,0.0,0.0,0.0
73,0,False,earliest_eligible,8,0.0,0.0,0.0
73,0,False,normalized_quarter,16,0.0,0.0,0.0
73,0,False,normalized_midpoint,32,0.0,0.0,0.0
73,0,False,normalized_three_quarter,48,0.0,0.0,0.0
73,0,False,confidence_low,8,0.0,0.0,0.0
73,0,False,entropy_high,8,0.0,0.0,0.0
73,0,False,mask_ratio,8,0.0,0.0,0.0
73,0,False,oof_state_value,24,0.0,0.0,0.0
73,0,False,oracle_localization,8,0.0,0.0,0.0
74,0,False,random_checkpoint,40,0.0,0.0,0.0
74,0,False,earliest_eligible,8,0.0,0.0,0.0
74,0,False,normalized_quarter,16,0.0,0.0,0.0
74,0,False,normalized_midpoint,32,0.0,0.0,0.0
74,0,False,normalized_three_quarter,48,0.0,0.0,0.0
74,0,False,confidence_low,8,0.0,0.0,0.0
74,0,False,entropy_high,8,0.0,0.0,0.0
74,0,False,mask_ratio,8,0.0,0.0,0.0
74,0,False,oof_state_value,48,0.0,0.0,0.0
74,0,False,oracle_localization,8,0.0,0.0,0.0
75,0,False,random_checkpoint,56,0.0,0.0,0.0
75,0,False,earliest_eligible,8,0.0,0.0,0.0
75,0,False,normalized_quarter,16,0.0,0.0,0.0
75,0,False,normalized_midpoint,32,0.0,0.0,0.0
75,0,False,normalized_three_quarter,48,0.0,0.0,0.0
75,0,False,confidence_low,8,0.0,0.0,0.0
75,0,False,entropy_high,8,0.0,0.0,0.0
75,0,False,mask_ratio,8,0.0,0.0,0.0
75,0,False,oof_state_value,40,0.0,0.0,0.0
75,0,False,oracle_localization,8,0.0,0.0,0.0
75,4,True,random_checkpoint,64,1.0,,
75,4,True,earliest_eligible,8,0.375,0.0,-0.375
75,4,True,normalized_quarter,16,1.0,1.0,0.0
75,4,True,normalized_midpoint,32,1.0,1.0,0.0
75,4,True,normalized_three_quarter,48,1.0,1.0,0.0
75,4,True,confidence_low,8,0.375,0.0,-0.375
75,4,True,entropy_high,8,0.375,0.0,-0.375
75,4,True,mask_ratio,8,0.375,0.0,-0.375
75,4,True,oof_state_value,40,1.0,1.0,0.0
75,4,True,oracle_localization,16,1.0,1.0,0.0
76,0,True,random_checkpoint,56,1.0,1.0,0.0
76,0,True,earliest_eligible,8,0.75,1.0,0.25
76,0,True,normalized_quarter,16,1.0,1.0,0.0
76,0,True,normalized_midpoint,32,1.0,1.0,0.0
76,0,True,normalized_three_quarter,48,1.0,1.0,0.0
76,0,True,confidence_low,8,0.75,1.0,0.25
76,0,True,entropy_high,8,0.75,1.0,0.25
76,0,True,mask_ratio,8,0.75,1.0,0.25
76,0,True,oof_state_value,32,1.0,1.0,0.0
76,0,True,oracle_localization,8,0.75,1.0,0.25
77,0,True,random_checkpoint,56,1.0,1.0,0.0
77,0,True,earliest_eligible,8,0.375,0.875,0.5
77,0,True,normalized_quarter,16,1.0,1.0,0.0
77,0,True,normalized_midpoint,32,1.0,1.0,0.0
77,0,True,normalized_three_quarter,48,1.0,1.0,0.0
77,0,True,confidence_low,8,0.375,0.875,0.5
77,0,True,entropy_high,8,0.375,0.875,0.5
77,0,True,mask_ratio,8,0.375,0.875,0.5
77,0,True,oof_state_value,40,1.0,1.0,0.0
77,0,True,oracle_localization,8,0.375,0.875,0.5
78,0,False,random_checkpoint,16,0.0,0.0,0.0
78,0,False,earliest_eligible,8,0.0,0.0,0.0
78,0,False,normalized_quarter,16,0.0,0.0,0.0
78,0,False,normalized_midpoint,32,0.0,0.0,0.0
78,0,False,normalized_three_quarter,48,0.0,0.0,0.0
78,0,False,confidence_low,8,0.0,0.0,0.0
78,0,False,entropy_high,8,0.0,0.0,0.0
78,0,False,mask_ratio,8,0.0,0.0,0.0
78,0,False,oof_state_value,56,0.0,0.0,0.0
78,0,False,oracle_localization,8,0.0,0.0,0.0
79,0,False,random_checkpoint,8,0.0,0.0,0.0
79,0,False,earliest_eligible,8,0.0,0.0,0.0
79,0,False,normalized_quarter,16,0.0,0.0,0.0
79,0,False,normalized_midpoint,32,0.0,0.0,0.0
79,0,False,normalized_three_quarter,48,0.0,0.0,0.0
79,0,False,confidence_low,8,0.0,0.0,0.0
79,0,False,entropy_high,8,0.0,0.0,0.0
79,0,False,mask_ratio,8,0.0,0.0,0.0
79,0,False,oof_state_value,16,0.0,0.0,0.0
79,0,False,oracle_localization,8,0.0,0.0,0.0
79,2,True,random_checkpoint,32,1.0,1.0,0.0
79,2,True,earliest_eligible,8,1.0,1.0,0.0
79,2,True,normalized_quarter,16,1.0,1.0,0.0
79,2,True,normalized_midpoint,32,1.0,1.0,0.0
79,2,True,normalized_three_quarter,48,1.0,1.0,0.0
79,2,True,confidence_low,8,1.0,1.0,0.0
79,2,True,entropy_high,8,1.0,1.0,0.0
79,2,True,mask_ratio,8,1.0,1.0,0.0
79,2,True,oof_state_value,16,1.0,1.0,0.0
79,2,True,oracle_localization,8,1.0,1.0,0.0
80,0,False,random_checkpoint,24,0.0,0.0,0.0
80,0,False,earliest_eligible,8,0.0,0.0,0.0
80,0,False,normalized_quarter,16,0.0,0.0,0.0
80,0,False,normalized_midpoint,32,0.0,0.0,0.0
80,0,False,normalized_three_quarter,48,0.0,0.0,0.0
80,0,False,confidence_low,8,0.0,0.0,0.0
80,0,False,entropy_high,8,0.0,0.0,0.0
80,0,False,mask_ratio,8,0.0,0.0,0.0
80,0,False,oof_state_value,56,0.0,0.0,0.0
80,0,False,oracle_localization,8,0.0,0.0,0.0
80,3,True,random_checkpoint,8,0.25,0.0,-0.25
80,3,True,earliest_eligible,8,0.25,0.0,-0.25
80,3,True,normalized_quarter,16,0.125,0.625,0.5
80,3,True,normalized_midpoint,32,0.5,0.75,0.25
80,3,True,normalized_three_quarter,48,0.5,0.5,0.0
80,3,True,confidence_low,8,0.25,0.0,-0.25
80,3,True,entropy_high,8,0.25,0.0,-0.25
80,3,True,mask_ratio,8,0.25,0.0,-0.25
80,3,True,oof_state_value,48,0.5,0.5,0.0
80,3,True,oracle_localization,24,0.625,0.75,0.125
81,0,False,random_checkpoint,40,0.0,0.125,0.125
81,0,False,earliest_eligible,8,0.375,0.25,-0.125
81,0,False,normalized_quarter,16,0.5,0.125,-0.375
81,0,False,normalized_midpoint,32,0.125,0.375,0.25
81,0,False,normalized_three_quarter,48,0.0,0.0,0.0
81,0,False,confidence_low,8,0.375,0.25,-0.125
81,0,False,entropy_high,8,0.375,0.25,-0.125
81,0,False,mask_ratio,8,0.375,0.25,-0.125
81,0,False,oof_state_value,40,0.0,0.125,0.125
81,0,False,oracle_localization,32,0.125,0.375,0.25
81,2,True,random_checkpoint,16,0.875,0.5,-0.375
81,2,True,earliest_eligible,8,0.375,0.25,-0.125
81,2,True,normalized_quarter,16,0.875,0.5,-0.375
81,2,True,normalized_midpoint,32,1.0,1.0,0.0
81,2,True,normalized_three_quarter,48,1.0,1.0,0.0
81,2,True,confidence_low,8,0.375,0.25,-0.125
81,2,True,entropy_high,8,0.375,0.25,-0.125
81,2,True,mask_ratio,8,0.375,0.25,-0.125
81,2,True,oof_state_value,56,1.0,1.0,0.0
81,2,True,oracle_localization,24,1.0,1.0,0.0
82,0,False,random_checkpoint,64,0.0,,
82,0,False,earliest_eligible,8,0.0,0.0,0.0
82,0,False,normalized_quarter,16,0.0,0.0,0.0
82,0,False,normalized_midpoint,32,0.0,0.0,0.0
82,0,False,normalized_three_quarter,48,0.0,0.0,0.0
82,0,False,confidence_low,8,0.0,0.0,0.0
82,0,False,entropy_high,8,0.0,0.0,0.0
82,0,False,mask_ratio,8,0.0,0.0,0.0
82,0,False,oof_state_value,40,0.0,0.0,0.0
82,0,False,oracle_localization,8,0.0,0.0,0.0
83,0,True,random_checkpoint,64,1.0,,
83,0,True,earliest_eligible,8,0.25,0.125,-0.125
83,0,True,normalized_quarter,16,0.25,0.0,-0.25
83,0,True,normalized_midpoint,32,0.5,0.375,-0.125
83,0,True,normalized_three_quarter,48,0.5,0.875,0.375
83,0,True,confidence_low,8,0.25,0.125,-0.125
83,0,True,entropy_high,8,0.25,0.125,-0.125
83,0,True,mask_ratio,8,0.25,0.125,-0.125
83,0,True,oof_state_value,24,0.0,0.125,0.125
83,0,True,oracle_localization,40,0.125,0.875,0.75
83,1,False,random_checkpoint,24,0.0,0.0,0.0
83,1,False,earliest_eligible,8,0.0,0.0,0.0
83,1,False,normalized_quarter,16,0.0,0.0,0.0
83,1,False,normalized_midpoint,32,0.0,0.0,0.0
83,1,False,normalized_three_quarter,48,0.0,0.0,0.0
83,1,False,confidence_low,8,0.0,0.0,0.0
83,1,False,entropy_high,8,0.0,0.0,0.0
83,1,False,mask_ratio,8,0.0,0.0,0.0
83,1,False,oof_state_value,24,0.0,0.0,0.0
83,1,False,oracle_localization,8,0.0,0.0,0.0
84,0,False,random_checkpoint,48,0.0,0.0,0.0
84,0,False,earliest_eligible,8,0.0,0.0,0.0
84,0,False,normalized_quarter,16,0.0,0.0,0.0
84,0,False,normalized_midpoint,32,0.0,0.0,0.0
84,0,False,normalized_three_quarter,48,0.0,0.0,0.0
84,0,False,confidence_low,8,0.0,0.0,0.0
84,0,False,entropy_high,8,0.0,0.0,0.0
84,0,False,mask_ratio,8,0.0,0.0,0.0
84,0,False,oof_state_value,32,0.0,0.0,0.0
84,0,False,oracle_localization,8,0.0,0.0,0.0
85,0,False,random_checkpoint,24,0.0,0.0,0.0
85,0,False,earliest_eligible,8,0.0,0.0,0.0
85,0,False,normalized_quarter,16,0.0,0.0,0.0
85,0,False,normalized_midpoint,32,0.0,0.0,0.0
85,0,False,normalized_three_quarter,48,0.0,0.0,0.0
85,0,False,confidence_low,8,0.0,0.0,0.0
85,0,False,entropy_high,8,0.0,0.0,0.0
85,0,False,mask_ratio,8,0.0,0.0,0.0
85,0,False,oof_state_value,32,0.0,0.0,0.0
85,0,False,oracle_localization,8,0.0,0.0,0.0
86,0,True,random_checkpoint,48,1.0,1.0,0.0
86,0,True,earliest_eligible,8,0.5,0.5,0.0
86,0,True,normalized_quarter,16,0.625,0.5,-0.125
86,0,True,normalized_midpoint,32,1.0,1.0,0.0
86,0,True,normalized_three_quarter,48,1.0,1.0,0.0
86,0,True,confidence_low,24,0.625,0.875,0.25
86,0,True,entropy_high,8,0.5,0.5,0.0
86,0,True,mask_ratio,8,0.5,0.5,0.0
86,0,True,oof_state_value,40,1.0,1.0,0.0
86,0,True,oracle_localization,24,0.625,0.875,0.25
86,1,False,random_checkpoint,8,0.875,0.625,-0.25
86,1,False,earliest_eligible,8,0.875,0.625,-0.25
86,1,False,normalized_quarter,16,0.0,0.0,0.0
86,1,False,normalized_midpoint,32,0.0,0.0,0.0
86,1,False,normalized_three_quarter,48,0.0,0.0,0.0
86,1,False,confidence_low,8,0.875,0.625,-0.25
86,1,False,entropy_high,8,0.875,0.625,-0.25
86,1,False,mask_ratio,8,0.875,0.625,-0.25
86,1,False,oof_state_value,32,0.0,0.0,0.0
86,1,False,oracle_localization,8,0.875,0.625,-0.25
87,0,False,random_checkpoint,8,0.0,0.0,0.0
87,0,False,earliest_eligible,8,0.0,0.0,0.0
87,0,False,normalized_quarter,16,0.0,0.0,0.0
87,0,False,normalized_midpoint,32,0.0,0.0,0.0
87,0,False,normalized_three_quarter,48,0.0,0.0,0.0
87,0,False,confidence_low,8,0.0,0.0,0.0
87,0,False,entropy_high,8,0.0,0.0,0.0
87,0,False,mask_ratio,8,0.0,0.0,0.0
87,0,False,oof_state_value,48,0.0,0.0,0.0
87,0,False,oracle_localization,8,0.0,0.0,0.0
87,5,True,random_checkpoint,48,1.0,1.0,0.0
87,5,True,earliest_eligible,8,0.125,0.0,-0.125
87,5,True,normalized_quarter,16,1.0,0.75,-0.25
87,5,True,normalized_midpoint,32,1.0,1.0,0.0
87,5,True,normalized_three_quarter,48,1.0,1.0,0.0
87,5,True,confidence_low,8,0.125,0.0,-0.125
87,5,True,entropy_high,8,0.125,0.0,-0.125
87,5,True,mask_ratio,8,0.125,0.0,-0.125
87,5,True,oof_state_value,48,1.0,1.0,0.0
87,5,True,oracle_localization,24,1.0,0.875,-0.125
88,0,False,random_checkpoint,56,0.0,0.0,0.0
88,0,False,earliest_eligible,8,0.25,0.25,0.0
88,0,False,normalized_quarter,16,0.625,0.625,0.0
88,0,False,normalized_midpoint,32,0.0,0.0,0.0
88,0,False,normalized_three_quarter,48,0.0,0.0,0.0
88,0,False,confidence_low,8,0.25,0.25,0.0
88,0,False,entropy_high,8,0.25,0.25,0.0
88,0,False,mask_ratio,8,0.25,0.25,0.0
88,0,False,oof_state_value,40,0.0,0.0,0.0
88,0,False,oracle_localization,24,0.5,0.75,0.25
88,2,True,random_checkpoint,8,0.5,0.875,0.375
88,2,True,earliest_eligible,8,0.5,0.875,0.375
88,2,True,normalized_quarter,16,0.625,0.625,0.0
88,2,True,normalized_midpoint,32,1.0,1.0,0.0
88,2,True,normalized_three_quarter,48,1.0,1.0,0.0
88,2,True,confidence_low,8,0.5,0.875,0.375
88,2,True,entropy_high,8,0.5,0.875,0.375
88,2,True,mask_ratio,8,0.5,0.875,0.375
88,2,True,oof_state_value,56,1.0,1.0,0.0
88,2,True,oracle_localization,16,0.625,0.625,0.0
89,0,False,random_checkpoint,8,0.0,0.0,0.0
89,0,False,earliest_eligible,8,0.0,0.0,0.0
89,0,False,normalized_quarter,16,0.0,0.0,0.0
89,0,False,normalized_midpoint,32,0.0,0.0,0.0
89,0,False,normalized_three_quarter,48,0.0,0.0,0.0
89,0,False,confidence_low,8,0.0,0.0,0.0
89,0,False,entropy_high,8,0.0,0.0,0.0
89,0,False,mask_ratio,8,0.0,0.0,0.0
89,0,False,oof_state_value,24,0.0,0.0,0.0
89,0,False,oracle_localization,8,0.0,0.0,0.0
90,0,False,random_checkpoint,48,0.0,0.0,0.0
90,0,False,earliest_eligible,8,0.0,0.375,0.375
90,0,False,normalized_quarter,16,0.0,0.0,0.0
90,0,False,normalized_midpoint,32,0.0,0.25,0.25
90,0,False,normalized_three_quarter,48,0.0,0.0,0.0
90,0,False,confidence_low,8,0.0,0.375,0.375
90,0,False,entropy_high,8,0.0,0.375,0.375
90,0,False,mask_ratio,8,0.0,0.375,0.375
90,0,False,oof_state_value,24,0.0,0.0,0.0
90,0,False,oracle_localization,32,0.0,0.25,0.25
90,2,True,random_checkpoint,56,1.0,1.0,0.0
90,2,True,earliest_eligible,8,0.5,0.375,-0.125
90,2,True,normalized_quarter,16,0.75,0.75,0.0
90,2,True,normalized_midpoint,32,1.0,1.0,0.0
90,2,True,normalized_three_quarter,48,1.0,1.0,0.0
90,2,True,confidence_low,8,0.5,0.375,-0.125
90,2,True,entropy_high,8,0.5,0.375,-0.125
90,2,True,mask_ratio,8,0.5,0.375,-0.125
90,2,True,oof_state_value,40,1.0,1.0,0.0
90,2,True,oracle_localization,24,1.0,1.0,0.0
91,0,False,random_checkpoint,40,0.0,0.0,0.0
91,0,False,earliest_eligible,8,0.0,0.0,0.0
91,0,False,normalized_quarter,16,0.0,0.0,0.0
91,0,False,normalized_midpoint,32,0.0,0.0,0.0
91,0,False,normalized_three_quarter,48,0.0,0.0,0.0
91,0,False,confidence_low,8,0.0,0.0,0.0
91,0,False,entropy_high,8,0.0,0.0,0.0
91,0,False,mask_ratio,8,0.0,0.0,0.0
91,0,False,oof_state_value,40,0.0,0.0,0.0
91,0,False,oracle_localization,24,0.0,1.0,1.0
92,0,False,random_checkpoint,48,0.0,0.0,0.0
92,0,False,earliest_eligible,8,0.0,0.0,0.0
92,0,False,normalized_quarter,16,0.0,0.0,0.0
92,0,False,normalized_midpoint,32,0.0,0.0,0.0
92,0,False,normalized_three_quarter,48,0.0,0.0,0.0
92,0,False,confidence_low,8,0.0,0.0,0.0
92,0,False,entropy_high,8,0.0,0.0,0.0
92,0,False,mask_ratio,8,0.0,0.0,0.0
92,0,False,oof_state_value,32,0.0,0.0,0.0
92,0,False,oracle_localization,8,0.0,0.0,0.0
93,0,False,random_checkpoint,32,0.0,0.0,0.0
93,0,False,earliest_eligible,8,0.0,0.0,0.0
93,0,False,normalized_quarter,16,0.0,0.0,0.0
93,0,False,normalized_midpoint,32,0.0,0.0,0.0
93,0,False,normalized_three_quarter,48,0.0,0.0,0.0
93,0,False,confidence_low,8,0.0,0.0,0.0
93,0,False,entropy_high,8,0.0,0.0,0.0
93,0,False,mask_ratio,8,0.0,0.0,0.0
93,0,False,oof_state_value,32,0.0,0.0,0.0
93,0,False,oracle_localization,8,0.0,0.0,0.0
94,0,False,random_checkpoint,56,0.0,0.0,0.0
94,0,False,earliest_eligible,8,0.0,0.0,0.0
94,0,False,normalized_quarter,16,0.0,0.0,0.0
94,0,False,normalized_midpoint,32,0.0,0.0,0.0
94,0,False,normalized_three_quarter,48,0.0,0.0,0.0
94,0,False,confidence_low,8,0.0,0.0,0.0
94,0,False,entropy_high,8,0.0,0.0,0.0
94,0,False,mask_ratio,8,0.0,0.0,0.0
94,0,False,oof_state_value,56,0.0,0.0,0.0
94,0,False,oracle_localization,8,0.0,0.0,0.0
95,0,False,random_checkpoint,48,0.0,0.0,0.0
95,0,False,earliest_eligible,8,0.0,0.0,0.0
95,0,False,normalized_quarter,16,0.0,0.0,0.0
95,0,False,normalized_midpoint,32,0.0,0.0,0.0
95,0,False,normalized_three_quarter,48,0.0,0.0,0.0
95,0,False,confidence_low,8,0.0,0.0,0.0
95,0,False,entropy_high,8,0.0,0.0,0.0
95,0,False,mask_ratio,8,0.0,0.0,0.0
95,0,False,oof_state_value,24,0.0,0.0,0.0
95,0,False,oracle_localization,8,0.0,0.0,0.0
96,0,False,random_checkpoint,40,0.0,0.0,0.0
96,0,False,earliest_eligible,8,0.0,0.0,0.0
96,0,False,normalized_quarter,16,0.0,0.0,0.0
96,0,False,normalized_midpoint,32,0.0,0.0,0.0
96,0,False,normalized_three_quarter,48,0.0,0.0,0.0
96,0,False,confidence_low,8,0.0,0.0,0.0
96,0,False,entropy_high,8,0.0,0.0,0.0
96,0,False,mask_ratio,8,0.0,0.0,0.0
96,0,False,oof_state_value,48,0.0,0.0,0.0
96,0,False,oracle_localization,8,0.0,0.0,0.0
97,0,True,random_checkpoint,8,0.5,0.125,-0.375
97,0,True,earliest_eligible,8,0.5,0.125,-0.375
97,0,True,normalized_quarter,16,0.5,0.375,-0.125
97,0,True,normalized_midpoint,32,0.625,0.625,0.0
97,0,True,normalized_three_quarter,48,1.0,1.0,0.0
97,0,True,confidence_low,8,0.5,0.125,-0.375
97,0,True,entropy_high,8,0.5,0.125,-0.375
97,0,True,mask_ratio,8,0.5,0.125,-0.375
97,0,True,oof_state_value,48,1.0,1.0,0.0
97,0,True,oracle_localization,32,0.625,0.625,0.0
97,2,False,random_checkpoint,16,0.0,0.0,0.0
97,2,False,earliest_eligible,8,0.0,0.0,0.0
97,2,False,normalized_quarter,16,0.0,0.0,0.0
97,2,False,normalized_midpoint,32,0.0,0.0,0.0
97,2,False,normalized_three_quarter,48,0.0,0.0,0.0
97,2,False,confidence_low,8,0.0,0.0,0.0
97,2,False,entropy_high,8,0.0,0.0,0.0
97,2,False,mask_ratio,8,0.0,0.0,0.0
97,2,False,oof_state_value,56,0.0,0.0,0.0
97,2,False,oracle_localization,8,0.0,0.0,0.0
98,0,False,random_checkpoint,48,0.0,0.0,0.0
98,0,False,earliest_eligible,8,0.0,0.625,0.625
98,0,False,normalized_quarter,16,0.375,0.75,0.375
98,0,False,normalized_midpoint,32,0.0,0.25,0.25
98,0,False,normalized_three_quarter,48,0.0,0.0,0.0
98,0,False,confidence_low,8,0.0,0.625,0.625
98,0,False,entropy_high,8,0.0,0.625,0.625
98,0,False,mask_ratio,8,0.0,0.625,0.625
98,0,False,oof_state_value,56,0.0,0.0,0.0
98,0,False,oracle_localization,24,0.25,1.0,0.75
98,1,True,random_checkpoint,24,1.0,1.0,0.0
98,1,True,earliest_eligible,8,1.0,0.875,-0.125
98,1,True,normalized_quarter,16,1.0,1.0,0.0
98,1,True,normalized_midpoint,32,1.0,1.0,0.0
98,1,True,normalized_three_quarter,48,1.0,1.0,0.0
98,1,True,confidence_low,8,1.0,0.875,-0.125
98,1,True,entropy_high,8,1.0,0.875,-0.125
98,1,True,mask_ratio,8,1.0,0.875,-0.125
98,1,True,oof_state_value,8,1.0,0.875,-0.125
98,1,True,oracle_localization,8,1.0,0.875,-0.125
99,0,False,random_checkpoint,8,0.0,0.0,0.0
99,0,False,earliest_eligible,8,0.0,0.0,0.0
99,0,False,normalized_quarter,16,0.0,0.0,0.0
99,0,False,normalized_midpoint,32,0.0,0.0,0.0
99,0,False,normalized_three_quarter,48,0.0,0.0,0.0
99,0,False,confidence_low,8,0.0,0.0,0.0
99,0,False,entropy_high,8,0.0,0.0,0.0
99,0,False,mask_ratio,8,0.0,0.0,0.0
99,0,False,oof_state_value,40,0.0,0.0,0.0
99,0,False,oracle_localization,8,0.0,0.0,0.0
100,0,False,random_checkpoint,32,0.0,0.0,0.0
100,0,False,earliest_eligible,8,0.0,0.0,0.0
100,0,False,normalized_quarter,16,0.0,0.0,0.0
100,0,False,normalized_midpoint,32,0.0,0.0,0.0
100,0,False,normalized_three_quarter,48,0.0,0.0,0.0
100,0,False,confidence_low,8,0.0,0.0,0.0
100,0,False,entropy_high,8,0.0,0.0,0.0
100,0,False,mask_ratio,8,0.0,0.0,0.0
100,0,False,oof_state_value,40,0.0,0.0,0.0
100,0,False,oracle_localization,8,0.0,0.0,0.0
101,0,False,random_checkpoint,48,0.0,0.0,0.0
101,0,False,earliest_eligible,8,0.0,0.0,0.0
101,0,False,normalized_quarter,16,0.0,0.0,0.0
101,0,False,normalized_midpoint,32,0.0,0.0,0.0
101,0,False,normalized_three_quarter,48,0.0,0.0,0.0
101,0,False,confidence_low,16,0.0,0.0,0.0
101,0,False,entropy_high,8,0.0,0.0,0.0
101,0,False,mask_ratio,8,0.0,0.0,0.0
101,0,False,oof_state_value,32,0.0,0.0,0.0
101,0,False,oracle_localization,8,0.0,0.0,0.0
102,0,False,random_checkpoint,64,0.0,,
102,0,False,earliest_eligible,8,0.0,0.0,0.0
102,0,False,normalized_quarter,16,0.0,0.125,0.125
102,0,False,normalized_midpoint,32,0.0,0.0,0.0
102,0,False,normalized_three_quarter,48,0.0,0.0,0.0
102,0,False,confidence_low,24,0.0,0.125,0.125
102,0,False,entropy_high,8,0.0,0.0,0.0
102,0,False,mask_ratio,8,0.0,0.0,0.0
102,0,False,oof_state_value,48,0.0,0.0,0.0
102,0,False,oracle_localization,16,0.0,0.125,0.125
103,0,False,random_checkpoint,48,0.0,0.0,0.0
103,0,False,earliest_eligible,8,0.0,0.0,0.0
103,0,False,normalized_quarter,16,0.0,0.0,0.0
103,0,False,normalized_midpoint,32,0.0,0.0,0.0
103,0,False,normalized_three_quarter,48,0.0,0.0,0.0
103,0,False,confidence_low,8,0.0,0.0,0.0
103,0,False,entropy_high,8,0.0,0.0,0.0
103,0,False,mask_ratio,8,0.0,0.0,0.0
103,0,False,oof_state_value,48,0.0,0.0,0.0
103,0,False,oracle_localization,8,0.0,0.0,0.0
104,0,False,random_checkpoint,64,0.0,,
104,0,False,earliest_eligible,8,0.0,0.0,0.0
104,0,False,normalized_quarter,16,0.0,0.125,0.125
104,0,False,normalized_midpoint,32,0.0,0.0,0.0
104,0,False,normalized_three_quarter,48,0.0,0.0,0.0
104,0,False,confidence_low,8,0.0,0.0,0.0
104,0,False,entropy_high,8,0.0,0.0,0.0
104,0,False,mask_ratio,8,0.0,0.0,0.0
104,0,False,oof_state_value,48,0.0,0.0,0.0
104,0,False,oracle_localization,8,0.0,0.0,0.0
105,0,False,random_checkpoint,8,0.0,0.0,0.0
105,0,False,earliest_eligible,8,0.0,0.0,0.0
105,0,False,normalized_quarter,16,0.0,0.0,0.0
105,0,False,normalized_midpoint,32,0.0,0.0,0.0
105,0,False,normalized_three_quarter,48,0.0,0.0,0.0
105,0,False,confidence_low,8,0.0,0.0,0.0
105,0,False,entropy_high,8,0.0,0.0,0.0
105,0,False,mask_ratio,8,0.0,0.0,0.0
105,0,False,oof_state_value,40,0.0,0.0,0.0
105,0,False,oracle_localization,8,0.0,0.0,0.0
106,0,False,random_checkpoint,48,0.0,0.0,0.0
106,0,False,earliest_eligible,8,0.0,0.0,0.0
106,0,False,normalized_quarter,16,0.0,0.0,0.0
106,0,False,normalized_midpoint,32,0.0,0.0,0.0
106,0,False,normalized_three_quarter,48,0.0,0.0,0.0
106,0,False,confidence_low,8,0.0,0.0,0.0
106,0,False,entropy_high,8,0.0,0.0,0.0
106,0,False,mask_ratio,8,0.0,0.0,0.0
106,0,False,oof_state_value,24,0.0,0.0,0.0
106,0,False,oracle_localization,8,0.0,0.0,0.0
107,0,False,random_checkpoint,16,0.0,0.0,0.0
107,0,False,earliest_eligible,8,0.0,0.0,0.0
107,0,False,normalized_quarter,16,0.0,0.0,0.0
107,0,False,normalized_midpoint,32,0.0,0.0,0.0
107,0,False,normalized_three_quarter,48,0.0,0.0,0.0
107,0,False,confidence_low,8,0.0,0.0,0.0
107,0,False,entropy_high,8,0.0,0.0,0.0
107,0,False,mask_ratio,8,0.0,0.0,0.0
107,0,False,oof_state_value,16,0.0,0.0,0.0
107,0,False,oracle_localization,8,0.0,0.0,0.0
108,0,False,random_checkpoint,56,0.0,0.0,0.0
108,0,False,earliest_eligible,8,0.375,0.25,-0.125
108,0,False,normalized_quarter,16,0.5,0.625,0.125
108,0,False,normalized_midpoint,32,0.0,0.25,0.25
108,0,False,normalized_three_quarter,48,0.0,0.0,0.0
108,0,False,confidence_low,8,0.375,0.25,-0.125
108,0,False,entropy_high,8,0.375,0.25,-0.125
108,0,False,mask_ratio,8,0.375,0.25,-0.125
108,0,False,oof_state_value,56,0.0,0.0,0.0
108,0,False,oracle_localization,8,0.375,0.25,-0.125
108,1,True,random_checkpoint,16,0.375,0.5,0.125
108,1,True,earliest_eligible,8,0.625,0.25,-0.375
108,1,True,normalized_quarter,16,0.375,0.5,0.125
108,1,True,normalized_midpoint,32,0.25,0.25,0.0
108,1,True,normalized_three_quarter,48,1.0,1.0,0.0
108,1,True,confidence_low,8,0.625,0.25,-0.375
108,1,True,entropy_high,8,0.625,0.25,-0.375
108,1,True,mask_ratio,8,0.625,0.25,-0.375
108,1,True,oof_state_value,56,1.0,1.0,0.0
108,1,True,oracle_localization,40,0.125,0.25,0.125
109,0,False,random_checkpoint,24,0.0,0.0,0.0
109,0,False,earliest_eligible,8,0.0,0.0,0.0
109,0,False,normalized_quarter,16,0.0,0.0,0.0
109,0,False,normalized_midpoint,32,0.0,0.0,0.0
109,0,False,normalized_three_quarter,48,0.0,0.0,0.0
109,0,False,confidence_low,8,0.0,0.0,0.0
109,0,False,entropy_high,8,0.0,0.0,0.0
109,0,False,mask_ratio,8,0.0,0.0,0.0
109,0,False,oof_state_value,48,0.0,0.0,0.0
109,0,False,oracle_localization,24,0.0,0.0,0.0
110,0,False,random_checkpoint,56,0.0,0.0,0.0
110,0,False,earliest_eligible,8,0.0,0.0,0.0
110,0,False,normalized_quarter,16,0.0,0.0,0.0
110,0,False,normalized_midpoint,32,0.0,0.0,0.0
110,0,False,normalized_three_quarter,48,0.0,0.0,0.0
110,0,False,confidence_low,8,0.0,0.0,0.0
110,0,False,entropy_high,8,0.0,0.0,0.0
110,0,False,mask_ratio,8,0.0,0.0,0.0
110,0,False,oof_state_value,40,0.0,0.0,0.0
110,0,False,oracle_localization,8,0.0,0.0,0.0
111,0,False,random_checkpoint,24,0.0,0.0,0.0
111,0,False,earliest_eligible,8,0.0,0.0,0.0
111,0,False,normalized_quarter,16,0.0,0.0,0.0
111,0,False,normalized_midpoint,32,0.0,0.0,0.0
111,0,False,normalized_three_quarter,48,0.0,0.0,0.0
111,0,False,confidence_low,8,0.0,0.0,0.0
111,0,False,entropy_high,8,0.0,0.0,0.0
111,0,False,mask_ratio,8,0.0,0.0,0.0
111,0,False,oof_state_value,32,0.0,0.0,0.0
111,0,False,oracle_localization,8,0.0,0.0,0.0
111,1,True,random_checkpoint,8,0.125,0.375,0.25
111,1,True,earliest_eligible,8,0.125,0.375,0.25
111,1,True,normalized_quarter,16,1.0,1.0,0.0
111,1,True,normalized_midpoint,32,1.0,1.0,0.0
111,1,True,normalized_three_quarter,48,1.0,1.0,0.0
111,1,True,confidence_low,8,0.125,0.375,0.25
111,1,True,entropy_high,8,0.125,0.375,0.25
111,1,True,mask_ratio,8,0.125,0.375,0.25
111,1,True,oof_state_value,56,1.0,1.0,0.0
111,1,True,oracle_localization,16,1.0,1.0,0.0
112,0,False,random_checkpoint,16,0.0,0.0,0.0
112,0,False,earliest_eligible,8,0.0,0.0,0.0
112,0,False,normalized_quarter,16,0.0,0.0,0.0
112,0,False,normalized_midpoint,32,0.0,0.0,0.0
112,0,False,normalized_three_quarter,48,0.0,0.0,0.0
112,0,False,confidence_low,16,0.0,0.0,0.0
112,0,False,entropy_high,8,0.0,0.0,0.0
112,0,False,mask_ratio,8,0.0,0.0,0.0
112,0,False,oof_state_value,48,0.0,0.0,0.0
112,0,False,oracle_localization,8,0.0,0.0,0.0
113,0,False,random_checkpoint,48,0.0,0.0,0.0
113,0,False,earliest_eligible,8,0.0,0.0,0.0
113,0,False,normalized_quarter,16,0.0,0.0,0.0
113,0,False,normalized_midpoint,32,0.0,0.0,0.0
113,0,False,normalized_three_quarter,48,0.0,0.0,0.0
113,0,False,confidence_low,8,0.0,0.0,0.0
113,0,False,entropy_high,8,0.0,0.0,0.0
113,0,False,mask_ratio,8,0.0,0.0,0.0
113,0,False,oof_state_value,32,0.0,0.0,0.0
113,0,False,oracle_localization,8,0.0,0.0,0.0
114,0,False,random_checkpoint,32,0.0,0.0,0.0
114,0,False,earliest_eligible,8,0.125,0.0,-0.125
114,0,False,normalized_quarter,16,0.0,0.0,0.0
114,0,False,normalized_midpoint,32,0.0,0.0,0.0
114,0,False,normalized_three_quarter,48,0.0,0.0,0.0
114,0,False,confidence_low,8,0.125,0.0,-0.125
114,0,False,entropy_high,8,0.125,0.0,-0.125
114,0,False,mask_ratio,8,0.125,0.0,-0.125
114,0,False,oof_state_value,40,0.0,0.0,0.0
114,0,False,oracle_localization,8,0.125,0.0,-0.125
115,0,False,random_checkpoint,56,0.0,0.0,0.0
115,0,False,earliest_eligible,8,0.125,0.125,0.0
115,0,False,normalized_quarter,16,0.5,0.0,-0.5
115,0,False,normalized_midpoint,32,0.0,0.0,0.0
115,0,False,normalized_three_quarter,48,0.0,0.0,0.0
115,0,False,confidence_low,8,0.125,0.125,0.0
115,0,False,entropy_high,8,0.125,0.125,0.0
115,0,False,mask_ratio,8,0.125,0.125,0.0
115,0,False,oof_state_value,40,0.0,0.0,0.0
115,0,False,oracle_localization,8,0.125,0.125,0.0
115,6,True,random_checkpoint,24,0.875,1.0,0.125
115,6,True,earliest_eligible,8,0.375,0.375,0.0
115,6,True,normalized_quarter,16,0.25,0.5,0.25
115,6,True,normalized_midpoint,32,1.0,1.0,0.0
115,6,True,normalized_three_quarter,48,1.0,1.0,0.0
115,6,True,confidence_low,8,0.375,0.375,0.0
115,6,True,entropy_high,8,0.375,0.375,0.0
115,6,True,mask_ratio,8,0.375,0.375,0.0
115,6,True,oof_state_value,32,1.0,1.0,0.0
115,6,True,oracle_localization,24,0.875,1.0,0.125
116,0,False,random_checkpoint,56,0.0,0.0,0.0
116,0,False,earliest_eligible,8,0.375,0.375,0.0
116,0,False,normalized_quarter,16,0.0,0.25,0.25
116,0,False,normalized_midpoint,32,0.0,0.0,0.0
116,0,False,normalized_three_quarter,48,0.0,0.0,0.0
116,0,False,confidence_low,8,0.375,0.375,0.0
116,0,False,entropy_high,8,0.375,0.375,0.0
116,0,False,mask_ratio,8,0.375,0.375,0.0
116,0,False,oof_state_value,32,0.0,0.0,0.0
116,0,False,oracle_localization,8,0.375,0.375,0.0
116,1,True,random_checkpoint,8,0.5,0.375,-0.125
116,1,True,earliest_eligible,8,0.5,0.375,-0.125
116,1,True,normalized_quarter,16,1.0,1.0,0.0
116,1,True,normalized_midpoint,32,1.0,1.0,0.0
116,1,True,normalized_three_quarter,48,1.0,1.0,0.0
116,1,True,confidence_low,8,0.5,0.375,-0.125
116,1,True,entropy_high,8,0.5,0.375,-0.125
116,1,True,mask_ratio,8,0.5,0.375,-0.125
116,1,True,oof_state_value,24,1.0,1.0,0.0
116,1,True,oracle_localization,16,1.0,1.0,0.0
117,0,False,random_checkpoint,16,0.125,0.125,0.0
117,0,False,earliest_eligible,8,0.125,0.625,0.5
117,0,False,normalized_quarter,16,0.125,0.125,0.0
117,0,False,normalized_midpoint,32,0.0,0.0,0.0
117,0,False,normalized_three_quarter,48,0.0,0.0,0.0
117,0,False,confidence_low,8,0.125,0.625,0.5
117,0,False,entropy_high,8,0.125,0.625,0.5
117,0,False,mask_ratio,8,0.125,0.625,0.5
117,0,False,oof_state_value,24,0.125,0.0,-0.125
117,0,False,oracle_localization,8,0.125,0.625,0.5
117,2,True,random_checkpoint,16,1.0,1.0,0.0
117,2,True,earliest_eligible,8,1.0,1.0,0.0
117,2,True,normalized_quarter,16,1.0,1.0,0.0
117,2,True,normalized_midpoint,32,1.0,1.0,0.0
117,2,True,normalized_three_quarter,48,1.0,1.0,0.0
117,2,True,confidence_low,8,1.0,1.0,0.0
117,2,True,entropy_high,8,1.0,1.0,0.0
117,2,True,mask_ratio,8,1.0,1.0,0.0
117,2,True,oof_state_value,16,1.0,1.0,0.0
117,2,True,oracle_localization,8,1.0,1.0,0.0
118,0,False,random_checkpoint,8,0.0,0.125,0.125
118,0,False,earliest_eligible,8,0.0,0.125,0.125
118,0,False,normalized_quarter,16,0.0,0.0,0.0
118,0,False,normalized_midpoint,32,0.0,0.0,0.0
118,0,False,normalized_three_quarter,48,0.0,0.0,0.0
118,0,False,confidence_low,8,0.0,0.125,0.125
118,0,False,entropy_high,8,0.0,0.125,0.125
118,0,False,mask_ratio,8,0.0,0.125,0.125
118,0,False,oof_state_value,24,0.0,0.0,0.0
118,0,False,oracle_localization,8,0.0,0.125,0.125
119,0,False,random_checkpoint,40,0.0,0.0,0.0
119,0,False,earliest_eligible,8,0.0,0.0,0.0
119,0,False,normalized_quarter,16,0.0,0.0,0.0
119,0,False,normalized_midpoint,32,0.0,0.0,0.0
119,0,False,normalized_three_quarter,48,0.0,0.0,0.0
119,0,False,confidence_low,8,0.0,0.0,0.0
119,0,False,entropy_high,8,0.0,0.0,0.0
119,0,False,mask_ratio,8,0.0,0.0,0.0
119,0,False,oof_state_value,40,0.0,0.0,0.0
119,0,False,oracle_localization,8,0.0,0.0,0.0
120,0,False,random_checkpoint,16,0.0,0.0,0.0
120,0,False,earliest_eligible,8,0.0,0.0,0.0
120,0,False,normalized_quarter,16,0.0,0.0,0.0
120,0,False,normalized_midpoint,32,0.0,0.0,0.0
120,0,False,normalized_three_quarter,48,0.0,0.0,0.0
120,0,False,confidence_low,8,0.0,0.0,0.0
120,0,False,entropy_high,8,0.0,0.0,0.0
120,0,False,mask_ratio,8,0.0,0.0,0.0
120,0,False,oof_state_value,32,0.0,0.0,0.0
120,0,False,oracle_localization,8,0.0,0.0,0.0
121,0,False,random_checkpoint,16,0.0,0.0,0.0
121,0,False,earliest_eligible,8,0.25,0.125,-0.125
121,0,False,normalized_quarter,16,0.0,0.0,0.0
121,0,False,normalized_midpoint,32,0.0,0.0,0.0
121,0,False,normalized_three_quarter,48,0.0,0.0,0.0
121,0,False,confidence_low,8,0.25,0.125,-0.125
121,0,False,entropy_high,8,0.25,0.125,-0.125
121,0,False,mask_ratio,8,0.25,0.125,-0.125
121,0,False,oof_state_value,8,0.25,0.125,-0.125
121,0,False,oracle_localization,24,0.0,0.25,0.25
122,0,False,random_checkpoint,64,0.0,,
122,0,False,earliest_eligible,8,0.125,0.125,0.0
122,0,False,normalized_quarter,16,0.0,0.0,0.0
122,0,False,normalized_midpoint,32,0.0,0.0,0.0
122,0,False,normalized_three_quarter,48,0.0,0.0,0.0
122,0,False,confidence_low,8,0.125,0.125,0.0
122,0,False,entropy_high,8,0.125,0.125,0.0
122,0,False,mask_ratio,8,0.125,0.125,0.0
122,0,False,oof_state_value,56,0.0,0.0,0.0
122,0,False,oracle_localization,8,0.125,0.125,0.0
122,6,True,random_checkpoint,8,1.0,0.625,-0.375
122,6,True,earliest_eligible,8,1.0,0.625,-0.375
122,6,True,normalized_quarter,16,1.0,1.0,0.0
122,6,True,normalized_midpoint,32,1.0,1.0,0.0
122,6,True,normalized_three_quarter,48,1.0,1.0,0.0
122,6,True,confidence_low,8,1.0,0.625,-0.375
122,6,True,entropy_high,8,1.0,0.625,-0.375
122,6,True,mask_ratio,8,1.0,0.625,-0.375
122,6,True,oof_state_value,16,1.0,1.0,0.0
122,6,True,oracle_localization,8,1.0,0.625,-0.375
123,0,False,random_checkpoint,56,0.0,0.0,0.0
123,0,False,earliest_eligible,8,0.0,0.125,0.125
123,0,False,normalized_quarter,16,0.0,0.0,0.0
123,0,False,normalized_midpoint,32,0.0,0.0,0.0
123,0,False,normalized_three_quarter,48,0.125,0.25,0.125
123,0,False,confidence_low,8,0.0,0.125,0.125
123,0,False,entropy_high,8,0.0,0.125,0.125
123,0,False,mask_ratio,8,0.0,0.125,0.125
123,0,False,oof_state_value,24,0.0,0.125,0.125
123,0,False,oracle_localization,8,0.0,0.125,0.125
123,2,True,random_checkpoint,56,1.0,1.0,0.0
123,2,True,earliest_eligible,8,1.0,0.875,-0.125
123,2,True,normalized_quarter,16,0.875,1.0,0.125
123,2,True,normalized_midpoint,32,1.0,1.0,0.0
123,2,True,normalized_three_quarter,48,1.0,1.0,0.0
123,2,True,confidence_low,8,1.0,0.875,-0.125
123,2,True,entropy_high,8,1.0,0.875,-0.125
123,2,True,mask_ratio,8,1.0,0.875,-0.125
123,2,True,oof_state_value,40,1.0,1.0,0.0
123,2,True,oracle_localization,8,1.0,0.875,-0.125
124,0,False,random_checkpoint,56,0.0,0.0,0.0
124,0,False,earliest_eligible,8,0.0,0.0,0.0
124,0,False,normalized_quarter,16,0.0,0.0,0.0
124,0,False,normalized_midpoint,32,0.0,0.0,0.0
124,0,False,normalized_three_quarter,48,0.0,0.0,0.0
124,0,False,confidence_low,8,0.0,0.0,0.0
124,0,False,entropy_high,8,0.0,0.0,0.0
124,0,False,mask_ratio,8,0.0,0.0,0.0
124,0,False,oof_state_value,48,0.0,0.0,0.0
124,0,False,oracle_localization,8,0.0,0.0,0.0
124,6,True,random_checkpoint,48,1.0,1.0,0.0
124,6,True,earliest_eligible,8,0.125,0.125,0.0
124,6,True,normalized_quarter,16,0.0,0.125,0.125
124,6,True,normalized_midpoint,32,0.75,0.625,-0.125
124,6,True,normalized_three_quarter,48,1.0,1.0,0.0
124,6,True,confidence_low,8,0.125,0.125,0.0
124,6,True,entropy_high,8,0.125,0.125,0.0
124,6,True,mask_ratio,8,0.125,0.125,0.0
124,6,True,oof_state_value,40,1.0,1.0,0.0
124,6,True,oracle_localization,40,1.0,1.0,0.0
125,0,False,random_checkpoint,48,0.0,0.0,0.0
125,0,False,earliest_eligible,8,0.0,0.0,0.0
125,0,False,normalized_quarter,16,0.0,0.0,0.0
125,0,False,normalized_midpoint,32,0.0,0.0,0.0
125,0,False,normalized_three_quarter,48,0.0,0.0,0.0
125,0,False,confidence_low,8,0.0,0.0,0.0
125,0,False,entropy_high,8,0.0,0.0,0.0
125,0,False,mask_ratio,8,0.0,0.0,0.0
125,0,False,oof_state_value,56,0.0,0.0,0.0
125,0,False,oracle_localization,40,0.0,0.0,0.0
126,0,False,random_checkpoint,48,0.0,0.0,0.0
126,0,False,earliest_eligible,8,0.0,0.0,0.0
126,0,False,normalized_quarter,16,0.0,0.0,0.0
126,0,False,normalized_midpoint,32,0.0,0.0,0.0
126,0,False,normalized_three_quarter,48,0.0,0.0,0.0
126,0,False,confidence_low,8,0.0,0.0,0.0
126,0,False,entropy_high,8,0.0,0.0,0.0
126,0,False,mask_ratio,8,0.0,0.0,0.0
126,0,False,oof_state_value,48,0.0,0.0,0.0
126,0,False,oracle_localization,8,0.0,0.0,0.0
127,0,False,random_checkpoint,56,0.0,0.0,0.0
127,0,False,earliest_eligible,8,0.0,0.0,0.0
127,0,False,normalized_quarter,16,0.0,0.0,0.0
127,0,False,normalized_midpoint,32,0.0,0.0,0.0
127,0,False,normalized_three_quarter,48,0.0,0.0,0.0
127,0,False,confidence_low,8,0.0,0.0,0.0
127,0,False,entropy_high,8,0.0,0.0,0.0
127,0,False,mask_ratio,8,0.0,0.0,0.0
127,0,False,oof_state_value,32,0.0,0.0,0.0
127,0,False,oracle_localization,8,0.0,0.0,0.0
128,0,False,random_checkpoint,32,0.0,0.0,0.0
128,0,False,earliest_eligible,8,0.25,0.125,-0.125
128,0,False,normalized_quarter,16,0.25,0.25,0.0
128,0,False,normalized_midpoint,32,0.0,0.0,0.0
128,0,False,normalized_three_quarter,48,0.0,0.0,0.0
128,0,False,confidence_low,8,0.25,0.125,-0.125
128,0,False,entropy_high,8,0.25,0.125,-0.125
128,0,False,mask_ratio,8,0.25,0.125,-0.125
128,0,False,oof_state_value,32,0.0,0.0,0.0
128,0,False,oracle_localization,16,0.25,0.25,0.0
129,0,False,random_checkpoint,48,0.0,0.0,0.0
129,0,False,earliest_eligible,8,0.0,0.0,0.0
129,0,False,normalized_quarter,16,0.0,0.0,0.0
129,0,False,normalized_midpoint,32,0.0,0.0,0.0
129,0,False,normalized_three_quarter,48,0.0,0.0,0.0
129,0,False,confidence_low,8,0.0,0.0,0.0
129,0,False,entropy_high,8,0.0,0.0,0.0
129,0,False,mask_ratio,8,0.0,0.0,0.0
129,0,False,oof_state_value,16,0.0,0.0,0.0
129,0,False,oracle_localization,8,0.0,0.0,0.0
130,0,False,random_checkpoint,8,0.0,0.0,0.0
130,0,False,earliest_eligible,8,0.0,0.0,0.0
130,0,False,normalized_quarter,16,0.0,0.0,0.0
130,0,False,normalized_midpoint,32,0.0,0.0,0.0
130,0,False,normalized_three_quarter,48,0.0,0.0,0.0
130,0,False,confidence_low,8,0.0,0.0,0.0
130,0,False,entropy_high,8,0.0,0.0,0.0
130,0,False,mask_ratio,8,0.0,0.0,0.0
130,0,False,oof_state_value,24,0.0,0.0,0.0
130,0,False,oracle_localization,32,0.0,0.0,0.0
131,0,False,random_checkpoint,8,0.25,0.0,-0.25
131,0,False,earliest_eligible,8,0.25,0.0,-0.25
131,0,False,normalized_quarter,16,0.0,0.125,0.125
131,0,False,normalized_midpoint,32,0.0,0.0,0.0
131,0,False,normalized_three_quarter,48,0.0,0.0,0.0
131,0,False,confidence_low,8,0.25,0.0,-0.25
131,0,False,entropy_high,8,0.25,0.0,-0.25
131,0,False,mask_ratio,8,0.25,0.0,-0.25
131,0,False,oof_state_value,40,0.0,0.0,0.0
131,0,False,oracle_localization,8,0.25,0.0,-0.25
132,0,False,random_checkpoint,64,0.0,,
132,0,False,earliest_eligible,8,0.0,0.0,0.0
132,0,False,normalized_quarter,16,0.0,0.0,0.0
132,0,False,normalized_midpoint,32,0.0,0.0,0.0
132,0,False,normalized_three_quarter,48,0.0,0.0,0.0
132,0,False,confidence_low,16,0.0,0.0,0.0
132,0,False,entropy_high,8,0.0,0.0,0.0
132,0,False,mask_ratio,8,0.0,0.0,0.0
132,0,False,oof_state_value,40,0.0,0.0,0.0
132,0,False,oracle_localization,8,0.0,0.0,0.0
133,0,False,random_checkpoint,8,0.75,0.875,0.125
133,0,False,earliest_eligible,8,0.75,0.875,0.125
133,0,False,normalized_quarter,16,0.375,0.875,0.5
133,0,False,normalized_midpoint,32,0.0,0.0,0.0
133,0,False,normalized_three_quarter,48,0.0,0.0,0.0
133,0,False,confidence_low,8,0.75,0.875,0.125
133,0,False,entropy_high,8,0.75,0.875,0.125
133,0,False,mask_ratio,8,0.75,0.875,0.125
133,0,False,oof_state_value,40,0.0,0.0,0.0
133,0,False,oracle_localization,8,0.75,0.875,0.125
133,1,True,random_checkpoint,48,1.0,1.0,0.0
133,1,True,earliest_eligible,8,0.125,0.0,-0.125
133,1,True,normalized_quarter,16,0.25,1.0,0.75
133,1,True,normalized_midpoint,32,1.0,1.0,0.0
133,1,True,normalized_three_quarter,48,1.0,1.0,0.0
133,1,True,confidence_low,8,0.125,0.0,-0.125
133,1,True,entropy_high,8,0.125,0.0,-0.125
133,1,True,mask_ratio,8,0.125,0.0,-0.125
133,1,True,oof_state_value,40,1.0,1.0,0.0
133,1,True,oracle_localization,24,1.0,1.0,0.0
134,0,False,random_checkpoint,8,0.0,0.0,0.0
134,0,False,earliest_eligible,8,0.0,0.0,0.0
134,0,False,normalized_quarter,16,0.0,0.0,0.0
134,0,False,normalized_midpoint,32,0.0,0.0,0.0
134,0,False,normalized_three_quarter,48,0.0,0.0,0.0
134,0,False,confidence_low,8,0.0,0.0,0.0
134,0,False,entropy_high,8,0.0,0.0,0.0
134,0,False,mask_ratio,8,0.0,0.0,0.0
134,0,False,oof_state_value,24,0.125,0.0,-0.125
134,0,False,oracle_localization,8,0.0,0.0,0.0
135,0,False,random_checkpoint,40,0.0,0.0,0.0
135,0,False,earliest_eligible,8,0.5,0.5,0.0
135,0,False,normalized_quarter,16,0.0,0.0,0.0
135,0,False,normalized_midpoint,32,0.0,0.0,0.0
135,0,False,normalized_three_quarter,48,0.0,0.0,0.0
135,0,False,confidence_low,8,0.5,0.5,0.0
135,0,False,entropy_high,8,0.5,0.5,0.0
135,0,False,mask_ratio,8,0.5,0.5,0.0
135,0,False,oof_state_value,32,0.0,0.0,0.0
135,0,False,oracle_localization,8,0.5,0.5,0.0
135,5,True,random_checkpoint,64,1.0,,
135,5,True,earliest_eligible,8,0.125,0.25,0.125
135,5,True,normalized_quarter,16,0.25,0.125,-0.125
135,5,True,normalized_midpoint,32,1.0,1.0,0.0
135,5,True,normalized_three_quarter,48,1.0,1.0,0.0
135,5,True,confidence_low,8,0.125,0.25,0.125
135,5,True,entropy_high,8,0.125,0.25,0.125
135,5,True,mask_ratio,8,0.125,0.25,0.125
135,5,True,oof_state_value,56,1.0,1.0,0.0
135,5,True,oracle_localization,24,1.0,1.0,0.0
136,0,False,random_checkpoint,64,0.0,,
136,0,False,earliest_eligible,8,0.0,0.0,0.0
136,0,False,normalized_quarter,16,0.0,0.0,0.0
136,0,False,normalized_midpoint,32,0.0,0.0,0.0
136,0,False,normalized_three_quarter,48,0.0,0.0,0.0
136,0,False,confidence_low,8,0.0,0.0,0.0
136,0,False,entropy_high,8,0.0,0.0,0.0
136,0,False,mask_ratio,8,0.0,0.0,0.0
136,0,False,oof_state_value,48,0.0,0.0,0.0
136,0,False,oracle_localization,8,0.0,0.0,0.0
137,0,False,random_checkpoint,16,0.0,0.0,0.0
137,0,False,earliest_eligible,8,0.0,0.0,0.0
137,0,False,normalized_quarter,16,0.0,0.0,0.0
137,0,False,normalized_midpoint,32,0.0,0.0,0.0
137,0,False,normalized_three_quarter,48,0.0,0.0,0.0
137,0,False,confidence_low,8,0.0,0.0,0.0
137,0,False,entropy_high,8,0.0,0.0,0.0
137,0,False,mask_ratio,8,0.0,0.0,0.0
137,0,False,oof_state_value,24,0.0,0.0,0.0
137,0,False,oracle_localization,8,0.0,0.0,0.0
138,0,False,random_checkpoint,32,0.0,0.0,0.0
138,0,False,earliest_eligible,8,0.0,0.0,0.0
138,0,False,normalized_quarter,16,0.0,0.0,0.0
138,0,False,normalized_midpoint,32,0.0,0.0,0.0
138,0,False,normalized_three_quarter,48,0.0,0.0,0.0
138,0,False,confidence_low,8,0.0,0.0,0.0
138,0,False,entropy_high,8,0.0,0.0,0.0
138,0,False,mask_ratio,8,0.0,0.0,0.0
138,0,False,oof_state_value,56,0.0,0.0,0.0
138,0,False,oracle_localization,8,0.0,0.0,0.0
139,0,False,random_checkpoint,16,0.0,0.0,0.0
139,0,False,earliest_eligible,8,0.0,0.0,0.0
139,0,False,normalized_quarter,16,0.0,0.0,0.0
139,0,False,normalized_midpoint,32,0.0,0.0,0.0
139,0,False,normalized_three_quarter,48,0.0,0.0,0.0
139,0,False,confidence_low,8,0.0,0.0,0.0
139,0,False,entropy_high,8,0.0,0.0,0.0
139,0,False,mask_ratio,8,0.0,0.0,0.0
139,0,False,oof_state_value,40,0.0,0.0,0.0
139,0,False,oracle_localization,8,0.0,0.0,0.0
139,2,True,random_checkpoint,40,1.0,1.0,0.0
139,2,True,earliest_eligible,8,0.625,0.875,0.25
139,2,True,normalized_quarter,16,1.0,0.875,-0.125
139,2,True,normalized_midpoint,32,1.0,1.0,0.0
139,2,True,normalized_three_quarter,48,1.0,1.0,0.0
139,2,True,confidence_low,8,0.625,0.875,0.25
139,2,True,entropy_high,8,0.625,0.875,0.25
139,2,True,mask_ratio,8,0.625,0.875,0.25
139,2,True,oof_state_value,40,1.0,1.0,0.0
139,2,True,oracle_localization,24,1.0,1.0,0.0
140,0,False,random_checkpoint,24,0.25,0.125,-0.125
140,0,False,earliest_eligible,8,0.25,0.75,0.5
140,0,False,normalized_quarter,16,0.375,0.25,-0.125
140,0,False,normalized_midpoint,32,0.0,0.0,0.0
140,0,False,normalized_three_quarter,48,0.0,0.0,0.0
140,0,False,confidence_low,8,0.25,0.75,0.5
140,0,False,entropy_high,8,0.25,0.75,0.5
140,0,False,mask_ratio,8,0.25,0.75,0.5
140,0,False,oof_state_value,48,0.0,0.0,0.0
140,0,False,oracle_localization,8,0.25,0.75,0.5
140,1,True,random_checkpoint,56,1.0,1.0,0.0
140,1,True,earliest_eligible,8,0.0,0.25,0.25
140,1,True,normalized_quarter,16,0.25,0.0,-0.25
140,1,True,normalized_midpoint,32,0.875,1.0,0.125
140,1,True,normalized_three_quarter,48,1.0,0.875,-0.125
140,1,True,confidence_low,8,0.0,0.25,0.25
140,1,True,entropy_high,8,0.0,0.25,0.25
140,1,True,mask_ratio,8,0.0,0.25,0.25
140,1,True,oof_state_value,32,0.875,1.0,0.125
140,1,True,oracle_localization,24,1.0,0.875,-0.125
141,0,True,random_checkpoint,8,0.875,1.0,0.125
141,0,True,earliest_eligible,8,0.875,1.0,0.125
141,0,True,normalized_quarter,16,1.0,0.875,-0.125
141,0,True,normalized_midpoint,32,1.0,1.0,0.0
141,0,True,normalized_three_quarter,48,1.0,1.0,0.0
141,0,True,confidence_low,8,0.875,1.0,0.125
141,0,True,entropy_high,8,0.875,1.0,0.125
141,0,True,mask_ratio,8,0.875,1.0,0.125
141,0,True,oof_state_value,56,1.0,1.0,0.0
141,0,True,oracle_localization,8,0.875,1.0,0.125
141,1,False,random_checkpoint,24,0.0,0.0,0.0
141,1,False,earliest_eligible,8,0.375,0.125,-0.25
141,1,False,normalized_quarter,16,0.0,0.0,0.0
141,1,False,normalized_midpoint,32,0.0,0.0,0.0
141,1,False,normalized_three_quarter,48,0.0,0.0,0.0
141,1,False,confidence_low,8,0.375,0.125,-0.25
141,1,False,entropy_high,8,0.375,0.125,-0.25
141,1,False,mask_ratio,8,0.375,0.125,-0.25
141,1,False,oof_state_value,56,0.0,0.0,0.0
141,1,False,oracle_localization,8,0.375,0.125,-0.25
142,0,False,random_checkpoint,16,0.0,0.0,0.0
142,0,False,earliest_eligible,8,0.0,0.0,0.0
142,0,False,normalized_quarter,16,0.0,0.0,0.0
142,0,False,normalized_midpoint,32,0.0,0.0,0.0
142,0,False,normalized_three_quarter,48,0.0,0.0,0.0
142,0,False,confidence_low,8,0.0,0.0,0.0
142,0,False,entropy_high,8,0.0,0.0,0.0
142,0,False,mask_ratio,8,0.0,0.0,0.0
142,0,False,oof_state_value,16,0.0,0.0,0.0
142,0,False,oracle_localization,8,0.0,0.0,0.0
142,7,True,random_checkpoint,64,1.0,,
142,7,True,earliest_eligible,8,0.0,0.0,0.0
142,7,True,normalized_quarter,16,0.0,0.125,0.125
142,7,True,normalized_midpoint,32,0.75,0.375,-0.375
142,7,True,normalized_three_quarter,48,1.0,1.0,0.0
142,7,True,confidence_low,8,0.0,0.0,0.0
142,7,True,entropy_high,8,0.0,0.0,0.0
142,7,True,mask_ratio,8,0.0,0.0,0.0
142,7,True,oof_state_value,56,1.0,1.0,0.0
142,7,True,oracle_localization,48,1.0,1.0,0.0
143,0,False,random_checkpoint,56,0.0,0.0,0.0
143,0,False,earliest_eligible,8,0.0,0.0,0.0
143,0,False,normalized_quarter,16,0.0,0.0,0.0
143,0,False,normalized_midpoint,32,0.0,0.0,0.0
143,0,False,normalized_three_quarter,48,0.0,0.0,0.0
143,0,False,confidence_low,8,0.0,0.0,0.0
143,0,False,entropy_high,8,0.0,0.0,0.0
143,0,False,mask_ratio,8,0.0,0.0,0.0
143,0,False,oof_state_value,48,0.0,0.0,0.0
143,0,False,oracle_localization,8,0.0,0.0,0.0
144,0,False,random_checkpoint,56,0.0,0.0,0.0
144,0,False,earliest_eligible,8,0.0,0.0,0.0
144,0,False,normalized_quarter,16,0.0,0.0,0.0
144,0,False,normalized_midpoint,32,0.0,0.0,0.0
144,0,False,normalized_three_quarter,48,0.0,0.0,0.0
144,0,False,confidence_low,8,0.0,0.0,0.0
144,0,False,entropy_high,8,0.0,0.0,0.0
144,0,False,mask_ratio,8,0.0,0.0,0.0
144,0,False,oof_state_value,56,0.0,0.0,0.0
144,0,False,oracle_localization,8,0.0,0.0,0.0
144,1,True,random_checkpoint,40,1.0,1.0,0.0
144,1,True,earliest_eligible,8,0.0,0.0,0.0
144,1,True,normalized_quarter,16,0.0,0.0,0.0
144,1,True,normalized_midpoint,32,0.625,0.125,-0.5
144,1,True,normalized_three_quarter,48,1.0,1.0,0.0
144,1,True,confidence_low,8,0.0,0.0,0.0
144,1,True,entropy_high,8,0.0,0.0,0.0
144,1,True,mask_ratio,8,0.0,0.0,0.0
144,1,True,oof_state_value,40,1.0,1.0,0.0
144,1,True,oracle_localization,40,1.0,1.0,0.0
145,0,False,random_checkpoint,40,0.0,0.0,0.0
145,0,False,earliest_eligible,8,0.0,0.0,0.0
145,0,False,normalized_quarter,16,0.0,0.0,0.0
145,0,False,normalized_midpoint,32,0.0,0.0,0.0
145,0,False,normalized_three_quarter,48,0.0,0.0,0.0
145,0,False,confidence_low,8,0.0,0.0,0.0
145,0,False,entropy_high,8,0.0,0.0,0.0
145,0,False,mask_ratio,8,0.0,0.0,0.0
145,0,False,oof_state_value,16,0.0,0.0,0.0
145,0,False,oracle_localization,8,0.0,0.0,0.0
146,0,True,random_checkpoint,64,1.0,,
146,0,True,earliest_eligible,8,0.5,0.375,-0.125
146,0,True,normalized_quarter,16,0.5,0.0,-0.5
146,0,True,normalized_midpoint,32,0.375,0.75,0.375
146,0,True,normalized_three_quarter,48,1.0,1.0,0.0
146,0,True,confidence_low,8,0.5,0.375,-0.125
146,0,True,entropy_high,8,0.5,0.375,-0.125
146,0,True,mask_ratio,8,0.5,0.375,-0.125
146,0,True,oof_state_value,24,0.0,0.125,0.125
146,0,True,oracle_localization,40,1.0,1.0,0.0
146,1,False,random_checkpoint,24,0.0,0.0,0.0
146,1,False,earliest_eligible,8,0.0,0.0,0.0
146,1,False,normalized_quarter,16,0.0,0.0,0.0
146,1,False,normalized_midpoint,32,0.0,0.0,0.0
146,1,False,normalized_three_quarter,48,0.0,0.0,0.0
146,1,False,confidence_low,8,0.0,0.0,0.0
146,1,False,entropy_high,8,0.0,0.0,0.0
146,1,False,mask_ratio,8,0.0,0.0,0.0
146,1,False,oof_state_value,48,0.0,0.0,0.0
146,1,False,oracle_localization,8,0.0,0.0,0.0
147,0,False,random_checkpoint,32,0.0,1.0,1.0
147,0,False,earliest_eligible,8,0.5,0.375,-0.125
147,0,False,normalized_quarter,16,0.875,0.5,-0.375
147,0,False,normalized_midpoint,32,0.0,1.0,1.0
147,0,False,normalized_three_quarter,48,0.0,0.0,0.0
147,0,False,confidence_low,8,0.5,0.375,-0.125
147,0,False,entropy_high,8,0.5,0.375,-0.125
147,0,False,mask_ratio,8,0.5,0.375,-0.125
147,0,False,oof_state_value,32,0.0,1.0,1.0
147,0,False,oracle_localization,32,0.0,1.0,1.0
147,1,True,random_checkpoint,24,0.75,0.0,-0.75
147,1,True,earliest_eligible,8,0.125,0.5,0.375
147,1,True,normalized_quarter,16,0.0,0.125,0.125
147,1,True,normalized_midpoint,32,0.5,0.625,0.125
147,1,True,normalized_three_quarter,48,1.0,1.0,0.0
147,1,True,confidence_low,8,0.125,0.5,0.375
147,1,True,entropy_high,8,0.125,0.5,0.375
147,1,True,mask_ratio,8,0.125,0.5,0.375
147,1,True,oof_state_value,48,1.0,1.0,0.0
147,1,True,oracle_localization,32,0.5,0.625,0.125
148,0,True,random_checkpoint,16,0.125,0.625,0.5
148,0,True,earliest_eligible,8,0.5,0.25,-0.25
148,0,True,normalized_quarter,16,0.125,0.625,0.5
148,0,True,normalized_midpoint,32,1.0,1.0,0.0
148,0,True,normalized_three_quarter,48,1.0,1.0,0.0
148,0,True,confidence_low,8,0.5,0.25,-0.25
148,0,True,entropy_high,8,0.5,0.25,-0.25
148,0,True,mask_ratio,8,0.5,0.25,-0.25
148,0,True,oof_state_value,40,1.0,1.0,0.0
148,0,True,oracle_localization,24,0.75,0.75,0.0
148,2,False,random_checkpoint,16,0.0,0.0,0.0
148,2,False,earliest_eligible,8,0.0,0.0,0.0
148,2,False,normalized_quarter,16,0.0,0.0,0.0
148,2,False,normalized_midpoint,32,0.0,0.0,0.0
148,2,False,normalized_three_quarter,48,0.0,0.0,0.0
148,2,False,confidence_low,8,0.0,0.0,0.0
148,2,False,entropy_high,8,0.0,0.0,0.0
148,2,False,mask_ratio,8,0.0,0.0,0.0
148,2,False,oof_state_value,16,0.0,0.0,0.0
148,2,False,oracle_localization,8,0.0,0.0,0.0
149,0,False,random_checkpoint,56,0.0,0.0,0.0
149,0,False,earliest_eligible,8,0.0,0.0,0.0
149,0,False,normalized_quarter,16,0.0,0.125,0.125
149,0,False,normalized_midpoint,32,0.0,0.0,0.0
149,0,False,normalized_three_quarter,48,0.0,0.0,0.0
149,0,False,confidence_low,8,0.0,0.0,0.0
149,0,False,entropy_high,8,0.0,0.0,0.0
149,0,False,mask_ratio,8,0.0,0.0,0.0
149,0,False,oof_state_value,56,0.0,0.0,0.0
149,0,False,oracle_localization,8,0.0,0.0,0.0
150,0,False,random_checkpoint,8,0.125,0.125,0.0
150,0,False,earliest_eligible,8,0.125,0.125,0.0
150,0,False,normalized_quarter,16,0.0,0.0,0.0
150,0,False,normalized_midpoint,32,0.0,0.0,0.0
150,0,False,normalized_three_quarter,48,0.0,0.0,0.0
150,0,False,confidence_low,8,0.125,0.125,0.0
150,0,False,entropy_high,8,0.125,0.125,0.0
150,0,False,mask_ratio,8,0.125,0.125,0.0
150,0,False,oof_state_value,24,0.0,0.0,0.0
150,0,False,oracle_localization,8,0.125,0.125,0.0
150,1,True,random_checkpoint,16,1.0,1.0,0.0
150,1,True,earliest_eligible,8,1.0,1.0,0.0
150,1,True,normalized_quarter,16,1.0,1.0,0.0
150,1,True,normalized_midpoint,32,1.0,1.0,0.0
150,1,True,normalized_three_quarter,48,1.0,1.0,0.0
150,1,True,confidence_low,8,1.0,1.0,0.0
150,1,True,entropy_high,8,1.0,1.0,0.0
150,1,True,mask_ratio,8,1.0,1.0,0.0
150,1,True,oof_state_value,48,1.0,1.0,0.0
150,1,True,oracle_localization,8,1.0,1.0,0.0
151,0,False,random_checkpoint,64,0.0,,
151,0,False,earliest_eligible,8,0.0,0.0,0.0
151,0,False,normalized_quarter,16,0.0,0.0,0.0
151,0,False,normalized_midpoint,32,0.0,0.0,0.0
151,0,False,normalized_three_quarter,48,0.0,0.0,0.0
151,0,False,confidence_low,16,0.0,0.0,0.0
151,0,False,entropy_high,8,0.0,0.0,0.0
151,0,False,mask_ratio,8,0.0,0.0,0.0
151,0,False,oof_state_value,56,0.0,0.0,0.0
151,0,False,oracle_localization,8,0.0,0.0,0.0
152,0,False,random_checkpoint,8,0.0,0.0,0.0
152,0,False,earliest_eligible,8,0.0,0.0,0.0
152,0,False,normalized_quarter,16,0.0,0.0,0.0
152,0,False,normalized_midpoint,32,0.0,0.0,0.0
152,0,False,normalized_three_quarter,48,0.0,0.0,0.0
152,0,False,confidence_low,8,0.0,0.0,0.0
152,0,False,entropy_high,8,0.0,0.0,0.0
152,0,False,mask_ratio,8,0.0,0.0,0.0
152,0,False,oof_state_value,56,0.0,0.0,0.0
152,0,False,oracle_localization,8,0.0,0.0,0.0
153,0,False,random_checkpoint,40,0.0,0.0,0.0
153,0,False,earliest_eligible,8,0.0,0.0,0.0
153,0,False,normalized_quarter,16,0.0,0.0,0.0
153,0,False,normalized_midpoint,32,0.0,0.0,0.0
153,0,False,normalized_three_quarter,48,0.0,0.0,0.0
153,0,False,confidence_low,8,0.0,0.0,0.0
153,0,False,entropy_high,8,0.0,0.0,0.0
153,0,False,mask_ratio,8,0.0,0.0,0.0
153,0,False,oof_state_value,48,0.0,0.0,0.0
153,0,False,oracle_localization,8,0.0,0.0,0.0
154,0,False,random_checkpoint,24,0.0,0.0,0.0
154,0,False,earliest_eligible,8,0.0,0.0,0.0
154,0,False,normalized_quarter,16,0.0,0.0,0.0
154,0,False,normalized_midpoint,32,0.0,0.0,0.0
154,0,False,normalized_three_quarter,48,0.0,0.0,0.0
154,0,False,confidence_low,8,0.0,0.0,0.0
154,0,False,entropy_high,8,0.0,0.0,0.0
154,0,False,mask_ratio,8,0.0,0.0,0.0
154,0,False,oof_state_value,56,0.0,0.0,0.0
154,0,False,oracle_localization,8,0.0,0.0,0.0
155,0,False,random_checkpoint,16,0.0,0.0,0.0
155,0,False,earliest_eligible,8,0.375,0.375,0.0
155,0,False,normalized_quarter,16,0.0,0.0,0.0
155,0,False,normalized_midpoint,32,0.0,0.0,0.0
155,0,False,normalized_three_quarter,48,0.0,0.0,0.0
155,0,False,confidence_low,8,0.375,0.375,0.0
155,0,False,entropy_high,8,0.375,0.375,0.0
155,0,False,mask_ratio,8,0.375,0.375,0.0
155,0,False,oof_state_value,48,0.0,0.0,0.0
155,0,False,oracle_localization,8,0.375,0.375,0.0
156,0,False,random_checkpoint,56,0.0,0.0,0.0
156,0,False,earliest_eligible,8,0.0,0.0,0.0
156,0,False,normalized_quarter,16,0.0,0.0,0.0
156,0,False,normalized_midpoint,32,0.0,0.0,0.0
156,0,False,normalized_three_quarter,48,0.0,0.0,0.0
156,0,False,confidence_low,8,0.0,0.0,0.0
156,0,False,entropy_high,8,0.0,0.0,0.0
156,0,False,mask_ratio,8,0.0,0.0,0.0
156,0,False,oof_state_value,56,0.0,0.0,0.0
156,0,False,oracle_localization,8,0.0,0.0,0.0
157,0,False,random_checkpoint,40,0.0,0.0,0.0
157,0,False,earliest_eligible,8,0.0,0.0,0.0
157,0,False,normalized_quarter,16,0.0,0.0,0.0
157,0,False,normalized_midpoint,32,0.0,0.0,0.0
157,0,False,normalized_three_quarter,48,0.0,0.0,0.0
157,0,False,confidence_low,8,0.0,0.0,0.0
157,0,False,entropy_high,8,0.0,0.0,0.0
157,0,False,mask_ratio,8,0.0,0.0,0.0
157,0,False,oof_state_value,32,0.0,0.0,0.0
157,0,False,oracle_localization,8,0.0,0.0,0.0
158,0,False,random_checkpoint,8,0.0,0.0,0.0
158,0,False,earliest_eligible,8,0.0,0.0,0.0
158,0,False,normalized_quarter,16,0.0,0.0,0.0
158,0,False,normalized_midpoint,32,0.0,0.0,0.0
158,0,False,normalized_three_quarter,48,0.0,0.0,0.0
158,0,False,confidence_low,8,0.0,0.0,0.0
158,0,False,entropy_high,8,0.0,0.0,0.0
158,0,False,mask_ratio,8,0.0,0.0,0.0
158,0,False,oof_state_value,40,0.0,0.0,0.0
158,0,False,oracle_localization,8,0.0,0.0,0.0
159,0,False,random_checkpoint,16,0.0,0.0,0.0
159,0,False,earliest_eligible,8,0.0,0.0,0.0
159,0,False,normalized_quarter,16,0.0,0.0,0.0
159,0,False,normalized_midpoint,32,0.0,0.0,0.0
159,0,False,normalized_three_quarter,48,0.0,0.0,0.0
159,0,False,confidence_low,8,0.0,0.0,0.0
159,0,False,entropy_high,8,0.0,0.0,0.0
159,0,False,mask_ratio,8,0.0,0.0,0.0
159,0,False,oof_state_value,48,0.0,0.0,0.0
159,0,False,oracle_localization,8,0.0,0.0,0.0
160,0,False,random_checkpoint,40,0.0,0.0,0.0
160,0,False,earliest_eligible,8,0.0,0.0,0.0
160,0,False,normalized_quarter,16,0.0,0.0,0.0
160,0,False,normalized_midpoint,32,0.0,0.0,0.0
160,0,False,normalized_three_quarter,48,0.0,0.0,0.0
160,0,False,confidence_low,8,0.0,0.0,0.0
160,0,False,entropy_high,8,0.0,0.0,0.0
160,0,False,mask_ratio,8,0.0,0.0,0.0
160,0,False,oof_state_value,56,0.0,0.0,0.0
160,0,False,oracle_localization,8,0.0,0.0,0.0
160,3,True,random_checkpoint,8,0.375,0.25,-0.125
160,3,True,earliest_eligible,8,0.375,0.25,-0.125
160,3,True,normalized_quarter,16,0.75,1.0,0.25
160,3,True,normalized_midpoint,32,1.0,1.0,0.0
160,3,True,normalized_three_quarter,48,1.0,0.625,-0.375
160,3,True,confidence_low,8,0.375,0.25,-0.125
160,3,True,entropy_high,8,0.375,0.25,-0.125
160,3,True,mask_ratio,8,0.375,0.25,-0.125
160,3,True,oof_state_value,56,1.0,1.0,0.0
160,3,True,oracle_localization,16,0.75,1.0,0.25
161,0,False,random_checkpoint,64,0.0,,
161,0,False,earliest_eligible,8,0.5,0.75,0.25
161,0,False,normalized_quarter,16,0.5,0.375,-0.125
161,0,False,normalized_midpoint,32,0.0,0.0,0.0
161,0,False,normalized_three_quarter,48,0.0,0.0,0.0
161,0,False,confidence_low,8,0.5,0.75,0.25
161,0,False,entropy_high,8,0.5,0.75,0.25
161,0,False,mask_ratio,8,0.5,0.75,0.25
161,0,False,oof_state_value,24,0.0,0.0,0.0
161,0,False,oracle_localization,16,0.5,0.375,-0.125
161,1,True,random_checkpoint,64,1.0,,
161,1,True,earliest_eligible,8,0.875,1.0,0.125
161,1,True,normalized_quarter,16,1.0,1.0,0.0
161,1,True,normalized_midpoint,32,1.0,1.0,0.0
161,1,True,normalized_three_quarter,48,1.0,1.0,0.0
161,1,True,confidence_low,8,0.875,1.0,0.125
161,1,True,entropy_high,8,0.875,1.0,0.125
161,1,True,mask_ratio,8,0.875,1.0,0.125
161,1,True,oof_state_value,24,1.0,1.0,0.0
161,1,True,oracle_localization,8,0.875,1.0,0.125
162,0,False,random_checkpoint,56,0.0,0.0,0.0
162,0,False,earliest_eligible,8,0.0,0.0,0.0
162,0,False,normalized_quarter,16,0.0,0.0,0.0
162,0,False,normalized_midpoint,32,0.0,0.0,0.0
162,0,False,normalized_three_quarter,48,0.0,0.0,0.0
162,0,False,confidence_low,8,0.0,0.0,0.0
162,0,False,entropy_high,8,0.0,0.0,0.0
162,0,False,mask_ratio,8,0.0,0.0,0.0
162,0,False,oof_state_value,48,0.0,0.0,0.0
162,0,False,oracle_localization,8,0.0,0.0,0.0
163,0,False,random_checkpoint,24,0.0,0.0,0.0
163,0,False,earliest_eligible,8,0.0,0.0,0.0
163,0,False,normalized_quarter,16,0.0,0.0,0.0
163,0,False,normalized_midpoint,32,0.0,0.0,0.0
163,0,False,normalized_three_quarter,48,0.0,0.0,0.0
163,0,False,confidence_low,8,0.0,0.0,0.0
163,0,False,entropy_high,8,0.0,0.0,0.0
163,0,False,mask_ratio,8,0.0,0.0,0.0
163,0,False,oof_state_value,56,0.0,0.0,0.0
163,0,False,oracle_localization,8,0.0,0.0,0.0
164,0,False,random_checkpoint,32,0.0,0.0,0.0
164,0,False,earliest_eligible,8,0.0,0.0,0.0
164,0,False,normalized_quarter,16,0.0,0.0,0.0
164,0,False,normalized_midpoint,32,0.0,0.0,0.0
164,0,False,normalized_three_quarter,48,0.0,0.0,0.0
164,0,False,confidence_low,8,0.0,0.0,0.0
164,0,False,entropy_high,8,0.0,0.0,0.0
164,0,False,mask_ratio,8,0.0,0.0,0.0
164,0,False,oof_state_value,8,0.0,0.0,0.0
164,0,False,oracle_localization,8,0.0,0.0,0.0
165,0,False,random_checkpoint,40,0.0,0.0,0.0
165,0,False,earliest_eligible,8,0.0,0.0,0.0
165,0,False,normalized_quarter,16,0.375,0.25,-0.125
165,0,False,normalized_midpoint,32,0.0,0.0,0.0
165,0,False,normalized_three_quarter,48,0.0,0.0,0.0
165,0,False,confidence_low,8,0.0,0.0,0.0
165,0,False,entropy_high,8,0.0,0.0,0.0
165,0,False,mask_ratio,8,0.0,0.0,0.0
165,0,False,oof_state_value,40,0.0,0.0,0.0
165,0,False,oracle_localization,16,0.375,0.25,-0.125
166,0,False,random_checkpoint,64,0.0,,
166,0,False,earliest_eligible,8,0.0,0.0,0.0
166,0,False,normalized_quarter,16,0.0,0.0,0.0
166,0,False,normalized_midpoint,32,0.0,0.0,0.0
166,0,False,normalized_three_quarter,48,0.0,0.0,0.0
166,0,False,confidence_low,16,0.0,0.0,0.0
166,0,False,entropy_high,8,0.0,0.0,0.0
166,0,False,mask_ratio,8,0.0,0.0,0.0
166,0,False,oof_state_value,56,0.0,0.0,0.0
166,0,False,oracle_localization,8,0.0,0.0,0.0
167,0,True,random_checkpoint,24,1.0,1.0,0.0
167,0,True,earliest_eligible,8,0.875,0.5,-0.375
167,0,True,normalized_quarter,16,1.0,0.875,-0.125
167,0,True,normalized_midpoint,32,1.0,1.0,0.0
167,0,True,normalized_three_quarter,48,1.0,1.0,0.0
167,0,True,confidence_low,8,0.875,0.5,-0.375
167,0,True,entropy_high,8,0.875,0.5,-0.375
167,0,True,mask_ratio,8,0.875,0.5,-0.375
167,0,True,oof_state_value,24,1.0,1.0,0.0
167,0,True,oracle_localization,16,1.0,0.875,-0.125
167,1,False,random_checkpoint,56,0.0,0.0,0.0
167,1,False,earliest_eligible,8,0.875,0.875,0.0
167,1,False,normalized_quarter,16,0.0,0.0,0.0
167,1,False,normalized_midpoint,32,0.0,0.0,0.0
167,1,False,normalized_three_quarter,48,0.0,0.0,0.0
167,1,False,confidence_low,32,0.0,0.0,0.0
167,1,False,entropy_high,8,0.875,0.875,0.0
167,1,False,mask_ratio,8,0.875,0.875,0.0
167,1,False,oof_state_value,16,0.0,0.0,0.0
167,1,False,oracle_localization,8,0.875,0.875,0.0
168,0,False,random_checkpoint,40,0.0,0.0,0.0
168,0,False,earliest_eligible,8,0.0,0.0,0.0
168,0,False,normalized_quarter,16,0.0,0.0,0.0
168,0,False,normalized_midpoint,32,0.0,0.0,0.0
168,0,False,normalized_three_quarter,48,0.0,0.0,0.0
168,0,False,confidence_low,8,0.0,0.0,0.0
168,0,False,entropy_high,8,0.0,0.0,0.0
168,0,False,mask_ratio,8,0.0,0.0,0.0
168,0,False,oof_state_value,56,0.0,0.0,0.0
168,0,False,oracle_localization,8,0.0,0.0,0.0
169,0,False,random_checkpoint,32,0.0,0.0,0.0
169,0,False,earliest_eligible,8,0.0,0.5,0.5
169,0,False,normalized_quarter,16,0.125,0.0,-0.125
169,0,False,normalized_midpoint,32,0.0,0.0,0.0
169,0,False,normalized_three_quarter,48,0.0,0.0,0.0
169,0,False,confidence_low,8,0.0,0.5,0.5
169,0,False,entropy_high,8,0.0,0.5,0.5
169,0,False,mask_ratio,8,0.0,0.5,0.5
169,0,False,oof_state_value,40,0.0,0.0,0.0
169,0,False,oracle_localization,8,0.0,0.5,0.5
169,2,True,random_checkpoint,48,1.0,1.0,0.0
169,2,True,earliest_eligible,8,0.625,0.5,-0.125
169,2,True,normalized_quarter,16,1.0,0.75,-0.25
169,2,True,normalized_midpoint,32,1.0,1.0,0.0
169,2,True,normalized_three_quarter,48,1.0,1.0,0.0
169,2,True,confidence_low,8,0.625,0.5,-0.125
169,2,True,entropy_high,8,0.625,0.5,-0.125
169,2,True,mask_ratio,8,0.625,0.5,-0.125
169,2,True,oof_state_value,48,1.0,1.0,0.0
169,2,True,oracle_localization,8,0.625,0.5,-0.125
170,0,False,random_checkpoint,32,0.0,0.0,0.0
170,0,False,earliest_eligible,8,0.0,0.0,0.0
170,0,False,normalized_quarter,16,0.0,0.0,0.0
170,0,False,normalized_midpoint,32,0.0,0.0,0.0
170,0,False,normalized_three_quarter,48,0.0,0.0,0.0
170,0,False,confidence_low,8,0.0,0.0,0.0
170,0,False,entropy_high,8,0.0,0.0,0.0
170,0,False,mask_ratio,8,0.0,0.0,0.0
170,0,False,oof_state_value,48,0.0,0.0,0.0
170,0,False,oracle_localization,8,0.0,0.0,0.0
171,0,False,random_checkpoint,64,0.0,,
171,0,False,earliest_eligible,8,0.5,0.125,-0.375
171,0,False,normalized_quarter,16,0.125,0.0,-0.125
171,0,False,normalized_midpoint,32,0.0,0.0,0.0
171,0,False,normalized_three_quarter,48,0.0,0.0,0.0
171,0,False,confidence_low,16,0.125,0.0,-0.125
171,0,False,entropy_high,8,0.5,0.125,-0.375
171,0,False,mask_ratio,8,0.5,0.125,-0.375
171,0,False,oof_state_value,56,0.0,0.0,0.0
171,0,False,oracle_localization,8,0.5,0.125,-0.375
171,4,True,random_checkpoint,16,0.0,0.0,0.0
171,4,True,earliest_eligible,8,0.125,0.0,-0.125
171,4,True,normalized_quarter,16,0.0,0.0,0.0
171,4,True,normalized_midpoint,32,0.0,0.125,0.125
171,4,True,normalized_three_quarter,48,0.25,0.25,0.0
171,4,True,confidence_low,8,0.125,0.0,-0.125
171,4,True,entropy_high,8,0.125,0.0,-0.125
171,4,True,mask_ratio,8,0.125,0.0,-0.125
171,4,True,oof_state_value,24,0.125,0.0,-0.125
171,4,True,oracle_localization,56,1.0,1.0,0.0
172,0,False,random_checkpoint,32,0.0,0.0,0.0
172,0,False,earliest_eligible,8,0.0,0.125,0.125
172,0,False,normalized_quarter,16,0.0,0.0,0.0
172,0,False,normalized_midpoint,32,0.0,0.0,0.0
172,0,False,normalized_three_quarter,48,0.0,0.0,0.0
172,0,False,confidence_low,8,0.0,0.125,0.125
172,0,False,entropy_high,8,0.0,0.125,0.125
172,0,False,mask_ratio,8,0.0,0.125,0.125
172,0,False,oof_state_value,56,0.0,0.0,0.0
172,0,False,oracle_localization,8,0.0,0.125,0.125
172,4,True,random_checkpoint,32,0.0,0.375,0.375
172,4,True,earliest_eligible,8,0.25,0.125,-0.125
172,4,True,normalized_quarter,16,0.625,1.0,0.375
172,4,True,normalized_midpoint,32,0.0,0.375,0.375
172,4,True,normalized_three_quarter,48,1.0,1.0,0.0
172,4,True,confidence_low,8,0.25,0.125,-0.125
172,4,True,entropy_high,8,0.25,0.125,-0.125
172,4,True,mask_ratio,8,0.25,0.125,-0.125
172,4,True,oof_state_value,16,0.625,1.0,0.375
172,4,True,oracle_localization,16,0.625,1.0,0.375
173,0,True,random_checkpoint,16,0.875,0.875,0.0
173,0,True,earliest_eligible,8,0.0,0.0,0.0
173,0,True,normalized_quarter,16,0.875,0.875,0.0
173,0,True,normalized_midpoint,32,1.0,1.0,0.0
173,0,True,normalized_three_quarter,48,1.0,1.0,0.0
173,0,True,confidence_low,8,0.0,0.0,0.0
173,0,True,entropy_high,8,0.0,0.0,0.0
173,0,True,mask_ratio,8,0.0,0.0,0.0
173,0,True,oof_state_value,32,1.0,1.0,0.0
173,0,True,oracle_localization,24,1.0,1.0,0.0
173,1,False,random_checkpoint,56,0.0,0.0,0.0
173,1,False,earliest_eligible,8,0.0,0.125,0.125
173,1,False,normalized_quarter,16,0.0,0.0,0.0
173,1,False,normalized_midpoint,32,0.0,0.0,0.0
173,1,False,normalized_three_quarter,48,0.0,0.0,0.0
173,1,False,confidence_low,8,0.0,0.125,0.125
173,1,False,entropy_high,8,0.0,0.125,0.125
173,1,False,mask_ratio,8,0.0,0.125,0.125
173,1,False,oof_state_value,48,0.0,0.0,0.0
173,1,False,oracle_localization,8,0.0,0.125,0.125
174,0,False,random_checkpoint,8,0.0,0.0,0.0
174,0,False,earliest_eligible,8,0.0,0.0,0.0
174,0,False,normalized_quarter,16,0.0,0.0,0.0
174,0,False,normalized_midpoint,32,0.0,0.0,0.0
174,0,False,normalized_three_quarter,48,0.0,0.0,0.0
174,0,False,confidence_low,8,0.0,0.0,0.0
174,0,False,entropy_high,8,0.0,0.0,0.0
174,0,False,mask_ratio,8,0.0,0.0,0.0
174,0,False,oof_state_value,16,0.0,0.0,0.0
174,0,False,oracle_localization,16,0.0,0.0,0.0
174,1,True,random_checkpoint,48,1.0,1.0,0.0
174,1,True,earliest_eligible,8,0.5,1.0,0.5
174,1,True,normalized_quarter,16,1.0,1.0,0.0
174,1,True,normalized_midpoint,32,1.0,1.0,0.0
174,1,True,normalized_three_quarter,48,1.0,1.0,0.0
174,1,True,confidence_low,8,0.5,1.0,0.5
174,1,True,entropy_high,8,0.5,1.0,0.5
174,1,True,mask_ratio,8,0.5,1.0,0.5
174,1,True,oof_state_value,32,1.0,1.0,0.0
174,1,True,oracle_localization,8,0.5,1.0,0.5
175,0,False,random_checkpoint,8,0.0,0.0,0.0
175,0,False,earliest_eligible,8,0.0,0.0,0.0
175,0,False,normalized_quarter,16,0.0,0.0,0.0
175,0,False,normalized_midpoint,32,0.0,0.0,0.0
175,0,False,normalized_three_quarter,48,0.0,0.0,0.0
175,0,False,confidence_low,8,0.0,0.0,0.0
175,0,False,entropy_high,8,0.0,0.0,0.0
175,0,False,mask_ratio,8,0.0,0.0,0.0
175,0,False,oof_state_value,32,0.0,0.0,0.0
175,0,False,oracle_localization,8,0.0,0.0,0.0
176,0,False,random_checkpoint,64,0.0,,
176,0,False,earliest_eligible,8,0.0,0.0,0.0
176,0,False,normalized_quarter,16,0.0,0.0,0.0
176,0,False,normalized_midpoint,32,0.0,0.0,0.0
176,0,False,normalized_three_quarter,48,0.0,0.0,0.0
176,0,False,confidence_low,8,0.0,0.0,0.0
176,0,False,entropy_high,8,0.0,0.0,0.0
176,0,False,mask_ratio,8,0.0,0.0,0.0
176,0,False,oof_state_value,24,0.0,0.0,0.0
176,0,False,oracle_localization,8,0.0,0.0,0.0
177,0,False,random_checkpoint,16,0.0,0.125,0.125
177,0,False,earliest_eligible,8,0.125,0.0,-0.125
177,0,False,normalized_quarter,16,0.0,0.125,0.125
177,0,False,normalized_midpoint,32,0.0,0.0,0.0
177,0,False,normalized_three_quarter,48,0.0,0.125,0.125
177,0,False,confidence_low,8,0.125,0.0,-0.125
177,0,False,entropy_high,8,0.125,0.0,-0.125
177,0,False,mask_ratio,8,0.125,0.0,-0.125
177,0,False,oof_state_value,56,0.0,0.0,0.0
177,0,False,oracle_localization,8,0.125,0.0,-0.125
177,2,True,random_checkpoint,56,1.0,1.0,0.0
177,2,True,earliest_eligible,8,0.125,0.25,0.125
177,2,True,normalized_quarter,16,0.625,0.5,-0.125
177,2,True,normalized_midpoint,32,1.0,1.0,0.0
177,2,True,normalized_three_quarter,48,1.0,1.0,0.0
177,2,True,confidence_low,8,0.125,0.25,0.125
177,2,True,entropy_high,8,0.125,0.25,0.125
177,2,True,mask_ratio,8,0.125,0.25,0.125
177,2,True,oof_state_value,56,1.0,1.0,0.0
177,2,True,oracle_localization,24,1.0,1.0,0.0
178,0,True,random_checkpoint,16,1.0,1.0,0.0
178,0,True,earliest_eligible,8,1.0,1.0,0.0
178,0,True,normalized_quarter,16,1.0,1.0,0.0
178,0,True,normalized_midpoint,32,1.0,1.0,0.0
178,0,True,normalized_three_quarter,48,1.0,1.0,0.0
178,0,True,confidence_low,8,1.0,1.0,0.0
178,0,True,entropy_high,8,1.0,1.0,0.0
178,0,True,mask_ratio,8,1.0,1.0,0.0
178,0,True,oof_state_value,32,1.0,1.0,0.0
178,0,True,oracle_localization,8,1.0,1.0,0.0
178,1,False,random_checkpoint,56,0.0,0.0,0.0
178,1,False,earliest_eligible,8,0.25,0.125,-0.125
178,1,False,normalized_quarter,16,0.25,0.125,-0.125
178,1,False,normalized_midpoint,32,0.0,0.0,0.0
178,1,False,normalized_three_quarter,48,0.0,0.0,0.0
178,1,False,confidence_low,8,0.25,0.125,-0.125
178,1,False,entropy_high,8,0.25,0.125,-0.125
178,1,False,mask_ratio,8,0.25,0.125,-0.125
178,1,False,oof_state_value,16,0.25,0.125,-0.125
178,1,False,oracle_localization,8,0.25,0.125,-0.125
179,0,False,random_checkpoint,16,0.0,0.0,0.0
179,0,False,earliest_eligible,8,0.0,0.0,0.0
179,0,False,normalized_quarter,16,0.0,0.0,0.0
179,0,False,normalized_midpoint,32,0.0,0.0,0.0
179,0,False,normalized_three_quarter,48,0.0,0.0,0.0
179,0,False,confidence_low,8,0.0,0.0,0.0
179,0,False,entropy_high,8,0.0,0.0,0.0
179,0,False,mask_ratio,8,0.0,0.0,0.0
179,0,False,oof_state_value,16,0.0,0.0,0.0
179,0,False,oracle_localization,8,0.0,0.0,0.0
180,0,False,random_checkpoint,24,0.0,0.0,0.0
180,0,False,earliest_eligible,8,0.0,0.125,0.125
180,0,False,normalized_quarter,16,0.125,0.125,0.0
180,0,False,normalized_midpoint,32,0.0,0.0,0.0
180,0,False,normalized_three_quarter,48,0.0,0.0,0.0
180,0,False,confidence_low,8,0.0,0.125,0.125
180,0,False,entropy_high,8,0.0,0.125,0.125
180,0,False,mask_ratio,8,0.0,0.125,0.125
180,0,False,oof_state_value,56,0.0,0.0,0.0
180,0,False,oracle_localization,8,0.0,0.125,0.125
180,3,True,random_checkpoint,32,1.0,1.0,0.0
180,3,True,earliest_eligible,8,0.125,0.5,0.375
180,3,True,normalized_quarter,16,0.625,0.5,-0.125
180,3,True,normalized_midpoint,32,1.0,1.0,0.0
180,3,True,normalized_three_quarter,48,1.0,1.0,0.0
180,3,True,confidence_low,8,0.125,0.5,0.375
180,3,True,entropy_high,8,0.125,0.5,0.375
180,3,True,mask_ratio,8,0.125,0.5,0.375
180,3,True,oof_state_value,48,1.0,1.0,0.0
180,3,True,oracle_localization,24,1.0,1.0,0.0
181,0,False,random_checkpoint,56,0.0,0.0,0.0
181,0,False,earliest_eligible,8,0.0,0.125,0.125
181,0,False,normalized_quarter,16,0.25,0.0,-0.25
181,0,False,normalized_midpoint,32,0.0,0.0,0.0
181,0,False,normalized_three_quarter,48,0.0,0.0,0.0
181,0,False,confidence_low,8,0.0,0.125,0.125
181,0,False,entropy_high,8,0.0,0.125,0.125
181,0,False,mask_ratio,8,0.0,0.125,0.125
181,0,False,oof_state_value,56,0.0,0.0,0.0
181,0,False,oracle_localization,24,0.0,0.125,0.125
182,0,False,random_checkpoint,64,0.0,,
182,0,False,earliest_eligible,8,0.25,1.0,0.75
182,0,False,normalized_quarter,16,0.0,1.0,1.0
182,0,False,normalized_midpoint,32,0.0,0.375,0.375
182,0,False,normalized_three_quarter,48,0.0,0.0,0.0
182,0,False,confidence_low,8,0.25,1.0,0.75
182,0,False,entropy_high,8,0.25,1.0,0.75
182,0,False,mask_ratio,8,0.25,1.0,0.75
182,0,False,oof_state_value,24,0.0,0.0,0.0
182,0,False,oracle_localization,8,0.25,1.0,0.75
182,1,True,random_checkpoint,16,0.75,1.0,0.25
182,1,True,earliest_eligible,8,0.5,0.375,-0.125
182,1,True,normalized_quarter,16,0.75,1.0,0.25
182,1,True,normalized_midpoint,32,0.875,0.125,-0.75
182,1,True,normalized_three_quarter,48,1.0,1.0,0.0
182,1,True,confidence_low,8,0.5,0.375,-0.125
182,1,True,entropy_high,8,0.5,0.375,-0.125
182,1,True,mask_ratio,8,0.5,0.375,-0.125
182,1,True,oof_state_value,32,0.875,0.125,-0.75
182,1,True,oracle_localization,40,1.0,1.0,0.0
183,0,False,random_checkpoint,64,0.0,,
183,0,False,earliest_eligible,8,0.0,0.0,0.0
183,0,False,normalized_quarter,16,0.0,0.0,0.0
183,0,False,normalized_midpoint,32,0.0,0.0,0.0
183,0,False,normalized_three_quarter,48,0.0,0.0,0.0
183,0,False,confidence_low,16,0.0,0.0,0.0
183,0,False,entropy_high,8,0.0,0.0,0.0
183,0,False,mask_ratio,8,0.0,0.0,0.0
183,0,False,oof_state_value,32,0.0,0.0,0.0
183,0,False,oracle_localization,8,0.0,0.0,0.0
184,0,False,random_checkpoint,48,0.0,0.0,0.0
184,0,False,earliest_eligible,8,0.0,0.0,0.0
184,0,False,normalized_quarter,16,0.0,0.0,0.0
184,0,False,normalized_midpoint,32,0.0,0.0,0.0
184,0,False,normalized_three_quarter,48,0.0,0.0,0.0
184,0,False,confidence_low,8,0.0,0.0,0.0
184,0,False,entropy_high,8,0.0,0.0,0.0
184,0,False,mask_ratio,8,0.0,0.0,0.0
184,0,False,oof_state_value,56,0.0,0.0,0.0
184,0,False,oracle_localization,8,0.0,0.0,0.0
184,6,True,random_checkpoint,24,1.0,1.0,0.0
184,6,True,earliest_eligible,8,0.0,0.0,0.0
184,6,True,normalized_quarter,16,0.5,0.375,-0.125
184,6,True,normalized_midpoint,32,1.0,1.0,0.0
184,6,True,normalized_three_quarter,48,1.0,1.0,0.0
184,6,True,confidence_low,8,0.0,0.0,0.0
184,6,True,entropy_high,8,0.0,0.0,0.0
184,6,True,mask_ratio,8,0.0,0.0,0.0
184,6,True,oof_state_value,56,1.0,1.0,0.0
184,6,True,oracle_localization,24,1.0,1.0,0.0
185,0,False,random_checkpoint,64,0.0,,
185,0,False,earliest_eligible,8,0.625,0.875,0.25
185,0,False,normalized_quarter,16,0.0,1.0,1.0
185,0,False,normalized_midpoint,32,0.0,0.0,0.0
185,0,False,normalized_three_quarter,48,0.0,0.0,0.0
185,0,False,confidence_low,8,0.625,0.875,0.25
185,0,False,entropy_high,8,0.625,0.875,0.25
185,0,False,mask_ratio,8,0.625,0.875,0.25
185,0,False,oof_state_value,48,0.0,0.0,0.0
185,0,False,oracle_localization,16,0.0,1.0,1.0
185,3,True,random_checkpoint,32,1.0,1.0,0.0
185,3,True,earliest_eligible,8,0.875,1.0,0.125
185,3,True,normalized_quarter,16,1.0,1.0,0.0
185,3,True,normalized_midpoint,32,1.0,1.0,0.0
185,3,True,normalized_three_quarter,48,1.0,1.0,0.0
185,3,True,confidence_low,8,0.875,1.0,0.125
185,3,True,entropy_high,8,0.875,1.0,0.125
185,3,True,mask_ratio,8,0.875,1.0,0.125
185,3,True,oof_state_value,32,1.0,1.0,0.0
185,3,True,oracle_localization,16,1.0,1.0,0.0
186,0,False,random_checkpoint,40,0.0,0.0,0.0
186,0,False,earliest_eligible,8,0.0,0.25,0.25
186,0,False,normalized_quarter,16,0.0,0.0,0.0
186,0,False,normalized_midpoint,32,0.0,0.0,0.0
186,0,False,normalized_three_quarter,48,0.0,0.0,0.0
186,0,False,confidence_low,16,0.0,0.0,0.0
186,0,False,entropy_high,8,0.0,0.25,0.25
186,0,False,mask_ratio,8,0.0,0.25,0.25
186,0,False,oof_state_value,24,0.0,0.0,0.0
186,0,False,oracle_localization,8,0.0,0.25,0.25
186,6,True,random_checkpoint,56,1.0,0.25,-0.75
186,6,True,earliest_eligible,8,0.0,0.375,0.375
186,6,True,normalized_quarter,16,0.375,0.75,0.375
186,6,True,normalized_midpoint,32,0.375,0.125,-0.25
186,6,True,normalized_three_quarter,48,1.0,1.0,0.0
186,6,True,confidence_low,8,0.0,0.375,0.375
186,6,True,entropy_high,8,0.0,0.375,0.375
186,6,True,mask_ratio,8,0.0,0.375,0.375
186,6,True,oof_state_value,56,1.0,0.25,-0.75
186,6,True,oracle_localization,40,1.0,1.0,0.0
187,0,False,random_checkpoint,64,0.0,,
187,0,False,earliest_eligible,8,0.0,0.0,0.0
187,0,False,normalized_quarter,16,0.0,0.0,0.0
187,0,False,normalized_midpoint,32,0.0,0.0,0.0
187,0,False,normalized_three_quarter,48,0.0,0.0,0.0
187,0,False,confidence_low,8,0.0,0.0,0.0
187,0,False,entropy_high,8,0.0,0.0,0.0
187,0,False,mask_ratio,8,0.0,0.0,0.0
187,0,False,oof_state_value,48,0.0,0.0,0.0
187,0,False,oracle_localization,8,0.0,0.0,0.0
188,0,False,random_checkpoint,32,0.0,0.0,0.0
188,0,False,earliest_eligible,8,0.0,0.0,0.0
188,0,False,normalized_quarter,16,0.0,0.0,0.0
188,0,False,normalized_midpoint,32,0.0,0.0,0.0
188,0,False,normalized_three_quarter,48,0.0,0.0,0.0
188,0,False,confidence_low,8,0.0,0.0,0.0
188,0,False,entropy_high,8,0.0,0.0,0.0
188,0,False,mask_ratio,8,0.0,0.0,0.0
188,0,False,oof_state_value,48,0.0,0.0,0.0
188,0,False,oracle_localization,8,0.0,0.0,0.0
189,0,False,random_checkpoint,56,0.0,0.0,0.0
189,0,False,earliest_eligible,8,0.0,0.0,0.0
189,0,False,normalized_quarter,16,0.0,0.0,0.0
189,0,False,normalized_midpoint,32,0.0,0.0,0.0
189,0,False,normalized_three_quarter,48,0.0,0.0,0.0
189,0,False,confidence_low,8,0.0,0.0,0.0
189,0,False,entropy_high,8,0.0,0.0,0.0
189,0,False,mask_ratio,8,0.0,0.0,0.0
189,0,False,oof_state_value,40,0.0,0.0,0.0
189,0,False,oracle_localization,8,0.0,0.0,0.0
190,0,False,random_checkpoint,56,0.0,0.0,0.0
190,0,False,earliest_eligible,8,0.0,0.0,0.0
190,0,False,normalized_quarter,16,0.0,0.0,0.0
190,0,False,normalized_midpoint,32,0.0,0.0,0.0
190,0,False,normalized_three_quarter,48,0.0,0.0,0.0
190,0,False,confidence_low,16,0.0,0.0,0.0
190,0,False,entropy_high,8,0.0,0.0,0.0
190,0,False,mask_ratio,8,0.0,0.0,0.0
190,0,False,oof_state_value,48,0.0,0.0,0.0
190,0,False,oracle_localization,8,0.0,0.0,0.0
191,0,True,random_checkpoint,24,1.0,0.75,-0.25
191,0,True,earliest_eligible,8,0.625,0.75,0.125
191,0,True,normalized_quarter,16,0.75,1.0,0.25
191,0,True,normalized_midpoint,32,1.0,0.5,-0.5
191,0,True,normalized_three_quarter,48,1.0,0.375,-0.625
191,0,True,confidence_low,8,0.625,0.75,0.125
191,0,True,entropy_high,8,0.625,0.75,0.125
191,0,True,mask_ratio,8,0.625,0.75,0.125
191,0,True,oof_state_value,48,1.0,0.375,-0.625
191,0,True,oracle_localization,16,0.75,1.0,0.25
191,1,False,random_checkpoint,8,0.25,0.875,0.625
191,1,False,earliest_eligible,8,0.25,0.875,0.625
191,1,False,normalized_quarter,16,0.0,0.375,0.375
191,1,False,normalized_midpoint,32,0.0,0.5,0.5
191,1,False,normalized_three_quarter,48,0.0,0.0,0.0
191,1,False,confidence_low,8,0.25,0.875,0.625
191,1,False,entropy_high,8,0.25,0.875,0.625
191,1,False,mask_ratio,8,0.25,0.875,0.625
191,1,False,oof_state_value,16,0.0,0.375,0.375
191,1,False,oracle_localization,8,0.25,0.875,0.625
192,0,False,random_checkpoint,24,0.0,0.0,0.0
192,0,False,earliest_eligible,8,0.125,0.375,0.25
192,0,False,normalized_quarter,16,0.0,0.0,0.0
192,0,False,normalized_midpoint,32,0.0,0.0,0.0
192,0,False,normalized_three_quarter,48,0.0,0.0,0.0
192,0,False,confidence_low,8,0.125,0.375,0.25
192,0,False,entropy_high,8,0.125,0.375,0.25
192,0,False,mask_ratio,8,0.125,0.375,0.25
192,0,False,oof_state_value,32,0.0,0.0,0.0
192,0,False,oracle_localization,8,0.125,0.375,0.25
193,0,False,random_checkpoint,40,0.0,0.0,0.0
193,0,False,earliest_eligible,8,0.375,0.75,0.375
193,0,False,normalized_quarter,16,0.25,0.0,-0.25
193,0,False,normalized_midpoint,32,0.0,0.0,0.0
193,0,False,normalized_three_quarter,48,0.0,0.0,0.0
193,0,False,confidence_low,8,0.375,0.75,0.375
193,0,False,entropy_high,8,0.375,0.75,0.375
193,0,False,mask_ratio,8,0.375,0.75,0.375
193,0,False,oof_state_value,40,0.0,0.0,0.0
193,0,False,oracle_localization,8,0.375,0.75,0.375
193,1,True,random_checkpoint,16,1.0,1.0,0.0
193,1,True,earliest_eligible,8,0.625,0.625,0.0
193,1,True,normalized_quarter,16,1.0,1.0,0.0
193,1,True,normalized_midpoint,32,1.0,1.0,0.0
193,1,True,normalized_three_quarter,48,1.0,1.0,0.0
193,1,True,confidence_low,8,0.625,0.625,0.0
193,1,True,entropy_high,8,0.625,0.625,0.0
193,1,True,mask_ratio,8,0.625,0.625,0.0
193,1,True,oof_state_value,40,1.0,1.0,0.0
193,1,True,oracle_localization,16,1.0,1.0,0.0
194,0,False,random_checkpoint,64,0.0,,
194,0,False,earliest_eligible,8,0.0,0.0,0.0
194,0,False,normalized_quarter,16,0.0,0.0,0.0
194,0,False,normalized_midpoint,32,0.0,0.0,0.0
194,0,False,normalized_three_quarter,48,0.0,0.0,0.0
194,0,False,confidence_low,8,0.0,0.0,0.0
194,0,False,entropy_high,8,0.0,0.0,0.0
194,0,False,mask_ratio,8,0.0,0.0,0.0
194,0,False,oof_state_value,40,0.0,0.0,0.0
194,0,False,oracle_localization,8,0.0,0.0,0.0
195,0,False,random_checkpoint,56,0.0,0.0,0.0
195,0,False,earliest_eligible,8,0.0,0.0,0.0
195,0,False,normalized_quarter,16,0.25,0.125,-0.125
195,0,False,normalized_midpoint,32,0.0,0.0,0.0
195,0,False,normalized_three_quarter,48,0.0,0.0,0.0
195,0,False,confidence_low,8,0.0,0.0,0.0
195,0,False,entropy_high,8,0.0,0.0,0.0
195,0,False,mask_ratio,8,0.0,0.0,0.0
195,0,False,oof_state_value,48,0.0,0.0,0.0
195,0,False,oracle_localization,16,0.25,0.125,-0.125
195,5,True,random_checkpoint,16,0.375,0.25,-0.125
195,5,True,earliest_eligible,8,0.125,0.0,-0.125
195,5,True,normalized_quarter,16,0.375,0.25,-0.125
195,5,True,normalized_midpoint,32,1.0,1.0,0.0
195,5,True,normalized_three_quarter,48,1.0,1.0,0.0
195,5,True,confidence_low,8,0.125,0.0,-0.125
195,5,True,entropy_high,8,0.125,0.0,-0.125
195,5,True,mask_ratio,8,0.125,0.0,-0.125
195,5,True,oof_state_value,32,1.0,1.0,0.0
195,5,True,oracle_localization,32,1.0,1.0,0.0
196,0,False,random_checkpoint,64,0.0,,
196,0,False,earliest_eligible,8,0.0,0.0,0.0
196,0,False,normalized_quarter,16,0.0,0.0,0.0
196,0,False,normalized_midpoint,32,0.0,0.0,0.0
196,0,False,normalized_three_quarter,48,0.0,0.0,0.0
196,0,False,confidence_low,8,0.0,0.0,0.0
196,0,False,entropy_high,8,0.0,0.0,0.0
196,0,False,mask_ratio,8,0.0,0.0,0.0
196,0,False,oof_state_value,8,0.0,0.0,0.0
196,0,False,oracle_localization,24,0.375,0.5,0.125
197,0,False,random_checkpoint,32,0.0,0.0,0.0
197,0,False,earliest_eligible,8,0.125,0.0,-0.125
197,0,False,normalized_quarter,16,0.0,0.0,0.0
197,0,False,normalized_midpoint,32,0.0,0.0,0.0
197,0,False,normalized_three_quarter,48,0.0,0.0,0.0
197,0,False,confidence_low,8,0.125,0.0,-0.125
197,0,False,entropy_high,8,0.125,0.0,-0.125
197,0,False,mask_ratio,8,0.125,0.0,-0.125
197,0,False,oof_state_value,32,0.0,0.0,0.0
197,0,False,oracle_localization,8,0.125,0.0,-0.125
198,0,False,random_checkpoint,40,0.0,0.0,0.0
198,0,False,earliest_eligible,8,0.0,0.0,0.0
198,0,False,normalized_quarter,16,0.0,0.0,0.0
198,0,False,normalized_midpoint,32,0.0,0.0,0.0
198,0,False,normalized_three_quarter,48,0.0,0.0,0.0
198,0,False,confidence_low,8,0.0,0.0,0.0
198,0,False,entropy_high,8,0.0,0.0,0.0
198,0,False,mask_ratio,8,0.0,0.0,0.0
198,0,False,oof_state_value,56,0.0,0.0,0.0
198,0,False,oracle_localization,8,0.0,0.0,0.0
199,0,False,random_checkpoint,56,0.0,0.0,0.0
199,0,False,earliest_eligible,8,0.0,0.125,0.125
199,0,False,normalized_quarter,16,0.0,0.0,0.0
199,0,False,normalized_midpoint,32,0.0,0.0,0.0
199,0,False,normalized_three_quarter,48,0.0,0.0,0.0
199,0,False,confidence_low,8,0.0,0.125,0.125
199,0,False,entropy_high,8,0.0,0.125,0.125
199,0,False,mask_ratio,8,0.0,0.125,0.125
199,0,False,oof_state_value,24,0.0,0.0,0.0
199,0,False,oracle_localization,8,0.0,0.125,0.125
200,0,False,random_checkpoint,16,0.0,0.0,0.0
200,0,False,earliest_eligible,8,0.0,0.0,0.0
200,0,False,normalized_quarter,16,0.0,0.0,0.0
200,0,False,normalized_midpoint,32,0.0,0.0,0.0
200,0,False,normalized_three_quarter,48,0.0,0.0,0.0
200,0,False,confidence_low,8,0.0,0.0,0.0
200,0,False,entropy_high,8,0.0,0.0,0.0
200,0,False,mask_ratio,8,0.0,0.0,0.0
200,0,False,oof_state_value,32,0.0,0.0,0.0
200,0,False,oracle_localization,8,0.0,0.0,0.0
201,0,False,random_checkpoint,48,0.0,0.0,0.0
201,0,False,earliest_eligible,8,0.0,0.0,0.0
201,0,False,normalized_quarter,16,0.0,0.0,0.0
201,0,False,normalized_midpoint,32,0.0,0.0,0.0
201,0,False,normalized_three_quarter,48,0.0,0.0,0.0
201,0,False,confidence_low,8,0.0,0.0,0.0
201,0,False,entropy_high,8,0.0,0.0,0.0
201,0,False,mask_ratio,8,0.0,0.0,0.0
201,0,False,oof_state_value,48,0.0,0.0,0.0
201,0,False,oracle_localization,8,0.0,0.0,0.0
202,0,False,random_checkpoint,40,0.0,0.0,0.0
202,0,False,earliest_eligible,8,0.0,0.0,0.0
202,0,False,normalized_quarter,16,0.0,0.0,0.0
202,0,False,normalized_midpoint,32,0.0,0.0,0.0
202,0,False,normalized_three_quarter,48,0.0,0.0,0.0
202,0,False,confidence_low,8,0.0,0.0,0.0
202,0,False,entropy_high,8,0.0,0.0,0.0
202,0,False,mask_ratio,8,0.0,0.0,0.0
202,0,False,oof_state_value,24,0.0,0.0,0.0
202,0,False,oracle_localization,8,0.0,0.0,0.0
202,1,True,random_checkpoint,32,1.0,1.0,0.0
202,1,True,earliest_eligible,8,0.25,0.125,-0.125
202,1,True,normalized_quarter,16,0.5,0.25,-0.25
202,1,True,normalized_midpoint,32,1.0,1.0,0.0
202,1,True,normalized_three_quarter,48,1.0,1.0,0.0
202,1,True,confidence_low,8,0.25,0.125,-0.125
202,1,True,entropy_high,8,0.25,0.125,-0.125
202,1,True,mask_ratio,8,0.25,0.125,-0.125
202,1,True,oof_state_value,32,1.0,1.0,0.0
202,1,True,oracle_localization,24,0.875,0.625,-0.25
203,0,False,random_checkpoint,8,0.0,0.0,0.0
203,0,False,earliest_eligible,8,0.0,0.0,0.0
203,0,False,normalized_quarter,16,0.125,0.0,-0.125
203,0,False,normalized_midpoint,32,0.0,0.0,0.0
203,0,False,normalized_three_quarter,48,0.0,0.0,0.0
203,0,False,confidence_low,8,0.0,0.0,0.0
203,0,False,entropy_high,8,0.0,0.0,0.0
203,0,False,mask_ratio,8,0.0,0.0,0.0
203,0,False,oof_state_value,48,0.0,0.0,0.0
203,0,False,oracle_localization,16,0.125,0.0,-0.125
204,0,False,random_checkpoint,32,0.0,0.0,0.0
204,0,False,earliest_eligible,8,0.0,0.0,0.0
204,0,False,normalized_quarter,16,0.0,0.0,0.0
204,0,False,normalized_midpoint,32,0.0,0.0,0.0
204,0,False,normalized_three_quarter,48,0.0,0.0,0.0
204,0,False,confidence_low,8,0.0,0.0,0.0
204,0,False,entropy_high,8,0.0,0.0,0.0
204,0,False,mask_ratio,8,0.0,0.0,0.0
204,0,False,oof_state_value,40,0.0,0.0,0.0
204,0,False,oracle_localization,8,0.0,0.0,0.0
204,7,True,random_checkpoint,48,1.0,1.0,0.0
204,7,True,earliest_eligible,8,0.5,0.875,0.375
204,7,True,normalized_quarter,16,0.875,1.0,0.125
204,7,True,normalized_midpoint,32,1.0,1.0,0.0
204,7,True,normalized_three_quarter,48,1.0,1.0,0.0
204,7,True,confidence_low,8,0.5,0.875,0.375
204,7,True,entropy_high,8,0.5,0.875,0.375
204,7,True,mask_ratio,8,0.5,0.875,0.375
204,7,True,oof_state_value,48,1.0,1.0,0.0
204,7,True,oracle_localization,16,0.875,1.0,0.125
205,0,False,random_checkpoint,64,0.0,,
205,0,False,earliest_eligible,8,0.0,0.0,0.0
205,0,False,normalized_quarter,16,0.0,0.0,0.0
205,0,False,normalized_midpoint,32,0.0,0.0,0.0
205,0,False,normalized_three_quarter,48,0.0,0.0,0.0
205,0,False,confidence_low,8,0.0,0.0,0.0
205,0,False,entropy_high,8,0.0,0.0,0.0
205,0,False,mask_ratio,8,0.0,0.0,0.0
205,0,False,oof_state_value,56,0.0,0.0,0.0
205,0,False,oracle_localization,8,0.0,0.0,0.0
206,0,False,random_checkpoint,32,0.0,0.0,0.0
206,0,False,earliest_eligible,8,0.0,0.0,0.0
206,0,False,normalized_quarter,16,0.0,0.0,0.0
206,0,False,normalized_midpoint,32,0.0,0.0,0.0
206,0,False,normalized_three_quarter,48,0.0,0.0,0.0
206,0,False,confidence_low,8,0.0,0.0,0.0
206,0,False,entropy_high,8,0.0,0.0,0.0
206,0,False,mask_ratio,8,0.0,0.0,0.0
206,0,False,oof_state_value,32,0.0,0.0,0.0
206,0,False,oracle_localization,8,0.0,0.0,0.0
207,0,True,random_checkpoint,32,1.0,1.0,0.0
207,0,True,earliest_eligible,8,1.0,1.0,0.0
207,0,True,normalized_quarter,16,1.0,1.0,0.0
207,0,True,normalized_midpoint,32,1.0,1.0,0.0
207,0,True,normalized_three_quarter,48,1.0,1.0,0.0
207,0,True,confidence_low,8,1.0,1.0,0.0
207,0,True,entropy_high,8,1.0,1.0,0.0
207,0,True,mask_ratio,8,1.0,1.0,0.0
207,0,True,oof_state_value,16,1.0,1.0,0.0
207,0,True,oracle_localization,8,1.0,1.0,0.0
207,1,False,random_checkpoint,40,0.0,0.0,0.0
207,1,False,earliest_eligible,8,0.0,0.0,0.0
207,1,False,normalized_quarter,16,0.0,0.0,0.0
207,1,False,normalized_midpoint,32,0.0,0.0,0.0
207,1,False,normalized_three_quarter,48,0.0,0.0,0.0
207,1,False,confidence_low,8,0.0,0.0,0.0
207,1,False,entropy_high,8,0.0,0.0,0.0
207,1,False,mask_ratio,8,0.0,0.0,0.0
207,1,False,oof_state_value,32,0.0,0.0,0.0
207,1,False,oracle_localization,8,0.0,0.0,0.0
208,0,False,random_checkpoint,24,0.25,0.625,0.375
208,0,False,earliest_eligible,8,0.5,0.375,-0.125
208,0,False,normalized_quarter,16,1.0,0.75,-0.25
208,0,False,normalized_midpoint,32,0.125,0.75,0.625
208,0,False,normalized_three_quarter,48,0.0,0.0,0.0
208,0,False,confidence_low,8,0.5,0.375,-0.125
208,0,False,entropy_high,8,0.5,0.375,-0.125
208,0,False,mask_ratio,8,0.5,0.375,-0.125
208,0,False,oof_state_value,48,0.0,0.0,0.0
208,0,False,oracle_localization,16,1.0,0.75,-0.25
208,1,True,random_checkpoint,48,1.0,1.0,0.0
208,1,True,earliest_eligible,8,0.75,0.75,0.0
208,1,True,normalized_quarter,16,1.0,1.0,0.0
208,1,True,normalized_midpoint,32,1.0,1.0,0.0
208,1,True,normalized_three_quarter,48,1.0,1.0,0.0
208,1,True,confidence_low,16,1.0,1.0,0.0
208,1,True,entropy_high,8,0.75,0.75,0.0
208,1,True,mask_ratio,8,0.75,0.75,0.0
208,1,True,oof_state_value,48,1.0,1.0,0.0
208,1,True,oracle_localization,16,1.0,1.0,0.0
209,0,False,random_checkpoint,16,0.0,0.0,0.0
209,0,False,earliest_eligible,8,0.0,0.0,0.0
209,0,False,normalized_quarter,16,0.0,0.0,0.0
209,0,False,normalized_midpoint,32,0.0,0.0,0.0
209,0,False,normalized_three_quarter,48,0.0,0.0,0.0
209,0,False,confidence_low,8,0.0,0.0,0.0
209,0,False,entropy_high,8,0.0,0.0,0.0
209,0,False,mask_ratio,8,0.0,0.0,0.0
209,0,False,oof_state_value,56,0.0,0.0,0.0
209,0,False,oracle_localization,8,0.0,0.0,0.0
209,6,True,random_checkpoint,56,1.0,1.0,0.0
209,6,True,earliest_eligible,8,0.25,0.0,-0.25
209,6,True,normalized_quarter,16,0.75,0.125,-0.625
209,6,True,normalized_midpoint,32,1.0,1.0,0.0
209,6,True,normalized_three_quarter,48,1.0,1.0,0.0
209,6,True,confidence_low,8,0.25,0.0,-0.25
209,6,True,entropy_high,8,0.25,0.0,-0.25
209,6,True,mask_ratio,8,0.25,0.0,-0.25
209,6,True,oof_state_value,56,1.0,1.0,0.0
209,6,True,oracle_localization,32,1.0,1.0,0.0
210,0,False,random_checkpoint,48,0.0,0.0,0.0
210,0,False,earliest_eligible,8,0.0,0.375,0.375
210,0,False,normalized_quarter,16,0.25,0.375,0.125
210,0,False,normalized_midpoint,32,0.0,0.0,0.0
210,0,False,normalized_three_quarter,48,0.0,0.0,0.0
210,0,False,confidence_low,8,0.0,0.375,0.375
210,0,False,entropy_high,8,0.0,0.375,0.375
210,0,False,mask_ratio,8,0.0,0.375,0.375
210,0,False,oof_state_value,32,0.0,0.0,0.0
210,0,False,oracle_localization,16,0.25,0.375,0.125
211,0,False,random_checkpoint,32,0.0,0.0,0.0
211,0,False,earliest_eligible,8,0.0,0.0,0.0
211,0,False,normalized_quarter,16,0.125,0.0,-0.125
211,0,False,normalized_midpoint,32,0.0,0.0,0.0
211,0,False,normalized_three_quarter,48,0.0,0.0,0.0
211,0,False,confidence_low,8,0.0,0.0,0.0
211,0,False,entropy_high,8,0.0,0.0,0.0
211,0,False,mask_ratio,8,0.0,0.0,0.0
211,0,False,oof_state_value,32,0.0,0.0,0.0
211,0,False,oracle_localization,8,0.0,0.0,0.0
211,3,True,random_checkpoint,56,1.0,1.0,0.0
211,3,True,earliest_eligible,8,0.125,0.0,-0.125
211,3,True,normalized_quarter,16,0.0,0.0,0.0
211,3,True,normalized_midpoint,32,0.375,0.5,0.125
211,3,True,normalized_three_quarter,48,1.0,1.0,0.0
211,3,True,confidence_low,8,0.125,0.0,-0.125
211,3,True,entropy_high,8,0.125,0.0,-0.125
211,3,True,mask_ratio,8,0.125,0.0,-0.125
211,3,True,oof_state_value,24,0.0,0.0,0.0
211,3,True,oracle_localization,48,1.0,1.0,0.0
212,0,False,random_checkpoint,32,0.0,0.0,0.0
212,0,False,earliest_eligible,8,0.0,0.0,0.0
212,0,False,normalized_quarter,16,0.0,0.0,0.0
212,0,False,normalized_midpoint,32,0.0,0.0,0.0
212,0,False,normalized_three_quarter,48,0.0,0.0,0.0
212,0,False,confidence_low,8,0.0,0.0,0.0
212,0,False,entropy_high,8,0.0,0.0,0.0
212,0,False,mask_ratio,8,0.0,0.0,0.0
212,0,False,oof_state_value,48,0.0,0.0,0.0
212,0,False,oracle_localization,8,0.0,0.0,0.0
212,1,True,random_checkpoint,24,0.25,0.25,0.0
212,1,True,earliest_eligible,8,0.25,0.0,-0.25
212,1,True,normalized_quarter,16,0.125,0.125,0.0
212,1,True,normalized_midpoint,32,0.25,0.125,-0.125
212,1,True,normalized_three_quarter,48,1.0,1.0,0.0
212,1,True,confidence_low,8,0.25,0.0,-0.25
212,1,True,entropy_high,8,0.25,0.0,-0.25
212,1,True,mask_ratio,8,0.25,0.0,-0.25
212,1,True,oof_state_value,40,1.0,0.25,-0.75
212,1,True,oracle_localization,48,1.0,1.0,0.0
213,0,True,random_checkpoint,64,1.0,,
213,0,True,earliest_eligible,8,1.0,0.875,-0.125
213,0,True,normalized_quarter,16,1.0,1.0,0.0
213,0,True,normalized_midpoint,32,1.0,1.0,0.0
213,0,True,normalized_three_quarter,48,1.0,1.0,0.0
213,0,True,confidence_low,8,1.0,0.875,-0.125
213,0,True,entropy_high,8,1.0,0.875,-0.125
213,0,True,mask_ratio,8,1.0,0.875,-0.125
213,0,True,oof_state_value,24,0.875,1.0,0.125
213,0,True,oracle_localization,16,1.0,1.0,0.0
213,1,False,random_checkpoint,64,0.0,,
213,1,False,earliest_eligible,8,0.125,0.375,0.25
213,1,False,normalized_quarter,16,0.0,0.0,0.0
213,1,False,normalized_midpoint,32,0.0,0.0,0.0
213,1,False,normalized_three_quarter,48,0.0,0.0,0.0
213,1,False,confidence_low,8,0.125,0.375,0.25
213,1,False,entropy_high,8,0.125,0.375,0.25
213,1,False,mask_ratio,8,0.125,0.375,0.25
213,1,False,oof_state_value,32,0.0,0.0,0.0
213,1,False,oracle_localization,8,0.125,0.375,0.25
214,0,False,random_checkpoint,24,0.0,0.0,0.0
214,0,False,earliest_eligible,8,0.0,0.0,0.0
214,0,False,normalized_quarter,16,0.0,0.0,0.0
214,0,False,normalized_midpoint,32,0.0,0.0,0.0
214,0,False,normalized_three_quarter,48,0.0,0.0,0.0
214,0,False,confidence_low,8,0.0,0.0,0.0
214,0,False,entropy_high,8,0.0,0.0,0.0
214,0,False,mask_ratio,8,0.0,0.0,0.0
214,0,False,oof_state_value,32,0.0,0.0,0.0
214,0,False,oracle_localization,8,0.0,0.0,0.0
215,0,False,random_checkpoint,24,0.0,0.0,0.0
215,0,False,earliest_eligible,8,0.25,0.125,-0.125
215,0,False,normalized_quarter,16,0.125,0.25,0.125
215,0,False,normalized_midpoint,32,0.0,0.0,0.0
215,0,False,normalized_three_quarter,48,0.0,0.0,0.0
215,0,False,confidence_low,8,0.25,0.125,-0.125
215,0,False,entropy_high,8,0.25,0.125,-0.125
215,0,False,mask_ratio,8,0.25,0.125,-0.125
215,0,False,oof_state_value,16,0.125,0.25,0.125
215,0,False,oracle_localization,16,0.125,0.25,0.125
216,0,False,random_checkpoint,24,0.0,0.0,0.0
216,0,False,earliest_eligible,8,0.0,0.0,0.0
216,0,False,normalized_quarter,16,0.0,0.0,0.0
216,0,False,normalized_midpoint,32,0.0,0.0,0.0
216,0,False,normalized_three_quarter,48,0.0,0.0,0.0
216,0,False,confidence_low,8,0.0,0.0,0.0
216,0,False,entropy_high,8,0.0,0.0,0.0
216,0,False,mask_ratio,8,0.0,0.0,0.0
216,0,False,oof_state_value,56,0.0,0.0,0.0
216,0,False,oracle_localization,8,0.0,0.0,0.0
216,2,True,random_checkpoint,8,0.625,0.125,-0.5
216,2,True,earliest_eligible,8,0.625,0.125,-0.5
216,2,True,normalized_quarter,16,0.875,1.0,0.125
216,2,True,normalized_midpoint,32,0.5,1.0,0.5
216,2,True,normalized_three_quarter,48,1.0,0.875,-0.125
216,2,True,confidence_low,8,0.625,0.125,-0.5
216,2,True,entropy_high,8,0.625,0.125,-0.5
216,2,True,mask_ratio,8,0.625,0.125,-0.5
216,2,True,oof_state_value,56,1.0,1.0,0.0
216,2,True,oracle_localization,24,0.75,0.75,0.0
217,0,False,random_checkpoint,40,0.0,0.0,0.0
217,0,False,earliest_eligible,8,0.0,0.0,0.0
217,0,False,normalized_quarter,16,0.0,0.0,0.0
217,0,False,normalized_midpoint,32,0.0,0.0,0.0
217,0,False,normalized_three_quarter,48,0.0,0.0,0.0
217,0,False,confidence_low,8,0.0,0.0,0.0
217,0,False,entropy_high,8,0.0,0.0,0.0
217,0,False,mask_ratio,8,0.0,0.0,0.0
217,0,False,oof_state_value,32,0.0,0.0,0.0
217,0,False,oracle_localization,8,0.0,0.0,0.0
218,0,False,random_checkpoint,48,0.0,0.0,0.0
218,0,False,earliest_eligible,8,0.0,0.375,0.375
218,0,False,normalized_quarter,16,0.0,0.0,0.0
218,0,False,normalized_midpoint,32,0.0,0.0,0.0
218,0,False,normalized_three_quarter,48,0.0,0.0,0.0
218,0,False,confidence_low,8,0.0,0.375,0.375
218,0,False,entropy_high,8,0.0,0.375,0.375
218,0,False,mask_ratio,8,0.0,0.375,0.375
218,0,False,oof_state_value,24,0.0,0.0,0.0
218,0,False,oracle_localization,8,0.0,0.375,0.375
218,5,True,random_checkpoint,64,1.0,,
218,5,True,earliest_eligible,8,0.375,0.625,0.25
218,5,True,normalized_quarter,16,0.25,0.625,0.375
218,5,True,normalized_midpoint,32,1.0,1.0,0.0
218,5,True,normalized_three_quarter,48,1.0,1.0,0.0
218,5,True,confidence_low,8,0.375,0.625,0.25
218,5,True,entropy_high,8,0.375,0.625,0.25
218,5,True,mask_ratio,8,0.375,0.625,0.25
218,5,True,oof_state_value,24,0.875,1.0,0.125
218,5,True,oracle_localization,24,0.875,1.0,0.125
219,0,False,random_checkpoint,32,0.0,0.0,0.0
219,0,False,earliest_eligible,8,0.0,0.0,0.0
219,0,False,normalized_quarter,16,0.0,0.0,0.0
219,0,False,normalized_midpoint,32,0.0,0.0,0.0
219,0,False,normalized_three_quarter,48,0.0,0.0,0.0
219,0,False,confidence_low,8,0.0,0.0,0.0
219,0,False,entropy_high,8,0.0,0.0,0.0
219,0,False,mask_ratio,8,0.0,0.0,0.0
219,0,False,oof_state_value,56,0.0,0.0,0.0
219,0,False,oracle_localization,8,0.0,0.0,0.0
220,0,False,random_checkpoint,56,0.0,0.0,0.0
220,0,False,earliest_eligible,8,0.0,0.0,0.0
220,0,False,normalized_quarter,16,0.0,0.0,0.0
220,0,False,normalized_midpoint,32,0.0,0.0,0.0
220,0,False,normalized_three_quarter,48,0.0,0.0,0.0
220,0,False,confidence_low,8,0.0,0.0,0.0
220,0,False,entropy_high,8,0.0,0.0,0.0
220,0,False,mask_ratio,8,0.0,0.0,0.0
220,0,False,oof_state_value,32,0.0,0.0,0.0
220,0,False,oracle_localization,8,0.0,0.0,0.0
221,0,False,random_checkpoint,56,0.0,0.0,0.0
221,0,False,earliest_eligible,8,0.0,0.0,0.0
221,0,False,normalized_quarter,16,0.0,0.0,0.0
221,0,False,normalized_midpoint,32,0.0,0.0,0.0
221,0,False,normalized_three_quarter,48,0.0,0.0,0.0
221,0,False,confidence_low,8,0.0,0.0,0.0
221,0,False,entropy_high,8,0.0,0.0,0.0
221,0,False,mask_ratio,8,0.0,0.0,0.0
221,0,False,oof_state_value,56,0.0,0.0,0.0
221,0,False,oracle_localization,8,0.0,0.0,0.0
222,0,False,random_checkpoint,32,0.0,0.0,0.0
222,0,False,earliest_eligible,8,0.0,0.0,0.0
222,0,False,normalized_quarter,16,0.0,0.0,0.0
222,0,False,normalized_midpoint,32,0.0,0.0,0.0
222,0,False,normalized_three_quarter,48,0.0,0.0,0.0
222,0,False,confidence_low,8,0.0,0.0,0.0
222,0,False,entropy_high,8,0.0,0.0,0.0
222,0,False,mask_ratio,8,0.0,0.0,0.0
222,0,False,oof_state_value,40,0.0,0.0,0.0
222,0,False,oracle_localization,8,0.0,0.0,0.0
223,0,False,random_checkpoint,56,0.0,0.0,0.0
223,0,False,earliest_eligible,8,0.0,0.0,0.0
223,0,False,normalized_quarter,16,0.0,0.0,0.0
223,0,False,normalized_midpoint,32,0.0,0.0,0.0
223,0,False,normalized_three_quarter,48,0.0,0.0,0.0
223,0,False,confidence_low,8,0.0,0.0,0.0
223,0,False,entropy_high,8,0.0,0.0,0.0
223,0,False,mask_ratio,8,0.0,0.0,0.0
223,0,False,oof_state_value,24,0.0,0.125,0.125
223,0,False,oracle_localization,8,0.0,0.0,0.0
224,0,False,random_checkpoint,48,0.0,0.0,0.0
224,0,False,earliest_eligible,8,0.0,0.0,0.0
224,0,False,normalized_quarter,16,0.0,0.0,0.0
224,0,False,normalized_midpoint,32,0.0,0.0,0.0
224,0,False,normalized_three_quarter,48,0.0,0.0,0.0
224,0,False,confidence_low,8,0.0,0.0,0.0
224,0,False,entropy_high,8,0.0,0.0,0.0
224,0,False,mask_ratio,8,0.0,0.0,0.0
224,0,False,oof_state_value,40,0.0,0.0,0.0
224,0,False,oracle_localization,8,0.0,0.0,0.0
225,0,False,random_checkpoint,64,0.0,,
225,0,False,earliest_eligible,8,0.0,0.0,0.0
225,0,False,normalized_quarter,16,0.0,0.0,0.0
225,0,False,normalized_midpoint,32,0.0,0.0,0.0
225,0,False,normalized_three_quarter,48,0.0,0.0,0.0
225,0,False,confidence_low,8,0.0,0.0,0.0
225,0,False,entropy_high,8,0.0,0.0,0.0
225,0,False,mask_ratio,8,0.0,0.0,0.0
225,0,False,oof_state_value,48,0.0,0.0,0.0
225,0,False,oracle_localization,8,0.0,0.0,0.0
226,0,False,random_checkpoint,56,0.0,0.0,0.0
226,0,False,earliest_eligible,8,0.0,0.0,0.0
226,0,False,normalized_quarter,16,0.0,0.0,0.0
226,0,False,normalized_midpoint,32,0.0,0.0,0.0
226,0,False,normalized_three_quarter,48,0.0,0.0,0.0
226,0,False,confidence_low,8,0.0,0.0,0.0
226,0,False,entropy_high,8,0.0,0.0,0.0
226,0,False,mask_ratio,8,0.0,0.0,0.0
226,0,False,oof_state_value,16,0.0,0.0,0.0
226,0,False,oracle_localization,8,0.0,0.0,0.0
227,0,True,random_checkpoint,56,0.5,0.875,0.375
227,0,True,earliest_eligible,8,0.75,0.5,-0.25
227,0,True,normalized_quarter,16,0.875,0.75,-0.125
227,0,True,normalized_midpoint,32,1.0,0.625,-0.375
227,0,True,normalized_three_quarter,48,0.375,0.75,0.375
227,0,True,confidence_low,8,0.75,0.5,-0.25
227,0,True,entropy_high,8,0.75,0.5,-0.25
227,0,True,mask_ratio,8,0.75,0.5,-0.25
227,0,True,oof_state_value,56,0.5,0.875,0.375
227,0,True,oracle_localization,16,0.875,0.75,-0.125
227,1,False,random_checkpoint,24,0.0,0.0,0.0
227,1,False,earliest_eligible,8,0.625,0.5,-0.125
227,1,False,normalized_quarter,16,0.625,0.625,0.0
227,1,False,normalized_midpoint,32,0.0,0.0,0.0
227,1,False,normalized_three_quarter,48,0.0,0.0,0.0
227,1,False,confidence_low,16,0.625,0.625,0.0
227,1,False,entropy_high,16,0.625,0.625,0.0
227,1,False,mask_ratio,8,0.625,0.5,-0.125
227,1,False,oof_state_value,40,0.0,0.0,0.0
227,1,False,oracle_localization,8,0.625,0.5,-0.125
228,0,False,random_checkpoint,40,0.0,0.0,0.0
228,0,False,earliest_eligible,8,0.125,0.0,-0.125
228,0,False,normalized_quarter,16,0.0,0.0,0.0
228,0,False,normalized_midpoint,32,0.0,0.0,0.0
228,0,False,normalized_three_quarter,48,0.0,0.0,0.0
228,0,False,confidence_low,16,0.0,0.0,0.0
228,0,False,entropy_high,8,0.125,0.0,-0.125
228,0,False,mask_ratio,8,0.125,0.0,-0.125
228,0,False,oof_state_value,48,0.0,0.0,0.0
228,0,False,oracle_localization,8,0.125,0.0,-0.125
229,0,True,random_checkpoint,8,0.625,0.75,0.125
229,0,True,earliest_eligible,8,0.625,0.75,0.125
229,0,True,normalized_quarter,16,1.0,0.875,-0.125
229,0,True,normalized_midpoint,32,1.0,1.0,0.0
229,0,True,normalized_three_quarter,48,1.0,1.0,0.0
229,0,True,confidence_low,8,0.625,0.75,0.125
229,0,True,entropy_high,8,0.625,0.75,0.125
229,0,True,mask_ratio,8,0.625,0.75,0.125
229,0,True,oof_state_value,40,1.0,1.0,0.0
229,0,True,oracle_localization,24,1.0,1.0,0.0
229,5,False,random_checkpoint,24,0.0,0.0,0.0
229,5,False,earliest_eligible,8,0.875,0.875,0.0
229,5,False,normalized_quarter,16,0.125,0.375,0.25
229,5,False,normalized_midpoint,32,0.0,0.0,0.0
229,5,False,normalized_three_quarter,48,0.0,0.0,0.0
229,5,False,confidence_low,8,0.875,0.875,0.0
229,5,False,entropy_high,8,0.875,0.875,0.0
229,5,False,mask_ratio,8,0.875,0.875,0.0
229,5,False,oof_state_value,24,0.0,0.0,0.0
229,5,False,oracle_localization,8,0.875,0.875,0.0
230,0,False,random_checkpoint,64,0.0,,
230,0,False,earliest_eligible,8,0.0,0.0,0.0
230,0,False,normalized_quarter,16,0.0,0.0,0.0
230,0,False,normalized_midpoint,32,0.0,0.0,0.0
230,0,False,normalized_three_quarter,48,0.0,0.0,0.0
230,0,False,confidence_low,8,0.0,0.0,0.0
230,0,False,entropy_high,8,0.0,0.0,0.0
230,0,False,mask_ratio,8,0.0,0.0,0.0
230,0,False,oof_state_value,32,0.0,0.0,0.0
230,0,False,oracle_localization,8,0.0,0.0,0.0
231,0,False,random_checkpoint,56,0.0,0.0,0.0
231,0,False,earliest_eligible,8,0.0,0.0,0.0
231,0,False,normalized_quarter,16,0.0,0.0,0.0
231,0,False,normalized_midpoint,32,0.0,0.0,0.0
231,0,False,normalized_three_quarter,48,0.0,0.0,0.0
231,0,False,confidence_low,8,0.0,0.0,0.0
231,0,False,entropy_high,8,0.0,0.0,0.0
231,0,False,mask_ratio,8,0.0,0.0,0.0
231,0,False,oof_state_value,40,0.0,0.0,0.0
231,0,False,oracle_localization,8,0.0,0.0,0.0
232,0,False,random_checkpoint,24,0.0,0.0,0.0
232,0,False,earliest_eligible,8,0.0,0.0,0.0
232,0,False,normalized_quarter,16,0.0,0.0,0.0
232,0,False,normalized_midpoint,32,0.0,0.0,0.0
232,0,False,normalized_three_quarter,48,0.0,0.0,0.0
232,0,False,confidence_low,8,0.0,0.0,0.0
232,0,False,entropy_high,8,0.0,0.0,0.0
232,0,False,mask_ratio,8,0.0,0.0,0.0
232,0,False,oof_state_value,56,0.0,0.0,0.0
232,0,False,oracle_localization,8,0.0,0.0,0.0
233,0,False,random_checkpoint,32,0.0,0.0,0.0
233,0,False,earliest_eligible,8,0.0,0.0,0.0
233,0,False,normalized_quarter,16,0.0,0.0,0.0
233,0,False,normalized_midpoint,32,0.0,0.0,0.0
233,0,False,normalized_three_quarter,48,0.0,0.0,0.0
233,0,False,confidence_low,8,0.0,0.0,0.0
233,0,False,entropy_high,8,0.0,0.0,0.0
233,0,False,mask_ratio,8,0.0,0.0,0.0
233,0,False,oof_state_value,48,0.0,0.0,0.0
233,0,False,oracle_localization,8,0.0,0.0,0.0
234,0,False,random_checkpoint,16,0.0,0.0,0.0
234,0,False,earliest_eligible,8,0.0,0.0,0.0
234,0,False,normalized_quarter,16,0.0,0.0,0.0
234,0,False,normalized_midpoint,32,0.0,0.0,0.0
234,0,False,normalized_three_quarter,48,0.0,0.0,0.0
234,0,False,confidence_low,8,0.0,0.0,0.0
234,0,False,entropy_high,8,0.0,0.0,0.0
234,0,False,mask_ratio,8,0.0,0.0,0.0
234,0,False,oof_state_value,40,0.0,0.0,0.0
234,0,False,oracle_localization,8,0.0,0.0,0.0
235,0,False,random_checkpoint,40,0.0,0.0,0.0
235,0,False,earliest_eligible,8,0.0,0.0,0.0
235,0,False,normalized_quarter,16,0.0,0.0,0.0
235,0,False,normalized_midpoint,32,0.0,0.0,0.0
235,0,False,normalized_three_quarter,48,0.0,0.0,0.0
235,0,False,confidence_low,8,0.0,0.0,0.0
235,0,False,entropy_high,8,0.0,0.0,0.0
235,0,False,mask_ratio,8,0.0,0.0,0.0
235,0,False,oof_state_value,32,0.0,0.0,0.0
235,0,False,oracle_localization,8,0.0,0.0,0.0
236,0,False,random_checkpoint,8,0.0,0.0,0.0
236,0,False,earliest_eligible,8,0.0,0.0,0.0
236,0,False,normalized_quarter,16,0.0,0.0,0.0
236,0,False,normalized_midpoint,32,0.0,0.0,0.0
236,0,False,normalized_three_quarter,48,0.0,0.0,0.0
236,0,False,confidence_low,8,0.0,0.0,0.0
236,0,False,entropy_high,8,0.0,0.0,0.0
236,0,False,mask_ratio,8,0.0,0.0,0.0
236,0,False,oof_state_value,32,0.0,0.0,0.0
236,0,False,oracle_localization,8,0.0,0.0,0.0
237,0,False,random_checkpoint,8,0.0,0.0,0.0
237,0,False,earliest_eligible,8,0.0,0.0,0.0
237,0,False,normalized_quarter,16,0.0,0.0,0.0
237,0,False,normalized_midpoint,32,0.0,0.0,0.0
237,0,False,normalized_three_quarter,48,0.0,0.0,0.0
237,0,False,confidence_low,8,0.0,0.0,0.0
237,0,False,entropy_high,8,0.0,0.0,0.0
237,0,False,mask_ratio,8,0.0,0.0,0.0
237,0,False,oof_state_value,48,0.0,0.0,0.0
237,0,False,oracle_localization,8,0.0,0.0,0.0
238,0,False,random_checkpoint,32,0.0,0.0,0.0
238,0,False,earliest_eligible,8,0.0,0.375,0.375
238,0,False,normalized_quarter,16,0.0,0.0,0.0
238,0,False,normalized_midpoint,32,0.0,0.0,0.0
238,0,False,normalized_three_quarter,48,0.0,0.0,0.0
238,0,False,confidence_low,8,0.0,0.375,0.375
238,0,False,entropy_high,8,0.0,0.375,0.375
238,0,False,mask_ratio,8,0.0,0.375,0.375
238,0,False,oof_state_value,56,0.0,0.0,0.0
238,0,False,oracle_localization,8,0.0,0.375,0.375
238,3,True,random_checkpoint,16,0.375,0.5,0.125
238,3,True,earliest_eligible,8,0.375,0.625,0.25
238,3,True,normalized_quarter,16,0.375,0.5,0.125
238,3,True,normalized_midpoint,32,1.0,1.0,0.0
238,3,True,normalized_three_quarter,48,1.0,1.0,0.0
238,3,True,confidence_low,8,0.375,0.625,0.25
238,3,True,entropy_high,8,0.375,0.625,0.25
238,3,True,mask_ratio,8,0.375,0.625,0.25
238,3,True,oof_state_value,48,1.0,1.0,0.0
238,3,True,oracle_localization,24,1.0,1.0,0.0
239,0,False,random_checkpoint,32,0.0,0.0,0.0
239,0,False,earliest_eligible,8,0.0,0.0,0.0
239,0,False,normalized_quarter,16,0.0,0.0,0.0
239,0,False,normalized_midpoint,32,0.0,0.0,0.0
239,0,False,normalized_three_quarter,48,0.0,0.0,0.0
239,0,False,confidence_low,8,0.0,0.0,0.0
239,0,False,entropy_high,8,0.0,0.0,0.0
239,0,False,mask_ratio,8,0.0,0.0,0.0
239,0,False,oof_state_value,32,0.0,0.0,0.0
239,0,False,oracle_localization,8,0.0,0.0,0.0
240,0,False,random_checkpoint,32,0.0,0.0,0.0
240,0,False,earliest_eligible,8,0.0,0.0,0.0
240,0,False,normalized_quarter,16,0.0,0.0,0.0
240,0,False,normalized_midpoint,32,0.0,0.0,0.0
240,0,False,normalized_three_quarter,48,0.0,0.0,0.0
240,0,False,confidence_low,8,0.0,0.0,0.0
240,0,False,entropy_high,8,0.0,0.0,0.0
240,0,False,mask_ratio,8,0.0,0.0,0.0
240,0,False,oof_state_value,24,0.0,0.0,0.0
240,0,False,oracle_localization,8,0.0,0.0,0.0
241,0,False,random_checkpoint,32,0.0,0.0,0.0
241,0,False,earliest_eligible,8,0.0,0.0,0.0
241,0,False,normalized_quarter,16,0.0,0.0,0.0
241,0,False,normalized_midpoint,32,0.0,0.0,0.0
241,0,False,normalized_three_quarter,48,0.0,0.0,0.0
241,0,False,confidence_low,16,0.0,0.0,0.0
241,0,False,entropy_high,8,0.0,0.0,0.0
241,0,False,mask_ratio,8,0.0,0.0,0.0
241,0,False,oof_state_value,40,0.0,0.0,0.0
241,0,False,oracle_localization,8,0.0,0.0,0.0
242,0,False,random_checkpoint,56,0.0,0.0,0.0
242,0,False,earliest_eligible,8,0.0,0.0,0.0
242,0,False,normalized_quarter,16,0.0,0.0,0.0
242,0,False,normalized_midpoint,32,0.0,0.0,0.0
242,0,False,normalized_three_quarter,48,0.0,0.0,0.0
242,0,False,confidence_low,8,0.0,0.0,0.0
242,0,False,entropy_high,8,0.0,0.0,0.0
242,0,False,mask_ratio,8,0.0,0.0,0.0
242,0,False,oof_state_value,40,0.0,0.0,0.0
242,0,False,oracle_localization,8,0.0,0.0,0.0
243,0,False,random_checkpoint,48,0.0,0.0,0.0
243,0,False,earliest_eligible,8,0.125,0.0,-0.125
243,0,False,normalized_quarter,16,0.125,0.25,0.125
243,0,False,normalized_midpoint,32,0.0,0.0,0.0
243,0,False,normalized_three_quarter,48,0.0,0.0,0.0
243,0,False,confidence_low,8,0.125,0.0,-0.125
243,0,False,entropy_high,8,0.125,0.0,-0.125
243,0,False,mask_ratio,8,0.125,0.0,-0.125
243,0,False,oof_state_value,56,0.0,0.0,0.0
243,0,False,oracle_localization,8,0.125,0.0,-0.125
244,0,False,random_checkpoint,16,0.25,0.125,-0.125
244,0,False,earliest_eligible,8,0.125,0.5,0.375
244,0,False,normalized_quarter,16,0.25,0.125,-0.125
244,0,False,normalized_midpoint,32,0.0,0.0,0.0
244,0,False,normalized_three_quarter,48,0.0,0.0,0.0
244,0,False,confidence_low,8,0.125,0.5,0.375
244,0,False,entropy_high,8,0.125,0.5,0.375
244,0,False,mask_ratio,8,0.125,0.5,0.375
244,0,False,oof_state_value,56,0.0,0.0,0.0
244,0,False,oracle_localization,24,0.5,0.625,0.125
245,0,False,random_checkpoint,16,0.0,0.0,0.0
245,0,False,earliest_eligible,8,0.0,0.0,0.0
245,0,False,normalized_quarter,16,0.0,0.0,0.0
245,0,False,normalized_midpoint,32,0.0,0.0,0.0
245,0,False,normalized_three_quarter,48,0.0,0.0,0.0
245,0,False,confidence_low,8,0.0,0.0,0.0
245,0,False,entropy_high,8,0.0,0.0,0.0
245,0,False,mask_ratio,8,0.0,0.0,0.0
245,0,False,oof_state_value,56,0.0,0.0,0.0
245,0,False,oracle_localization,8,0.0,0.0,0.0
246,0,False,random_checkpoint,64,0.0,,
246,0,False,earliest_eligible,8,0.0,0.125,0.125
246,0,False,normalized_quarter,16,0.0,0.0,0.0
246,0,False,normalized_midpoint,32,0.0,0.0,0.0
246,0,False,normalized_three_quarter,48,0.0,0.0,0.0
246,0,False,confidence_low,8,0.0,0.125,0.125
246,0,False,entropy_high,8,0.0,0.125,0.125
246,0,False,mask_ratio,8,0.0,0.125,0.125
246,0,False,oof_state_value,40,0.0,0.0,0.0
246,0,False,oracle_localization,8,0.0,0.125,0.125
247,0,False,random_checkpoint,64,0.0,,
247,0,False,earliest_eligible,8,0.0,0.0,0.0
247,0,False,normalized_quarter,16,0.0,0.0,0.0
247,0,False,normalized_midpoint,32,0.0,0.0,0.0
247,0,False,normalized_three_quarter,48,0.0,0.0,0.0
247,0,False,confidence_low,8,0.0,0.0,0.0
247,0,False,entropy_high,8,0.0,0.0,0.0
247,0,False,mask_ratio,8,0.0,0.0,0.0
247,0,False,oof_state_value,24,0.0,0.0,0.0
247,0,False,oracle_localization,8,0.0,0.0,0.0
248,0,False,random_checkpoint,40,0.0,0.0,0.0
248,0,False,earliest_eligible,8,0.0,0.0,0.0
248,0,False,normalized_quarter,16,0.0,0.0,0.0
248,0,False,normalized_midpoint,32,0.0,0.0,0.0
248,0,False,normalized_three_quarter,48,0.0,0.0,0.0
248,0,False,confidence_low,8,0.0,0.0,0.0
248,0,False,entropy_high,8,0.0,0.0,0.0
248,0,False,mask_ratio,8,0.0,0.0,0.0
248,0,False,oof_state_value,56,0.0,0.0,0.0
248,0,False,oracle_localization,8,0.0,0.0,0.0
249,0,False,random_checkpoint,24,0.0,0.0,0.0
249,0,False,earliest_eligible,8,0.0,0.0,0.0
249,0,False,normalized_quarter,16,0.0,0.0,0.0
249,0,False,normalized_midpoint,32,0.0,0.0,0.0
249,0,False,normalized_three_quarter,48,0.0,0.0,0.0
249,0,False,confidence_low,8,0.0,0.0,0.0
249,0,False,entropy_high,8,0.0,0.0,0.0
249,0,False,mask_ratio,8,0.0,0.0,0.0
249,0,False,oof_state_value,56,0.0,0.0,0.0
249,0,False,oracle_localization,8,0.0,0.0,0.0
250,0,False,random_checkpoint,48,0.0,0.0,0.0
250,0,False,earliest_eligible,8,0.0,0.0,0.0
250,0,False,normalized_quarter,16,0.0,0.0,0.0
250,0,False,normalized_midpoint,32,0.0,0.0,0.0
250,0,False,normalized_three_quarter,48,0.0,0.0,0.0
250,0,False,confidence_low,8,0.0,0.0,0.0
250,0,False,entropy_high,8,0.0,0.0,0.0
250,0,False,mask_ratio,8,0.0,0.0,0.0
250,0,False,oof_state_value,32,0.0,0.0,0.0
250,0,False,oracle_localization,8,0.0,0.0,0.0
251,0,False,random_checkpoint,24,0.0,0.0,0.0
251,0,False,earliest_eligible,8,0.0,0.0,0.0
251,0,False,normalized_quarter,16,0.0,0.0,0.0
251,0,False,normalized_midpoint,32,0.0,0.0,0.0
251,0,False,normalized_three_quarter,48,0.0,0.0,0.0
251,0,False,confidence_low,8,0.0,0.0,0.0
251,0,False,entropy_high,8,0.0,0.0,0.0
251,0,False,mask_ratio,8,0.0,0.0,0.0
251,0,False,oof_state_value,40,0.0,0.0,0.0
251,0,False,oracle_localization,8,0.0,0.0,0.0
252,0,False,random_checkpoint,32,0.0,0.0,0.0
252,0,False,earliest_eligible,8,0.0,0.0,0.0
252,0,False,normalized_quarter,16,0.0,0.0,0.0
252,0,False,normalized_midpoint,32,0.0,0.0,0.0
252,0,False,normalized_three_quarter,48,0.0,0.0,0.0
252,0,False,confidence_low,16,0.0,0.0,0.0
252,0,False,entropy_high,8,0.0,0.0,0.0
252,0,False,mask_ratio,8,0.0,0.0,0.0
252,0,False,oof_state_value,48,0.0,0.0,0.0
252,0,False,oracle_localization,8,0.0,0.0,0.0
253,0,True,random_checkpoint,48,1.0,1.0,0.0
253,0,True,earliest_eligible,8,0.75,0.875,0.125
253,0,True,normalized_quarter,16,0.875,0.875,0.0
253,0,True,normalized_midpoint,32,1.0,0.75,-0.25
253,0,True,normalized_three_quarter,48,1.0,1.0,0.0
253,0,True,confidence_low,8,0.75,0.875,0.125
253,0,True,entropy_high,8,0.75,0.875,0.125
253,0,True,mask_ratio,8,0.75,0.875,0.125
253,0,True,oof_state_value,24,1.0,1.0,0.0
253,0,True,oracle_localization,8,0.75,0.875,0.125
253,1,False,random_checkpoint,8,0.125,0.25,0.125
253,1,False,earliest_eligible,8,0.125,0.25,0.125
253,1,False,normalized_quarter,16,0.0,0.5,0.5
253,1,False,normalized_midpoint,32,0.0,0.0,0.0
253,1,False,normalized_three_quarter,48,0.0,0.0,0.0
253,1,False,confidence_low,8,0.125,0.25,0.125
253,1,False,entropy_high,8,0.125,0.25,0.125
253,1,False,mask_ratio,8,0.125,0.25,0.125
253,1,False,oof_state_value,32,0.0,0.0,0.0
253,1,False,oracle_localization,24,0.0,0.25,0.25
254,0,False,random_checkpoint,16,0.0,0.0,0.0
254,0,False,earliest_eligible,8,0.0,0.0,0.0
254,0,False,normalized_quarter,16,0.0,0.0,0.0
254,0,False,normalized_midpoint,32,0.0,0.0,0.0
254,0,False,normalized_three_quarter,48,0.0,0.0,0.0
254,0,False,confidence_low,16,0.0,0.0,0.0
254,0,False,entropy_high,8,0.0,0.0,0.0
254,0,False,mask_ratio,8,0.0,0.0,0.0
254,0,False,oof_state_value,32,0.0,0.0,0.0
254,0,False,oracle_localization,8,0.0,0.0,0.0
255,0,False,random_checkpoint,32,0.0,0.0,0.0
255,0,False,earliest_eligible,8,0.0,0.0,0.0
255,0,False,normalized_quarter,16,0.125,0.125,0.0
255,0,False,normalized_midpoint,32,0.0,0.0,0.0
255,0,False,normalized_three_quarter,48,0.0,0.0,0.0
255,0,False,confidence_low,8,0.0,0.0,0.0
255,0,False,entropy_high,8,0.0,0.0,0.0
255,0,False,mask_ratio,8,0.0,0.0,0.0
255,0,False,oof_state_value,48,0.0,0.0,0.0
255,0,False,oracle_localization,8,0.0,0.0,0.0
255,1,True,random_checkpoint,40,1.0,1.0,0.0
255,1,True,earliest_eligible,8,0.375,0.0,-0.375
255,1,True,normalized_quarter,16,0.0,0.125,0.125
255,1,True,normalized_midpoint,32,1.0,1.0,0.0
255,1,True,normalized_three_quarter,48,1.0,1.0,0.0
255,1,True,confidence_low,8,0.375,0.0,-0.375
255,1,True,entropy_high,8,0.375,0.0,-0.375
255,1,True,mask_ratio,8,0.375,0.0,-0.375
255,1,True,oof_state_value,40,1.0,1.0,0.0
255,1,True,oracle_localization,40,1.0,1.0,0.0
256,0,False,random_checkpoint,16,0.0,0.0,0.0
256,0,False,earliest_eligible,8,0.0,0.0,0.0
256,0,False,normalized_quarter,16,0.0,0.0,0.0
256,0,False,normalized_midpoint,32,0.0,0.0,0.0
256,0,False,normalized_three_quarter,48,0.0,0.0,0.0
256,0,False,confidence_low,8,0.0,0.0,0.0
256,0,False,entropy_high,8,0.0,0.0,0.0
256,0,False,mask_ratio,8,0.0,0.0,0.0
256,0,False,oof_state_value,16,0.0,0.0,0.0
256,0,False,oracle_localization,8,0.0,0.0,0.0
257,0,False,random_checkpoint,56,0.0,0.0,0.0
257,0,False,earliest_eligible,8,0.0,0.0,0.0
257,0,False,normalized_quarter,16,0.0,0.0,0.0
257,0,False,normalized_midpoint,32,0.0,0.0,0.0
257,0,False,normalized_three_quarter,48,0.0,0.0,0.0
257,0,False,confidence_low,8,0.0,0.0,0.0
257,0,False,entropy_high,8,0.0,0.0,0.0
257,0,False,mask_ratio,8,0.0,0.0,0.0
257,0,False,oof_state_value,32,0.0,0.0,0.0
257,0,False,oracle_localization,8,0.0,0.0,0.0
258,0,False,random_checkpoint,24,0.0,0.0,0.0
258,0,False,earliest_eligible,8,0.0,0.125,0.125
258,0,False,normalized_quarter,16,0.0,0.0,0.0
258,0,False,normalized_midpoint,32,0.0,0.0,0.0
258,0,False,normalized_three_quarter,48,0.0,0.0,0.0
258,0,False,confidence_low,8,0.0,0.125,0.125
258,0,False,entropy_high,8,0.0,0.125,0.125
258,0,False,mask_ratio,8,0.0,0.125,0.125
258,0,False,oof_state_value,32,0.0,0.0,0.0
258,0,False,oracle_localization,8,0.0,0.125,0.125
258,1,True,random_checkpoint,56,1.0,1.0,0.0
258,1,True,earliest_eligible,8,0.125,0.0,-0.125
258,1,True,normalized_quarter,16,0.375,0.25,-0.125
258,1,True,normalized_midpoint,32,1.0,1.0,0.0
258,1,True,normalized_three_quarter,48,1.0,1.0,0.0
258,1,True,confidence_low,8,0.125,0.0,-0.125
258,1,True,entropy_high,8,0.125,0.0,-0.125
258,1,True,mask_ratio,8,0.125,0.0,-0.125
258,1,True,oof_state_value,56,1.0,1.0,0.0
258,1,True,oracle_localization,24,1.0,1.0,0.0
259,0,True,random_checkpoint,64,1.0,,
259,0,True,earliest_eligible,8,0.625,0.75,0.125
259,0,True,normalized_quarter,16,1.0,0.75,-0.25
259,0,True,normalized_midpoint,32,1.0,1.0,0.0
259,0,True,normalized_three_quarter,48,1.0,1.0,0.0
259,0,True,confidence_low,8,0.625,0.75,0.125
259,0,True,entropy_high,8,0.625,0.75,0.125
259,0,True,mask_ratio,8,0.625,0.75,0.125
259,0,True,oof_state_value,24,1.0,1.0,0.0
259,0,True,oracle_localization,8,0.625,0.75,0.125
259,4,False,random_checkpoint,56,0.0,0.0,0.0
259,4,False,earliest_eligible,8,0.5,0.375,-0.125
259,4,False,normalized_quarter,16,0.125,0.125,0.0
259,4,False,normalized_midpoint,32,0.0,0.0,0.0
259,4,False,normalized_three_quarter,48,0.0,0.0,0.0
259,4,False,confidence_low,8,0.5,0.375,-0.125
259,4,False,entropy_high,8,0.5,0.375,-0.125
259,4,False,mask_ratio,8,0.5,0.375,-0.125
259,4,False,oof_state_value,16,0.125,0.125,0.0
259,4,False,oracle_localization,8,0.5,0.375,-0.125
260,0,False,random_checkpoint,56,0.0,0.0,0.0
260,0,False,earliest_eligible,8,0.0,0.0,0.0
260,0,False,normalized_quarter,16,0.0,0.125,0.125
260,0,False,normalized_midpoint,32,0.0,0.0,0.0
260,0,False,normalized_three_quarter,48,0.0,0.0,0.0
260,0,False,confidence_low,8,0.0,0.0,0.0
260,0,False,entropy_high,8,0.0,0.0,0.0
260,0,False,mask_ratio,8,0.0,0.0,0.0
260,0,False,oof_state_value,40,0.0,0.0,0.0
260,0,False,oracle_localization,8,0.0,0.0,0.0
261,0,False,random_checkpoint,48,0.0,0.0,0.0
261,0,False,earliest_eligible,8,0.0,0.0,0.0
261,0,False,normalized_quarter,16,0.0,0.0,0.0
261,0,False,normalized_midpoint,32,0.0,0.0,0.0
261,0,False,normalized_three_quarter,48,0.0,0.0,0.0
261,0,False,confidence_low,8,0.0,0.0,0.0
261,0,False,entropy_high,8,0.0,0.0,0.0
261,0,False,mask_ratio,8,0.0,0.0,0.0
261,0,False,oof_state_value,56,0.0,0.0,0.0
261,0,False,oracle_localization,8,0.0,0.0,0.0
262,0,False,random_checkpoint,16,0.125,1.0,0.875
262,0,False,earliest_eligible,8,0.125,0.625,0.5
262,0,False,normalized_quarter,16,0.125,1.0,0.875
262,0,False,normalized_midpoint,32,0.0,0.0,0.0
262,0,False,normalized_three_quarter,48,0.0,1.0,1.0
262,0,False,confidence_low,8,0.125,0.625,0.5
262,0,False,entropy_high,8,0.125,0.625,0.5
262,0,False,mask_ratio,8,0.125,0.625,0.5
262,0,False,oof_state_value,16,0.125,1.0,0.875
262,0,False,oracle_localization,8,0.125,0.625,0.5
262,2,True,random_checkpoint,32,1.0,1.0,0.0
262,2,True,earliest_eligible,8,0.5,0.75,0.25
262,2,True,normalized_quarter,16,1.0,1.0,0.0
262,2,True,normalized_midpoint,32,1.0,1.0,0.0
262,2,True,normalized_three_quarter,48,1.0,1.0,0.0
262,2,True,confidence_low,8,0.5,0.75,0.25
262,2,True,entropy_high,8,0.5,0.75,0.25
262,2,True,mask_ratio,8,0.5,0.75,0.25
262,2,True,oof_state_value,16,1.0,1.0,0.0
262,2,True,oracle_localization,8,0.5,0.75,0.25
263,0,False,random_checkpoint,24,0.0,0.0,0.0
263,0,False,earliest_eligible,8,0.125,0.125,0.0
263,0,False,normalized_quarter,16,0.0,0.0,0.0
263,0,False,normalized_midpoint,32,0.0,0.0,0.0
263,0,False,normalized_three_quarter,48,0.0,0.0,0.0
263,0,False,confidence_low,8,0.125,0.125,0.0
263,0,False,entropy_high,8,0.125,0.125,0.0
263,0,False,mask_ratio,8,0.125,0.125,0.0
263,0,False,oof_state_value,56,0.0,0.0,0.0
263,0,False,oracle_localization,8,0.125,0.125,0.0
264,0,False,random_checkpoint,40,0.0,0.0,0.0
264,0,False,earliest_eligible,8,0.0,0.0,0.0
264,0,False,normalized_quarter,16,0.0,0.0,0.0
264,0,False,normalized_midpoint,32,0.0,0.0,0.0
264,0,False,normalized_three_quarter,48,0.0,0.0,0.0
264,0,False,confidence_low,8,0.0,0.0,0.0
264,0,False,entropy_high,8,0.0,0.0,0.0
264,0,False,mask_ratio,8,0.0,0.0,0.0
264,0,False,oof_state_value,56,0.0,0.0,0.0
264,0,False,oracle_localization,8,0.0,0.0,0.0
265,0,False,random_checkpoint,56,0.0,0.0,0.0
265,0,False,earliest_eligible,8,0.125,0.625,0.5
265,0,False,normalized_quarter,16,0.125,0.125,0.0
265,0,False,normalized_midpoint,32,0.0,0.0,0.0
265,0,False,normalized_three_quarter,48,0.0,0.0,0.0
265,0,False,confidence_low,8,0.125,0.625,0.5
265,0,False,entropy_high,8,0.125,0.625,0.5
265,0,False,mask_ratio,8,0.125,0.625,0.5
265,0,False,oof_state_value,32,0.0,0.0,0.0
265,0,False,oracle_localization,8,0.125,0.625,0.5
265,1,True,random_checkpoint,48,0.375,0.25,-0.125
265,1,True,earliest_eligible,8,0.25,0.25,0.0
265,1,True,normalized_quarter,16,0.375,0.5,0.125
265,1,True,normalized_midpoint,32,0.75,0.375,-0.375
265,1,True,normalized_three_quarter,48,0.375,0.25,-0.125
265,1,True,confidence_low,16,0.375,0.5,0.125
265,1,True,entropy_high,8,0.25,0.25,0.0
265,1,True,mask_ratio,8,0.25,0.25,0.0
265,1,True,oof_state_value,32,0.75,0.375,-0.375
265,1,True,oracle_localization,48,0.375,0.25,-0.125
266,0,False,random_checkpoint,32,0.0,0.0,0.0
266,0,False,earliest_eligible,8,0.125,0.125,0.0
266,0,False,normalized_quarter,16,0.0,0.0,0.0
266,0,False,normalized_midpoint,32,0.0,0.0,0.0
266,0,False,normalized_three_quarter,48,0.0,0.0,0.0
266,0,False,confidence_low,8,0.125,0.125,0.0
266,0,False,entropy_high,8,0.125,0.125,0.0
266,0,False,mask_ratio,8,0.125,0.125,0.0
266,0,False,oof_state_value,40,0.0,0.0,0.0
266,0,False,oracle_localization,8,0.125,0.125,0.0
267,0,False,random_checkpoint,16,0.0,0.0,0.0
267,0,False,earliest_eligible,8,0.375,0.5,0.125
267,0,False,normalized_quarter,16,0.0,0.0,0.0
267,0,False,normalized_midpoint,32,0.0,0.0,0.0
267,0,False,normalized_three_quarter,48,0.0,0.0,0.0
267,0,False,confidence_low,8,0.375,0.5,0.125
267,0,False,entropy_high,8,0.375,0.5,0.125
267,0,False,mask_ratio,8,0.375,0.5,0.125
267,0,False,oof_state_value,24,0.0,0.0,0.0
267,0,False,oracle_localization,8,0.375,0.5,0.125
268,0,False,random_checkpoint,16,0.125,0.0,-0.125
268,0,False,earliest_eligible,8,0.25,0.5,0.25
268,0,False,normalized_quarter,16,0.125,0.0,-0.125
268,0,False,normalized_midpoint,32,0.0,0.375,0.375
268,0,False,normalized_three_quarter,48,0.0,0.0,0.0
268,0,False,confidence_low,8,0.25,0.5,0.25
268,0,False,entropy_high,8,0.25,0.5,0.25
268,0,False,mask_ratio,8,0.25,0.5,0.25
268,0,False,oof_state_value,48,0.0,0.0,0.0
268,0,False,oracle_localization,8,0.25,0.5,0.25
268,2,True,random_checkpoint,24,0.125,0.125,0.0
268,2,True,earliest_eligible,8,0.5,0.375,-0.125
268,2,True,normalized_quarter,16,0.25,0.125,-0.125
268,2,True,normalized_midpoint,32,1.0,1.0,0.0
268,2,True,normalized_three_quarter,48,1.0,1.0,0.0
268,2,True,confidence_low,8,0.5,0.375,-0.125
268,2,True,entropy_high,8,0.5,0.375,-0.125
268,2,True,mask_ratio,8,0.5,0.375,-0.125
268,2,True,oof_state_value,40,1.0,1.0,0.0
268,2,True,oracle_localization,32,1.0,1.0,0.0
269,0,True,random_checkpoint,64,1.0,,
269,0,True,earliest_eligible,8,0.25,0.0,-0.25
269,0,True,normalized_quarter,16,1.0,1.0,0.0
269,0,True,normalized_midpoint,32,1.0,1.0,0.0
269,0,True,normalized_three_quarter,48,1.0,0.875,-0.125
269,0,True,confidence_low,8,0.25,0.0,-0.25
269,0,True,entropy_high,8,0.25,0.0,-0.25
269,0,True,mask_ratio,8,0.25,0.0,-0.25
269,0,True,oof_state_value,56,1.0,1.0,0.0
269,0,True,oracle_localization,16,1.0,1.0,0.0
269,3,False,random_checkpoint,64,0.0,,
269,3,False,earliest_eligible,8,0.125,0.25,0.125
269,3,False,normalized_quarter,16,0.125,0.125,0.0
269,3,False,normalized_midpoint,32,0.0,0.0,0.0
269,3,False,normalized_three_quarter,48,0.0,0.0,0.0
269,3,False,confidence_low,8,0.125,0.25,0.125
269,3,False,entropy_high,8,0.125,0.25,0.125
269,3,False,mask_ratio,8,0.125,0.25,0.125
269,3,False,oof_state_value,56,0.0,0.0,0.0
269,3,False,oracle_localization,8,0.125,0.25,0.125
270,0,False,random_checkpoint,16,0.0,0.0,0.0
270,0,False,earliest_eligible,8,0.125,0.25,0.125
270,0,False,normalized_quarter,16,0.0,0.0,0.0
270,0,False,normalized_midpoint,32,0.0,0.0,0.0
270,0,False,normalized_three_quarter,48,0.0,0.0,0.0
270,0,False,confidence_low,8,0.125,0.25,0.125
270,0,False,entropy_high,8,0.125,0.25,0.125
270,0,False,mask_ratio,8,0.125,0.25,0.125
270,0,False,oof_state_value,48,0.0,0.0,0.0
270,0,False,oracle_localization,8,0.125,0.25,0.125
271,0,False,random_checkpoint,56,0.0,0.0,0.0
271,0,False,earliest_eligible,8,0.0,0.125,0.125
271,0,False,normalized_quarter,16,0.0,0.0,0.0
271,0,False,normalized_midpoint,32,0.0,0.0,0.0
271,0,False,normalized_three_quarter,48,0.0,0.0,0.0
271,0,False,confidence_low,8,0.0,0.125,0.125
271,0,False,entropy_high,8,0.0,0.125,0.125
271,0,False,mask_ratio,8,0.0,0.125,0.125
271,0,False,oof_state_value,24,0.0,0.0,0.0
271,0,False,oracle_localization,8,0.0,0.125,0.125
272,0,False,random_checkpoint,24,0.0,0.0,0.0
272,0,False,earliest_eligible,8,0.0,0.0,0.0
272,0,False,normalized_quarter,16,0.0,0.0,0.0
272,0,False,normalized_midpoint,32,0.0,0.0,0.0
272,0,False,normalized_three_quarter,48,0.0,0.0,0.0
272,0,False,confidence_low,8,0.0,0.0,0.0
272,0,False,entropy_high,8,0.0,0.0,0.0
272,0,False,mask_ratio,8,0.0,0.0,0.0
272,0,False,oof_state_value,32,0.0,0.0,0.0
272,0,False,oracle_localization,8,0.0,0.0,0.0
273,0,False,random_checkpoint,40,0.0,0.0,0.0
273,0,False,earliest_eligible,8,0.125,0.375,0.25
273,0,False,normalized_quarter,16,0.0,0.0,0.0
273,0,False,normalized_midpoint,32,0.0,0.0,0.0
273,0,False,normalized_three_quarter,48,0.0,0.0,0.0
273,0,False,confidence_low,64,0.0,,
273,0,False,entropy_high,8,0.125,0.375,0.25
273,0,False,mask_ratio,8,0.125,0.375,0.25
273,0,False,oof_state_value,40,0.0,0.0,0.0
273,0,False,oracle_localization,8,0.125,0.375,0.25
274,0,False,random_checkpoint,16,0.0,0.0,0.0
274,0,False,earliest_eligible,8,0.0,0.0,0.0
274,0,False,normalized_quarter,16,0.0,0.0,0.0
274,0,False,normalized_midpoint,32,0.0,0.0,0.0
274,0,False,normalized_three_quarter,48,0.0,0.0,0.0
274,0,False,confidence_low,8,0.0,0.0,0.0
274,0,False,entropy_high,8,0.0,0.0,0.0
274,0,False,mask_ratio,8,0.0,0.0,0.0
274,0,False,oof_state_value,24,0.0,0.0,0.0
274,0,False,oracle_localization,8,0.0,0.0,0.0
275,0,True,random_checkpoint,32,1.0,1.0,0.0
275,0,True,earliest_eligible,8,0.25,0.125,-0.125
275,0,True,normalized_quarter,16,0.625,0.625,0.0
275,0,True,normalized_midpoint,32,1.0,1.0,0.0
275,0,True,normalized_three_quarter,48,1.0,1.0,0.0
275,0,True,confidence_low,8,0.25,0.125,-0.125
275,0,True,entropy_high,8,0.25,0.125,-0.125
275,0,True,mask_ratio,8,0.25,0.125,-0.125
275,0,True,oof_state_value,24,1.0,1.0,0.0
275,0,True,oracle_localization,24,1.0,1.0,0.0
275,1,False,random_checkpoint,32,0.0,0.0,0.0
275,1,False,earliest_eligible,8,0.0,0.0,0.0
275,1,False,normalized_quarter,16,0.0,0.0,0.0
275,1,False,normalized_midpoint,32,0.0,0.0,0.0
275,1,False,normalized_three_quarter,48,0.0,0.0,0.0
275,1,False,confidence_low,8,0.0,0.0,0.0
275,1,False,entropy_high,8,0.0,0.0,0.0
275,1,False,mask_ratio,8,0.0,0.0,0.0
275,1,False,oof_state_value,48,0.0,0.0,0.0
275,1,False,oracle_localization,8,0.0,0.0,0.0
276,0,False,random_checkpoint,16,0.125,0.0,-0.125
276,0,False,earliest_eligible,8,0.0,0.0,0.0
276,0,False,normalized_quarter,16,0.125,0.0,-0.125
276,0,False,normalized_midpoint,32,0.0,0.0,0.0
276,0,False,normalized_three_quarter,48,0.0,0.0,0.0
276,0,False,confidence_low,8,0.0,0.0,0.0
276,0,False,entropy_high,8,0.0,0.0,0.0
276,0,False,mask_ratio,8,0.0,0.0,0.0
276,0,False,oof_state_value,48,0.0,0.0,0.0
276,0,False,oracle_localization,8,0.0,0.0,0.0
277,0,False,random_checkpoint,32,0.0,0.0,0.0
277,0,False,earliest_eligible,8,0.75,1.0,0.25
277,0,False,normalized_quarter,16,0.0,0.0,0.0
277,0,False,normalized_midpoint,32,0.0,0.0,0.0
277,0,False,normalized_three_quarter,48,0.0,0.0,0.0
277,0,False,confidence_low,8,0.75,1.0,0.25
277,0,False,entropy_high,8,0.75,1.0,0.25
277,0,False,mask_ratio,8,0.75,1.0,0.25
277,0,False,oof_state_value,32,0.0,0.0,0.0
277,0,False,oracle_localization,8,0.75,1.0,0.25
277,1,True,random_checkpoint,48,1.0,1.0,0.0
277,1,True,earliest_eligible,8,0.625,0.25,-0.375
277,1,True,normalized_quarter,16,1.0,1.0,0.0
277,1,True,normalized_midpoint,32,1.0,1.0,0.0
277,1,True,normalized_three_quarter,48,1.0,1.0,0.0
277,1,True,confidence_low,8,0.625,0.25,-0.375
277,1,True,entropy_high,8,0.625,0.25,-0.375
277,1,True,mask_ratio,8,0.625,0.25,-0.375
277,1,True,oof_state_value,32,1.0,1.0,0.0
277,1,True,oracle_localization,16,1.0,1.0,0.0
278,0,False,random_checkpoint,16,0.0,0.125,0.125
278,0,False,earliest_eligible,8,0.125,0.0,-0.125
278,0,False,normalized_quarter,16,0.0,0.125,0.125
278,0,False,normalized_midpoint,32,0.0,0.0,0.0
278,0,False,normalized_three_quarter,48,0.0,0.0,0.0
278,0,False,confidence_low,8,0.125,0.0,-0.125
278,0,False,entropy_high,8,0.125,0.0,-0.125
278,0,False,mask_ratio,8,0.125,0.0,-0.125
278,0,False,oof_state_value,48,0.0,0.0,0.0
278,0,False,oracle_localization,8,0.125,0.0,-0.125
278,4,True,random_checkpoint,56,1.0,1.0,0.0
278,4,True,earliest_eligible,8,0.375,0.5,0.125
278,4,True,normalized_quarter,16,0.625,1.0,0.375
278,4,True,normalized_midpoint,32,1.0,0.875,-0.125
278,4,True,normalized_three_quarter,48,1.0,1.0,0.0
278,4,True,confidence_low,32,1.0,0.875,-0.125
278,4,True,entropy_high,8,0.375,0.5,0.125
278,4,True,mask_ratio,8,0.375,0.5,0.125
278,4,True,oof_state_value,48,1.0,1.0,0.0
278,4,True,oracle_localization,40,1.0,1.0,0.0
279,0,False,random_checkpoint,56,0.0,0.0,0.0
279,0,False,earliest_eligible,8,0.0,0.0,0.0
279,0,False,normalized_quarter,16,0.0,0.0,0.0
279,0,False,normalized_midpoint,32,0.0,0.0,0.0
279,0,False,normalized_three_quarter,48,0.0,0.0,0.0
279,0,False,confidence_low,8,0.0,0.0,0.0
279,0,False,entropy_high,8,0.0,0.0,0.0
279,0,False,mask_ratio,8,0.0,0.0,0.0
279,0,False,oof_state_value,56,0.0,0.0,0.0
279,0,False,oracle_localization,8,0.0,0.0,0.0
280,0,False,random_checkpoint,24,0.0,0.0,0.0
280,0,False,earliest_eligible,8,0.125,0.0,-0.125
280,0,False,normalized_quarter,16,0.0,0.0,0.0
280,0,False,normalized_midpoint,32,0.0,0.0,0.0
280,0,False,normalized_three_quarter,48,0.0,0.0,0.0
280,0,False,confidence_low,8,0.125,0.0,-0.125
280,0,False,entropy_high,8,0.125,0.0,-0.125
280,0,False,mask_ratio,8,0.125,0.0,-0.125
280,0,False,oof_state_value,56,0.0,0.0,0.0
280,0,False,oracle_localization,8,0.125,0.0,-0.125
281,0,False,random_checkpoint,48,0.0,0.0,0.0
281,0,False,earliest_eligible,8,0.375,0.625,0.25
281,0,False,normalized_quarter,16,0.0,0.0,0.0
281,0,False,normalized_midpoint,32,0.0,0.0,0.0
281,0,False,normalized_three_quarter,48,0.0,0.0,0.0
281,0,False,confidence_low,8,0.375,0.625,0.25
281,0,False,entropy_high,8,0.375,0.625,0.25
281,0,False,mask_ratio,8,0.375,0.625,0.25
281,0,False,oof_state_value,40,0.0,0.0,0.0
281,0,False,oracle_localization,8,0.375,0.625,0.25
282,0,False,random_checkpoint,24,0.0,0.0,0.0
282,0,False,earliest_eligible,8,0.0,0.0,0.0
282,0,False,normalized_quarter,16,0.0,0.0,0.0
282,0,False,normalized_midpoint,32,0.0,0.0,0.0
282,0,False,normalized_three_quarter,48,0.0,0.0,0.0
282,0,False,confidence_low,8,0.0,0.0,0.0
282,0,False,entropy_high,8,0.0,0.0,0.0
282,0,False,mask_ratio,8,0.0,0.0,0.0
282,0,False,oof_state_value,16,0.0,0.0,0.0
282,0,False,oracle_localization,8,0.0,0.0,0.0
283,0,False,random_checkpoint,16,0.75,0.75,0.0
283,0,False,earliest_eligible,8,0.875,1.0,0.125
283,0,False,normalized_quarter,16,0.75,0.75,0.0
283,0,False,normalized_midpoint,32,0.875,0.25,-0.625
283,0,False,normalized_three_quarter,48,0.625,0.875,0.25
283,0,False,confidence_low,16,0.75,0.75,0.0
283,0,False,entropy_high,8,0.875,1.0,0.125
283,0,False,mask_ratio,8,0.875,1.0,0.125
283,0,False,oof_state_value,56,0.0,0.0,0.0
283,0,False,oracle_localization,8,0.875,1.0,0.125
283,1,True,random_checkpoint,32,1.0,1.0,0.0
283,1,True,earliest_eligible,8,1.0,1.0,0.0
283,1,True,normalized_quarter,16,1.0,1.0,0.0
283,1,True,normalized_midpoint,32,1.0,1.0,0.0
283,1,True,normalized_three_quarter,48,1.0,1.0,0.0
283,1,True,confidence_low,8,1.0,1.0,0.0
283,1,True,entropy_high,8,1.0,1.0,0.0
283,1,True,mask_ratio,8,1.0,1.0,0.0
283,1,True,oof_state_value,32,1.0,1.0,0.0
283,1,True,oracle_localization,8,1.0,1.0,0.0
284,0,False,random_checkpoint,40,0.0,0.0,0.0
284,0,False,earliest_eligible,8,0.0,0.0,0.0
284,0,False,normalized_quarter,16,0.0,0.0,0.0
284,0,False,normalized_midpoint,32,0.0,0.0,0.0
284,0,False,normalized_three_quarter,48,0.0,0.0,0.0
284,0,False,confidence_low,8,0.0,0.0,0.0
284,0,False,entropy_high,8,0.0,0.0,0.0
284,0,False,mask_ratio,8,0.0,0.0,0.0
284,0,False,oof_state_value,8,0.0,0.0,0.0
284,0,False,oracle_localization,8,0.0,0.0,0.0
285,0,False,random_checkpoint,48,0.0,0.0,0.0
285,0,False,earliest_eligible,8,0.0,0.0,0.0
285,0,False,normalized_quarter,16,0.0,0.0,0.0
285,0,False,normalized_midpoint,32,0.0,0.0,0.0
285,0,False,normalized_three_quarter,48,0.0,0.0,0.0
285,0,False,confidence_low,8,0.0,0.0,0.0
285,0,False,entropy_high,8,0.0,0.0,0.0
285,0,False,mask_ratio,8,0.0,0.0,0.0
285,0,False,oof_state_value,40,0.0,0.0,0.0
285,0,False,oracle_localization,8,0.0,0.0,0.0
286,0,False,random_checkpoint,24,0.0,0.0,0.0
286,0,False,earliest_eligible,8,0.0,0.0,0.0
286,0,False,normalized_quarter,16,0.0,0.0,0.0
286,0,False,normalized_midpoint,32,0.0,0.0,0.0
286,0,False,normalized_three_quarter,48,0.0,0.0,0.0
286,0,False,confidence_low,8,0.0,0.0,0.0
286,0,False,entropy_high,8,0.0,0.0,0.0
286,0,False,mask_ratio,8,0.0,0.0,0.0
286,0,False,oof_state_value,56,0.0,0.0,0.0
286,0,False,oracle_localization,8,0.0,0.0,0.0
287,0,False,random_checkpoint,8,0.0,0.0,0.0
287,0,False,earliest_eligible,8,0.0,0.0,0.0
287,0,False,normalized_quarter,16,0.0,0.0,0.0
287,0,False,normalized_midpoint,32,0.0,0.0,0.0
287,0,False,normalized_three_quarter,48,0.0,0.0,0.0
287,0,False,confidence_low,8,0.0,0.0,0.0
287,0,False,entropy_high,8,0.0,0.0,0.0
287,0,False,mask_ratio,8,0.0,0.0,0.0
287,0,False,oof_state_value,32,0.0,0.0,0.0
287,0,False,oracle_localization,8,0.0,0.0,0.0
287,4,True,random_checkpoint,16,0.125,0.125,0.0
287,4,True,earliest_eligible,8,0.0,0.0,0.0
287,4,True,normalized_quarter,16,0.125,0.125,0.0
287,4,True,normalized_midpoint,32,0.875,0.625,-0.25
287,4,True,normalized_three_quarter,48,1.0,1.0,0.0
287,4,True,confidence_low,8,0.0,0.0,0.0
287,4,True,entropy_high,8,0.0,0.0,0.0
287,4,True,mask_ratio,8,0.0,0.0,0.0
287,4,True,oof_state_value,40,0.625,0.125,-0.5
287,4,True,oracle_localization,48,1.0,1.0,0.0
288,0,False,random_checkpoint,24,0.0,0.0,0.0
288,0,False,earliest_eligible,8,0.0,0.0,0.0
288,0,False,normalized_quarter,16,0.0,0.0,0.0
288,0,False,normalized_midpoint,32,0.0,0.0,0.0
288,0,False,normalized_three_quarter,48,0.0,0.0,0.0
288,0,False,confidence_low,8,0.0,0.0,0.0
288,0,False,entropy_high,8,0.0,0.0,0.0
288,0,False,mask_ratio,8,0.0,0.0,0.0
288,0,False,oof_state_value,24,0.0,0.0,0.0
288,0,False,oracle_localization,8,0.0,0.0,0.0
289,0,True,random_checkpoint,8,1.0,0.625,-0.375
289,0,True,earliest_eligible,8,1.0,0.625,-0.375
289,0,True,normalized_quarter,16,1.0,0.875,-0.125
289,0,True,normalized_midpoint,32,1.0,1.0,0.0
289,0,True,normalized_three_quarter,48,1.0,1.0,0.0
289,0,True,confidence_low,8,1.0,0.625,-0.375
289,0,True,entropy_high,8,1.0,0.625,-0.375
289,0,True,mask_ratio,8,1.0,0.625,-0.375
289,0,True,oof_state_value,24,1.0,1.0,0.0
289,0,True,oracle_localization,16,1.0,0.875,-0.125
289,6,False,random_checkpoint,40,0.0,0.0,0.0
289,6,False,earliest_eligible,8,0.25,0.25,0.0
289,6,False,normalized_quarter,16,0.625,0.125,-0.5
289,6,False,normalized_midpoint,32,0.0,0.0,0.0
289,6,False,normalized_three_quarter,48,0.0,0.0,0.0
289,6,False,confidence_low,8,0.25,0.25,0.0
289,6,False,entropy_high,8,0.25,0.25,0.0
289,6,False,mask_ratio,8,0.25,0.25,0.0
289,6,False,oof_state_value,32,0.0,0.0,0.0
289,6,False,oracle_localization,8,0.25,0.25,0.0
290,0,False,random_checkpoint,8,0.0,0.0,0.0
290,0,False,earliest_eligible,8,0.0,0.0,0.0
290,0,False,normalized_quarter,16,0.0,0.0,0.0
290,0,False,normalized_midpoint,32,0.0,0.0,0.0
290,0,False,normalized_three_quarter,48,0.0,0.0,0.0
290,0,False,confidence_low,8,0.0,0.0,0.0
290,0,False,entropy_high,8,0.0,0.0,0.0
290,0,False,mask_ratio,8,0.0,0.0,0.0
290,0,False,oof_state_value,24,0.0,0.0,0.0
290,0,False,oracle_localization,8,0.0,0.0,0.0
291,0,False,random_checkpoint,56,0.0,0.0,0.0
291,0,False,earliest_eligible,8,0.0,0.0,0.0
291,0,False,normalized_quarter,16,0.0,0.0,0.0
291,0,False,normalized_midpoint,32,0.0,0.0,0.0
291,0,False,normalized_three_quarter,48,0.0,0.0,0.0
291,0,False,confidence_low,16,0.0,0.0,0.0
291,0,False,entropy_high,8,0.0,0.0,0.0
291,0,False,mask_ratio,8,0.0,0.0,0.0
291,0,False,oof_state_value,40,0.0,0.0,0.0
291,0,False,oracle_localization,8,0.0,0.0,0.0
292,0,False,random_checkpoint,40,0.0,0.0,0.0
292,0,False,earliest_eligible,8,0.0,0.0,0.0
292,0,False,normalized_quarter,16,0.0,0.0,0.0
292,0,False,normalized_midpoint,32,0.0,0.0,0.0
292,0,False,normalized_three_quarter,48,0.0,0.0,0.0
292,0,False,confidence_low,8,0.0,0.0,0.0
292,0,False,entropy_high,8,0.0,0.0,0.0
292,0,False,mask_ratio,8,0.0,0.0,0.0
292,0,False,oof_state_value,40,0.0,0.0,0.0
292,0,False,oracle_localization,8,0.0,0.0,0.0
293,0,False,random_checkpoint,8,0.0,0.0,0.0
293,0,False,earliest_eligible,8,0.0,0.0,0.0
293,0,False,normalized_quarter,16,0.0,0.0,0.0
293,0,False,normalized_midpoint,32,0.0,0.0,0.0
293,0,False,normalized_three_quarter,48,0.0,0.0,0.0
293,0,False,confidence_low,8,0.0,0.0,0.0
293,0,False,entropy_high,8,0.0,0.0,0.0
293,0,False,mask_ratio,8,0.0,0.0,0.0
293,0,False,oof_state_value,40,0.0,0.0,0.0
293,0,False,oracle_localization,8,0.0,0.0,0.0
294,0,False,random_checkpoint,40,0.0,0.0,0.0
294,0,False,earliest_eligible,8,0.0,0.0,0.0
294,0,False,normalized_quarter,16,0.0,0.0,0.0
294,0,False,normalized_midpoint,32,0.0,0.0,0.0
294,0,False,normalized_three_quarter,48,0.0,0.0,0.0
294,0,False,confidence_low,8,0.0,0.0,0.0
294,0,False,entropy_high,8,0.0,0.0,0.0
294,0,False,mask_ratio,8,0.0,0.0,0.0
294,0,False,oof_state_value,48,0.0,0.0,0.0
294,0,False,oracle_localization,8,0.0,0.0,0.0
295,0,False,random_checkpoint,32,0.0,0.0,0.0
295,0,False,earliest_eligible,8,0.0,0.0,0.0
295,0,False,normalized_quarter,16,0.0,0.0,0.0
295,0,False,normalized_midpoint,32,0.0,0.0,0.0
295,0,False,normalized_three_quarter,48,0.0,0.0,0.0
295,0,False,confidence_low,8,0.0,0.0,0.0
295,0,False,entropy_high,8,0.0,0.0,0.0
295,0,False,mask_ratio,8,0.0,0.0,0.0
295,0,False,oof_state_value,56,0.0,0.0,0.0
295,0,False,oracle_localization,8,0.0,0.0,0.0
296,0,False,random_checkpoint,56,0.0,0.0,0.0
296,0,False,earliest_eligible,8,0.125,0.0,-0.125
296,0,False,normalized_quarter,16,0.0,0.0,0.0
296,0,False,normalized_midpoint,32,0.0,0.0,0.0
296,0,False,normalized_three_quarter,48,0.0,0.0,0.0
296,0,False,confidence_low,8,0.125,0.0,-0.125
296,0,False,entropy_high,8,0.125,0.0,-0.125
296,0,False,mask_ratio,8,0.125,0.0,-0.125
296,0,False,oof_state_value,48,0.0,0.0,0.0
296,0,False,oracle_localization,16,0.0,0.0,0.0
296,3,True,random_checkpoint,56,1.0,1.0,0.0
296,3,True,earliest_eligible,8,0.125,0.125,0.0
296,3,True,normalized_quarter,16,0.0,0.25,0.25
296,3,True,normalized_midpoint,32,1.0,0.125,-0.875
296,3,True,normalized_three_quarter,48,1.0,1.0,0.0
296,3,True,confidence_low,8,0.125,0.125,0.0
296,3,True,entropy_high,8,0.125,0.125,0.0
296,3,True,mask_ratio,8,0.125,0.125,0.0
296,3,True,oof_state_value,56,1.0,1.0,0.0
296,3,True,oracle_localization,24,1.0,1.0,0.0
297,0,False,random_checkpoint,8,0.0,0.0,0.0
297,0,False,earliest_eligible,8,0.0,0.0,0.0
297,0,False,normalized_quarter,16,0.0,0.0,0.0
297,0,False,normalized_midpoint,32,0.0,0.0,0.0
297,0,False,normalized_three_quarter,48,0.0,0.0,0.0
297,0,False,confidence_low,8,0.0,0.0,0.0
297,0,False,entropy_high,8,0.0,0.0,0.0
297,0,False,mask_ratio,8,0.0,0.0,0.0
297,0,False,oof_state_value,56,0.0,0.0,0.0
297,0,False,oracle_localization,8,0.0,0.0,0.0
298,0,False,random_checkpoint,40,0.0,0.0,0.0
298,0,False,earliest_eligible,8,0.0,0.0,0.0
298,0,False,normalized_quarter,16,0.0,0.0,0.0
298,0,False,normalized_midpoint,32,0.0,0.0,0.0
298,0,False,normalized_three_quarter,48,0.0,0.0,0.0
298,0,False,confidence_low,8,0.0,0.0,0.0
298,0,False,entropy_high,8,0.0,0.0,0.0
298,0,False,mask_ratio,8,0.0,0.0,0.0
298,0,False,oof_state_value,24,0.0,0.0,0.0
298,0,False,oracle_localization,8,0.0,0.0,0.0
299,0,False,random_checkpoint,24,0.0,0.0,0.0
299,0,False,earliest_eligible,8,0.0,0.0,0.0
299,0,False,normalized_quarter,16,0.0,0.0,0.0
299,0,False,normalized_midpoint,32,0.0,0.0,0.0
299,0,False,normalized_three_quarter,48,0.0,0.0,0.0
299,0,False,confidence_low,8,0.0,0.0,0.0
299,0,False,entropy_high,8,0.0,0.0,0.0
299,0,False,mask_ratio,8,0.0,0.0,0.0
299,0,False,oof_state_value,40,0.0,0.0,0.0
299,0,False,oracle_localization,8,0.0,0.0,0.0
299,4,True,random_checkpoint,56,1.0,1.0,0.0
299,4,True,earliest_eligible,8,0.25,0.375,0.125
299,4,True,normalized_quarter,16,0.5,0.5,0.0
299,4,True,normalized_midpoint,32,1.0,1.0,0.0
299,4,True,normalized_three_quarter,48,1.0,1.0,0.0
299,4,True,confidence_low,8,0.25,0.375,0.125
299,4,True,entropy_high,8,0.25,0.375,0.125
299,4,True,mask_ratio,8,0.25,0.375,0.125
299,4,True,oof_state_value,56,1.0,1.0,0.0
299,4,True,oracle_localization,24,1.0,1.0,0.0
300,0,False,random_checkpoint,32,0.0,0.0,0.0
300,0,False,earliest_eligible,8,0.375,0.0,-0.375
300,0,False,normalized_quarter,16,0.0,0.25,0.25
300,0,False,normalized_midpoint,32,0.0,0.0,0.0
300,0,False,normalized_three_quarter,48,0.0,0.0,0.0
300,0,False,confidence_low,8,0.375,0.0,-0.375
300,0,False,entropy_high,8,0.375,0.0,-0.375
300,0,False,mask_ratio,8,0.375,0.0,-0.375
300,0,False,oof_state_value,48,0.0,0.0,0.0
300,0,False,oracle_localization,8,0.375,0.0,-0.375
300,1,True,random_checkpoint,8,0.875,0.875,0.0
300,1,True,earliest_eligible,8,0.875,0.875,0.0
300,1,True,normalized_quarter,16,1.0,1.0,0.0
300,1,True,normalized_midpoint,32,0.875,0.5,-0.375
300,1,True,normalized_three_quarter,48,1.0,1.0,0.0
300,1,True,confidence_low,8,0.875,0.875,0.0
300,1,True,entropy_high,8,0.875,0.875,0.0
300,1,True,mask_ratio,8,0.875,0.875,0.0
300,1,True,oof_state_value,56,1.0,1.0,0.0
300,1,True,oracle_localization,40,1.0,1.0,0.0
301,0,False,random_checkpoint,40,0.0,0.0,0.0
301,0,False,earliest_eligible,8,0.0,0.0,0.0
301,0,False,normalized_quarter,16,0.0,0.0,0.0
301,0,False,normalized_midpoint,32,0.0,0.0,0.0
301,0,False,normalized_three_quarter,48,0.0,0.0,0.0
301,0,False,confidence_low,8,0.0,0.0,0.0
301,0,False,entropy_high,8,0.0,0.0,0.0
301,0,False,mask_ratio,8,0.0,0.0,0.0
301,0,False,oof_state_value,56,0.0,0.0,0.0
301,0,False,oracle_localization,8,0.0,0.0,0.0
302,0,True,random_checkpoint,32,1.0,1.0,0.0
302,0,True,earliest_eligible,8,0.625,0.25,-0.375
302,0,True,normalized_quarter,16,0.875,1.0,0.125
302,0,True,normalized_midpoint,32,1.0,1.0,0.0
302,0,True,normalized_three_quarter,48,1.0,1.0,0.0
302,0,True,confidence_low,8,0.625,0.25,-0.375
302,0,True,entropy_high,8,0.625,0.25,-0.375
302,0,True,mask_ratio,8,0.625,0.25,-0.375
302,0,True,oof_state_value,56,1.0,1.0,0.0
302,0,True,oracle_localization,24,0.875,0.75,-0.125
302,1,False,random_checkpoint,64,0.0,,
302,1,False,earliest_eligible,8,0.75,0.875,0.125
302,1,False,normalized_quarter,16,0.0,1.0,1.0
302,1,False,normalized_midpoint,32,0.0,0.0,0.0
302,1,False,normalized_three_quarter,48,0.0,0.0,0.0
302,1,False,confidence_low,8,0.75,0.875,0.125
302,1,False,entropy_high,8,0.75,0.875,0.125
302,1,False,mask_ratio,8,0.75,0.875,0.125
302,1,False,oof_state_value,48,0.0,0.0,0.0
302,1,False,oracle_localization,8,0.75,0.875,0.125
303,0,False,random_checkpoint,16,0.0,0.0,0.0
303,0,False,earliest_eligible,8,0.0,0.0,0.0
303,0,False,normalized_quarter,16,0.0,0.0,0.0
303,0,False,normalized_midpoint,32,0.0,0.0,0.0
303,0,False,normalized_three_quarter,48,0.0,0.0,0.0
303,0,False,confidence_low,8,0.0,0.0,0.0
303,0,False,entropy_high,8,0.0,0.0,0.0
303,0,False,mask_ratio,8,0.0,0.0,0.0
303,0,False,oof_state_value,40,0.0,0.0,0.0
303,0,False,oracle_localization,8,0.0,0.0,0.0
304,0,False,random_checkpoint,56,0.0,0.0,0.0
304,0,False,earliest_eligible,8,0.0,0.125,0.125
304,0,False,normalized_quarter,16,0.0,0.0,0.0
304,0,False,normalized_midpoint,32,0.0,0.0,0.0
304,0,False,normalized_three_quarter,48,0.0,0.0,0.0
304,0,False,confidence_low,16,0.0,0.0,0.0
304,0,False,entropy_high,8,0.0,0.125,0.125
304,0,False,mask_ratio,8,0.0,0.125,0.125
304,0,False,oof_state_value,40,0.0,0.0,0.0
304,0,False,oracle_localization,16,0.0,0.0,0.0
305,0,False,random_checkpoint,16,0.0,0.0,0.0
305,0,False,earliest_eligible,8,0.0,0.0,0.0
305,0,False,normalized_quarter,16,0.0,0.0,0.0
305,0,False,normalized_midpoint,32,0.0,0.0,0.0
305,0,False,normalized_three_quarter,48,0.0,0.0,0.0
305,0,False,confidence_low,8,0.0,0.0,0.0
305,0,False,entropy_high,8,0.0,0.0,0.0
305,0,False,mask_ratio,8,0.0,0.0,0.0
305,0,False,oof_state_value,16,0.0,0.0,0.0
305,0,False,oracle_localization,8,0.0,0.0,0.0
306,0,False,random_checkpoint,16,0.0,0.0,0.0
306,0,False,earliest_eligible,8,0.0,0.0,0.0
306,0,False,normalized_quarter,16,0.0,0.0,0.0
306,0,False,normalized_midpoint,32,0.0,0.0,0.0
306,0,False,normalized_three_quarter,48,0.0,0.0,0.0
306,0,False,confidence_low,8,0.0,0.0,0.0
306,0,False,entropy_high,8,0.0,0.0,0.0
306,0,False,mask_ratio,8,0.0,0.0,0.0
306,0,False,oof_state_value,56,0.0,0.0,0.0
306,0,False,oracle_localization,8,0.0,0.0,0.0
307,0,False,random_checkpoint,32,0.0,0.0,0.0
307,0,False,earliest_eligible,8,0.0,0.0,0.0
307,0,False,normalized_quarter,16,0.0,0.0,0.0
307,0,False,normalized_midpoint,32,0.0,0.0,0.0
307,0,False,normalized_three_quarter,48,0.0,0.0,0.0
307,0,False,confidence_low,8,0.0,0.0,0.0
307,0,False,entropy_high,8,0.0,0.0,0.0
307,0,False,mask_ratio,8,0.0,0.0,0.0
307,0,False,oof_state_value,24,0.0,0.0,0.0
307,0,False,oracle_localization,8,0.0,0.0,0.0
308,0,False,random_checkpoint,16,0.0,0.0,0.0
308,0,False,earliest_eligible,8,0.0,0.0,0.0
308,0,False,normalized_quarter,16,0.0,0.0,0.0
308,0,False,normalized_midpoint,32,0.0,0.0,0.0
308,0,False,normalized_three_quarter,48,0.0,0.0,0.0
308,0,False,confidence_low,8,0.0,0.0,0.0
308,0,False,entropy_high,8,0.0,0.0,0.0
308,0,False,mask_ratio,8,0.0,0.0,0.0
308,0,False,oof_state_value,40,0.0,0.0,0.0
308,0,False,oracle_localization,8,0.0,0.0,0.0
309,0,False,random_checkpoint,32,0.0,0.0,0.0
309,0,False,earliest_eligible,8,0.125,0.0,-0.125
309,0,False,normalized_quarter,16,0.0,0.0,0.0
309,0,False,normalized_midpoint,32,0.0,0.0,0.0
309,0,False,normalized_three_quarter,48,0.0,0.0,0.0
309,0,False,confidence_low,8,0.125,0.0,-0.125
309,0,False,entropy_high,8,0.125,0.0,-0.125
309,0,False,mask_ratio,8,0.125,0.0,-0.125
309,0,False,oof_state_value,16,0.0,0.0,0.0
309,0,False,oracle_localization,8,0.125,0.0,-0.125
310,0,False,random_checkpoint,8,0.0,0.0,0.0
310,0,False,earliest_eligible,8,0.0,0.0,0.0
310,0,False,normalized_quarter,16,0.0,0.0,0.0
310,0,False,normalized_midpoint,32,0.0,0.0,0.0
310,0,False,normalized_three_quarter,48,0.0,0.0,0.0
310,0,False,confidence_low,8,0.0,0.0,0.0
310,0,False,entropy_high,8,0.0,0.0,0.0
310,0,False,mask_ratio,8,0.0,0.0,0.0
310,0,False,oof_state_value,56,0.0,0.0,0.0
310,0,False,oracle_localization,8,0.0,0.0,0.0
311,0,False,random_checkpoint,32,0.0,0.0,0.0
311,0,False,earliest_eligible,8,0.0,0.0,0.0
311,0,False,normalized_quarter,16,0.0,0.0,0.0
311,0,False,normalized_midpoint,32,0.0,0.0,0.0
311,0,False,normalized_three_quarter,48,0.0,0.0,0.0
311,0,False,confidence_low,8,0.0,0.0,0.0
311,0,False,entropy_high,8,0.0,0.0,0.0
311,0,False,mask_ratio,8,0.0,0.0,0.0
311,0,False,oof_state_value,48,0.0,0.0,0.0
311,0,False,oracle_localization,8,0.0,0.0,0.0
311,5,True,random_checkpoint,16,0.125,0.125,0.0
311,5,True,earliest_eligible,8,0.0,0.0,0.0
311,5,True,normalized_quarter,16,0.125,0.125,0.0
311,5,True,normalized_midpoint,32,1.0,1.0,0.0
311,5,True,normalized_three_quarter,48,1.0,1.0,0.0
311,5,True,confidence_low,8,0.0,0.0,0.0
311,5,True,entropy_high,8,0.0,0.0,0.0
311,5,True,mask_ratio,8,0.0,0.0,0.0
311,5,True,oof_state_value,56,1.0,1.0,0.0
311,5,True,oracle_localization,32,1.0,1.0,0.0
312,0,True,random_checkpoint,48,1.0,1.0,0.0
312,0,True,earliest_eligible,8,0.625,0.875,0.25
312,0,True,normalized_quarter,16,0.875,1.0,0.125
312,0,True,normalized_midpoint,32,1.0,1.0,0.0
312,0,True,normalized_three_quarter,48,1.0,1.0,0.0
312,0,True,confidence_low,8,0.625,0.875,0.25
312,0,True,entropy_high,8,0.625,0.875,0.25
312,0,True,mask_ratio,8,0.625,0.875,0.25
312,0,True,oof_state_value,48,1.0,1.0,0.0
312,0,True,oracle_localization,16,0.875,1.0,0.125
312,1,False,random_checkpoint,56,0.0,0.0,0.0
312,1,False,earliest_eligible,8,0.625,0.75,0.125
312,1,False,normalized_quarter,16,0.25,1.0,0.75
312,1,False,normalized_midpoint,32,0.0,0.0,0.0
312,1,False,normalized_three_quarter,48,0.0,0.0,0.0
312,1,False,confidence_low,8,0.625,0.75,0.125
312,1,False,entropy_high,8,0.625,0.75,0.125
312,1,False,mask_ratio,8,0.625,0.75,0.125
312,1,False,oof_state_value,56,0.0,0.0,0.0
312,1,False,oracle_localization,8,0.625,0.75,0.125
313,0,False,random_checkpoint,64,0.0,,
313,0,False,earliest_eligible,8,0.0,0.0,0.0
313,0,False,normalized_quarter,16,0.0,0.0,0.0
313,0,False,normalized_midpoint,32,0.0,0.0,0.0
313,0,False,normalized_three_quarter,48,0.0,0.0,0.0
313,0,False,confidence_low,8,0.0,0.0,0.0
313,0,False,entropy_high,8,0.0,0.0,0.0
313,0,False,mask_ratio,8,0.0,0.0,0.0
313,0,False,oof_state_value,56,0.0,0.0,0.0
313,0,False,oracle_localization,8,0.0,0.0,0.0
313,1,True,random_checkpoint,56,1.0,1.0,0.0
313,1,True,earliest_eligible,8,1.0,1.0,0.0
313,1,True,normalized_quarter,16,1.0,1.0,0.0
313,1,True,normalized_midpoint,32,1.0,1.0,0.0
313,1,True,normalized_three_quarter,48,1.0,1.0,0.0
313,1,True,confidence_low,8,1.0,1.0,0.0
313,1,True,entropy_high,8,1.0,1.0,0.0
313,1,True,mask_ratio,8,1.0,1.0,0.0
313,1,True,oof_state_value,40,1.0,1.0,0.0
313,1,True,oracle_localization,8,1.0,1.0,0.0
314,0,False,random_checkpoint,56,0.0,0.0,0.0
314,0,False,earliest_eligible,8,0.0,0.0,0.0
314,0,False,normalized_quarter,16,0.0,0.0,0.0
314,0,False,normalized_midpoint,32,0.0,0.0,0.0
314,0,False,normalized_three_quarter,48,0.0,0.0,0.0
314,0,False,confidence_low,8,0.0,0.0,0.0
314,0,False,entropy_high,8,0.0,0.0,0.0
314,0,False,mask_ratio,8,0.0,0.0,0.0
314,0,False,oof_state_value,48,0.0,0.0,0.0
314,0,False,oracle_localization,8,0.0,0.0,0.0
314,1,True,random_checkpoint,40,1.0,1.0,0.0
314,1,True,earliest_eligible,8,0.375,0.375,0.0
314,1,True,normalized_quarter,16,0.75,0.5,-0.25
314,1,True,normalized_midpoint,32,1.0,0.875,-0.125
314,1,True,normalized_three_quarter,48,1.0,1.0,0.0
314,1,True,confidence_low,8,0.375,0.375,0.0
314,1,True,entropy_high,8,0.375,0.375,0.0
314,1,True,mask_ratio,8,0.375,0.375,0.0
314,1,True,oof_state_value,16,0.75,0.5,-0.25
314,1,True,oracle_localization,32,1.0,0.875,-0.125
315,0,True,random_checkpoint,64,1.0,,
315,0,True,earliest_eligible,8,0.0,0.0,0.0
315,0,True,normalized_quarter,16,0.5,0.25,-0.25
315,0,True,normalized_midpoint,32,1.0,1.0,0.0
315,0,True,normalized_three_quarter,48,1.0,1.0,0.0
315,0,True,confidence_low,8,0.0,0.0,0.0
315,0,True,entropy_high,8,0.0,0.0,0.0
315,0,True,mask_ratio,8,0.0,0.0,0.0
315,0,True,oof_state_value,56,1.0,1.0,0.0
315,0,True,oracle_localization,24,0.875,0.5,-0.375
315,1,False,random_checkpoint,40,0.0,0.0,0.0
315,1,False,earliest_eligible,8,0.0,0.125,0.125
315,1,False,normalized_quarter,16,0.0,0.0,0.0
315,1,False,normalized_midpoint,32,0.0,0.0,0.0
315,1,False,normalized_three_quarter,48,0.0,0.0,0.0
315,1,False,confidence_low,8,0.0,0.125,0.125
315,1,False,entropy_high,8,0.0,0.125,0.125
315,1,False,mask_ratio,8,0.0,0.125,0.125
315,1,False,oof_state_value,56,0.0,0.0,0.0
315,1,False,oracle_localization,8,0.0,0.125,0.125
316,0,False,random_checkpoint,16,0.0,0.0,0.0
316,0,False,earliest_eligible,8,0.0,0.0,0.0
316,0,False,normalized_quarter,16,0.0,0.0,0.0
316,0,False,normalized_midpoint,32,0.0,0.0,0.0
316,0,False,normalized_three_quarter,48,0.0,0.0,0.0
316,0,False,confidence_low,8,0.0,0.0,0.0
316,0,False,entropy_high,8,0.0,0.0,0.0
316,0,False,mask_ratio,8,0.0,0.0,0.0
316,0,False,oof_state_value,40,0.0,0.0,0.0
316,0,False,oracle_localization,24,0.5,0.125,-0.375
317,0,True,random_checkpoint,48,1.0,1.0,0.0
317,0,True,earliest_eligible,8,0.0,0.0,0.0
317,0,True,normalized_quarter,16,0.0,0.0,0.0
317,0,True,normalized_midpoint,32,0.0,0.0,0.0
317,0,True,normalized_three_quarter,48,1.0,1.0,0.0
317,0,True,confidence_low,8,0.0,0.0,0.0
317,0,True,entropy_high,8,0.0,0.0,0.0
317,0,True,mask_ratio,8,0.0,0.0,0.0
317,0,True,oof_state_value,48,1.0,1.0,0.0
317,0,True,oracle_localization,40,1.0,1.0,0.0
317,1,False,random_checkpoint,56,0.0,0.0,0.0
317,1,False,earliest_eligible,8,0.0,0.0,0.0
317,1,False,normalized_quarter,16,0.0,0.0,0.0
317,1,False,normalized_midpoint,32,0.0,0.0,0.0
317,1,False,normalized_three_quarter,48,0.0,0.0,0.0
317,1,False,confidence_low,8,0.0,0.0,0.0
317,1,False,entropy_high,8,0.0,0.0,0.0
317,1,False,mask_ratio,8,0.0,0.0,0.0
317,1,False,oof_state_value,24,0.0,0.0,0.0
317,1,False,oracle_localization,8,0.0,0.0,0.0
318,0,False,random_checkpoint,40,0.0,0.0,0.0
318,0,False,earliest_eligible,8,0.0,0.0,0.0
318,0,False,normalized_quarter,16,0.0,0.0,0.0
318,0,False,normalized_midpoint,32,0.0,0.0,0.0
318,0,False,normalized_three_quarter,48,0.0,0.0,0.0
318,0,False,confidence_low,8,0.0,0.0,0.0
318,0,False,entropy_high,8,0.0,0.0,0.0
318,0,False,mask_ratio,8,0.0,0.0,0.0
318,0,False,oof_state_value,56,0.0,0.0,0.0
318,0,False,oracle_localization,8,0.0,0.0,0.0
319,0,False,random_checkpoint,40,0.0,0.0,0.0
319,0,False,earliest_eligible,8,0.0,0.0,0.0
319,0,False,normalized_quarter,16,0.0,0.0,0.0
319,0,False,normalized_midpoint,32,0.0,0.0,0.0
319,0,False,normalized_three_quarter,48,0.0,0.0,0.0
319,0,False,confidence_low,8,0.0,0.0,0.0
319,0,False,entropy_high,8,0.0,0.0,0.0
319,0,False,mask_ratio,8,0.0,0.0,0.0
319,0,False,oof_state_value,16,0.0,0.0,0.0
319,0,False,oracle_localization,8,0.0,0.0,0.0
320,0,False,random_checkpoint,40,0.0,0.0,0.0
320,0,False,earliest_eligible,8,0.0,0.0,0.0
320,0,False,normalized_quarter,16,0.0,0.0,0.0
320,0,False,normalized_midpoint,32,0.0,0.0,0.0
320,0,False,normalized_three_quarter,48,0.0,0.0,0.0
320,0,False,confidence_low,8,0.0,0.0,0.0
320,0,False,entropy_high,8,0.0,0.0,0.0
320,0,False,mask_ratio,8,0.0,0.0,0.0
320,0,False,oof_state_value,40,0.0,0.0,0.0
320,0,False,oracle_localization,8,0.0,0.0,0.0
321,0,False,random_checkpoint,40,0.125,0.0,-0.125
321,0,False,earliest_eligible,8,0.0,0.0,0.0
321,0,False,normalized_quarter,16,0.0,0.0,0.0
321,0,False,normalized_midpoint,32,0.0,0.0,0.0
321,0,False,normalized_three_quarter,48,0.0,0.0,0.0
321,0,False,confidence_low,16,0.0,0.0,0.0
321,0,False,entropy_high,8,0.0,0.0,0.0
321,0,False,mask_ratio,8,0.0,0.0,0.0
321,0,False,oof_state_value,48,0.0,0.0,0.0
321,0,False,oracle_localization,8,0.0,0.0,0.0
322,0,False,random_checkpoint,32,0.0,0.0,0.0
322,0,False,earliest_eligible,8,0.125,0.0,-0.125
322,0,False,normalized_quarter,16,0.0,0.0,0.0
322,0,False,normalized_midpoint,32,0.0,0.0,0.0
322,0,False,normalized_three_quarter,48,0.0,0.0,0.0
322,0,False,confidence_low,8,0.125,0.0,-0.125
322,0,False,entropy_high,8,0.125,0.0,-0.125
322,0,False,mask_ratio,8,0.125,0.0,-0.125
322,0,False,oof_state_value,32,0.0,0.0,0.0
322,0,False,oracle_localization,24,0.125,0.25,0.125
323,0,False,random_checkpoint,40,0.0,0.0,0.0
323,0,False,earliest_eligible,8,0.5,0.25,-0.25
323,0,False,normalized_quarter,16,0.0,0.0,0.0
323,0,False,normalized_midpoint,32,0.0,0.0,0.0
323,0,False,normalized_three_quarter,48,0.0,0.0,0.0
323,0,False,confidence_low,8,0.5,0.25,-0.25
323,0,False,entropy_high,8,0.5,0.25,-0.25
323,0,False,mask_ratio,8,0.5,0.25,-0.25
323,0,False,oof_state_value,24,0.0,0.0,0.0
323,0,False,oracle_localization,8,0.5,0.25,-0.25
323,1,True,random_checkpoint,8,0.75,0.0,-0.75
323,1,True,earliest_eligible,8,0.75,0.0,-0.75
323,1,True,normalized_quarter,16,1.0,1.0,0.0
323,1,True,normalized_midpoint,32,1.0,0.375,-0.625
323,1,True,normalized_three_quarter,48,1.0,0.75,-0.25
323,1,True,confidence_low,8,0.75,0.0,-0.75
323,1,True,entropy_high,8,0.75,0.0,-0.75
323,1,True,mask_ratio,8,0.75,0.0,-0.75
323,1,True,oof_state_value,56,1.0,0.875,-0.125
323,1,True,oracle_localization,24,1.0,1.0,0.0
324,0,False,random_checkpoint,64,0.0,,
324,0,False,earliest_eligible,8,0.0,0.0,0.0
324,0,False,normalized_quarter,16,0.0,0.0,0.0
324,0,False,normalized_midpoint,32,0.0,0.0,0.0
324,0,False,normalized_three_quarter,48,0.0,0.0,0.0
324,0,False,confidence_low,8,0.0,0.0,0.0
324,0,False,entropy_high,8,0.0,0.0,0.0
324,0,False,mask_ratio,8,0.0,0.0,0.0
324,0,False,oof_state_value,40,0.0,0.0,0.0
324,0,False,oracle_localization,8,0.0,0.0,0.0
325,0,False,random_checkpoint,64,0.0,,
325,0,False,earliest_eligible,8,0.25,0.125,-0.125
325,0,False,normalized_quarter,16,0.0,0.0,0.0
325,0,False,normalized_midpoint,32,0.0,0.0,0.0
325,0,False,normalized_three_quarter,48,0.0,0.0,0.0
325,0,False,confidence_low,8,0.25,0.125,-0.125
325,0,False,entropy_high,8,0.25,0.125,-0.125
325,0,False,mask_ratio,8,0.25,0.125,-0.125
325,0,False,oof_state_value,48,0.0,0.0,0.0
325,0,False,oracle_localization,8,0.25,0.125,-0.125
326,0,False,random_checkpoint,64,0.0,,
326,0,False,earliest_eligible,8,0.0,0.0,0.0
326,0,False,normalized_quarter,16,0.0,0.0,0.0
326,0,False,normalized_midpoint,32,0.0,0.0,0.0
326,0,False,normalized_three_quarter,48,0.0,0.0,0.0
326,0,False,confidence_low,8,0.0,0.0,0.0
326,0,False,entropy_high,8,0.0,0.0,0.0
326,0,False,mask_ratio,8,0.0,0.0,0.0
326,0,False,oof_state_value,32,0.0,0.0,0.0
326,0,False,oracle_localization,8,0.0,0.0,0.0
327,0,False,random_checkpoint,8,0.0,0.125,0.125
327,0,False,earliest_eligible,8,0.0,0.125,0.125
327,0,False,normalized_quarter,16,0.0,0.0,0.0
327,0,False,normalized_midpoint,32,0.0,0.0,0.0
327,0,False,normalized_three_quarter,48,0.0,0.0,0.0
327,0,False,confidence_low,8,0.0,0.125,0.125
327,0,False,entropy_high,8,0.0,0.125,0.125
327,0,False,mask_ratio,8,0.0,0.125,0.125
327,0,False,oof_state_value,16,0.0,0.0,0.0
327,0,False,oracle_localization,8,0.0,0.125,0.125
328,0,False,random_checkpoint,56,0.0,0.0,0.0
328,0,False,earliest_eligible,8,0.0,0.0,0.0
328,0,False,normalized_quarter,16,0.0,0.0,0.0
328,0,False,normalized_midpoint,32,0.0,0.0,0.0
328,0,False,normalized_three_quarter,48,0.0,0.0,0.0
328,0,False,confidence_low,8,0.0,0.0,0.0
328,0,False,entropy_high,8,0.0,0.0,0.0
328,0,False,mask_ratio,8,0.0,0.0,0.0
328,0,False,oof_state_value,48,0.0,0.0,0.0
328,0,False,oracle_localization,8,0.0,0.0,0.0
328,1,True,random_checkpoint,40,1.0,1.0,0.0
328,1,True,earliest_eligible,8,0.125,0.0,-0.125
328,1,True,normalized_quarter,16,1.0,1.0,0.0
328,1,True,normalized_midpoint,32,1.0,1.0,0.0
328,1,True,normalized_three_quarter,48,1.0,1.0,0.0
328,1,True,confidence_low,8,0.125,0.0,-0.125
328,1,True,entropy_high,8,0.125,0.0,-0.125
328,1,True,mask_ratio,8,0.125,0.0,-0.125
328,1,True,oof_state_value,48,1.0,1.0,0.0
328,1,True,oracle_localization,16,1.0,1.0,0.0
329,0,False,random_checkpoint,40,0.0,0.0,0.0
329,0,False,earliest_eligible,8,0.0,0.0,0.0
329,0,False,normalized_quarter,16,0.0,0.0,0.0
329,0,False,normalized_midpoint,32,0.0,0.0,0.0
329,0,False,normalized_three_quarter,48,0.0,0.0,0.0
329,0,False,confidence_low,8,0.0,0.0,0.0
329,0,False,entropy_high,8,0.0,0.0,0.0
329,0,False,mask_ratio,8,0.0,0.0,0.0
329,0,False,oof_state_value,48,0.0,0.0,0.0
329,0,False,oracle_localization,8,0.0,0.0,0.0
330,0,False,random_checkpoint,40,0.0,0.0,0.0
330,0,False,earliest_eligible,8,0.0,0.0,0.0
330,0,False,normalized_quarter,16,0.0,0.0,0.0
330,0,False,normalized_midpoint,32,0.0,0.0,0.0
330,0,False,normalized_three_quarter,48,0.0,0.0,0.0
330,0,False,confidence_low,8,0.0,0.0,0.0
330,0,False,entropy_high,8,0.0,0.0,0.0
330,0,False,mask_ratio,8,0.0,0.0,0.0
330,0,False,oof_state_value,56,0.0,0.0,0.0
330,0,False,oracle_localization,8,0.0,0.0,0.0
331,0,False,random_checkpoint,40,0.0,0.0,0.0
331,0,False,earliest_eligible,8,0.0,0.0,0.0
331,0,False,normalized_quarter,16,0.0,0.0,0.0
331,0,False,normalized_midpoint,32,0.0,0.0,0.0
331,0,False,normalized_three_quarter,48,0.0,0.0,0.0
331,0,False,confidence_low,8,0.0,0.0,0.0
331,0,False,entropy_high,8,0.0,0.0,0.0
331,0,False,mask_ratio,8,0.0,0.0,0.0
331,0,False,oof_state_value,24,0.0,0.0,0.0
331,0,False,oracle_localization,8,0.0,0.0,0.0
332,0,False,random_checkpoint,56,0.0,0.0,0.0
332,0,False,earliest_eligible,8,0.25,0.0,-0.25
332,0,False,normalized_quarter,16,0.0,0.0,0.0
332,0,False,normalized_midpoint,32,0.0,0.0,0.0
332,0,False,normalized_three_quarter,48,0.0,0.0,0.0
332,0,False,confidence_low,8,0.25,0.0,-0.25
332,0,False,entropy_high,8,0.25,0.0,-0.25
332,0,False,mask_ratio,8,0.25,0.0,-0.25
332,0,False,oof_state_value,56,0.0,0.0,0.0
332,0,False,oracle_localization,8,0.25,0.0,-0.25
332,2,True,random_checkpoint,8,0.125,0.125,0.0
332,2,True,earliest_eligible,8,0.125,0.125,0.0
332,2,True,normalized_quarter,16,1.0,1.0,0.0
332,2,True,normalized_midpoint,32,1.0,1.0,0.0
332,2,True,normalized_three_quarter,48,1.0,1.0,0.0
332,2,True,confidence_low,8,0.125,0.125,0.0
332,2,True,entropy_high,8,0.125,0.125,0.0
332,2,True,mask_ratio,8,0.125,0.125,0.0
332,2,True,oof_state_value,56,1.0,1.0,0.0
332,2,True,oracle_localization,16,1.0,1.0,0.0
333,0,False,random_checkpoint,40,0.0,0.0,0.0
333,0,False,earliest_eligible,8,0.125,0.125,0.0
333,0,False,normalized_quarter,16,0.25,0.5,0.25
333,0,False,normalized_midpoint,32,0.25,0.25,0.0
333,0,False,normalized_three_quarter,48,0.0,0.0,0.0
333,0,False,confidence_low,8,0.125,0.125,0.0
333,0,False,entropy_high,8,0.125,0.125,0.0
333,0,False,mask_ratio,8,0.125,0.125,0.0
333,0,False,oof_state_value,56,0.0,0.0,0.0
333,0,False,oracle_localization,8,0.125,0.125,0.0
334,0,False,random_checkpoint,64,0.0,,
334,0,False,earliest_eligible,8,0.0,0.0,0.0
334,0,False,normalized_quarter,16,0.0,0.0,0.0
334,0,False,normalized_midpoint,32,0.0,0.0,0.0
334,0,False,normalized_three_quarter,48,0.0,0.0,0.0
334,0,False,confidence_low,8,0.0,0.0,0.0
334,0,False,entropy_high,8,0.0,0.0,0.0
334,0,False,mask_ratio,8,0.0,0.0,0.0
334,0,False,oof_state_value,32,0.0,0.0,0.0
334,0,False,oracle_localization,8,0.0,0.0,0.0
335,0,False,random_checkpoint,40,0.0,0.0,0.0
335,0,False,earliest_eligible,8,0.0,0.0,0.0
335,0,False,normalized_quarter,16,0.0,0.0,0.0
335,0,False,normalized_midpoint,32,0.0,0.0,0.0
335,0,False,normalized_three_quarter,48,0.0,0.0,0.0
335,0,False,confidence_low,8,0.0,0.0,0.0
335,0,False,entropy_high,8,0.0,0.0,0.0
335,0,False,mask_ratio,8,0.0,0.0,0.0
335,0,False,oof_state_value,24,0.0,0.0,0.0
335,0,False,oracle_localization,8,0.0,0.0,0.0
336,0,False,random_checkpoint,24,0.0,0.0,0.0
336,0,False,earliest_eligible,8,0.0,0.125,0.125
336,0,False,normalized_quarter,16,0.0,0.0,0.0
336,0,False,normalized_midpoint,32,0.0,0.0,0.0
336,0,False,normalized_three_quarter,48,0.0,0.0,0.0
336,0,False,confidence_low,8,0.0,0.125,0.125
336,0,False,entropy_high,8,0.0,0.125,0.125
336,0,False,mask_ratio,8,0.0,0.125,0.125
336,0,False,oof_state_value,48,0.0,0.0,0.0
336,0,False,oracle_localization,8,0.0,0.125,0.125
337,0,False,random_checkpoint,24,0.0,0.0,0.0
337,0,False,earliest_eligible,8,0.625,0.75,0.125
337,0,False,normalized_quarter,16,0.25,0.375,0.125
337,0,False,normalized_midpoint,32,0.0,0.0,0.0
337,0,False,normalized_three_quarter,48,0.0,0.0,0.0
337,0,False,confidence_low,8,0.625,0.75,0.125
337,0,False,entropy_high,8,0.625,0.75,0.125
337,0,False,mask_ratio,8,0.625,0.75,0.125
337,0,False,oof_state_value,16,0.25,0.375,0.125
337,0,False,oracle_localization,8,0.625,0.75,0.125
337,6,True,random_checkpoint,48,1.0,1.0,0.0
337,6,True,earliest_eligible,8,0.125,0.75,0.625
337,6,True,normalized_quarter,16,0.75,0.125,-0.625
337,6,True,normalized_midpoint,32,1.0,1.0,0.0
337,6,True,normalized_three_quarter,48,1.0,1.0,0.0
337,6,True,confidence_low,8,0.125,0.75,0.625
337,6,True,entropy_high,8,0.125,0.75,0.625
337,6,True,mask_ratio,8,0.125,0.75,0.625
337,6,True,oof_state_value,32,1.0,1.0,0.0
337,6,True,oracle_localization,24,1.0,1.0,0.0
338,0,False,random_checkpoint,16,0.0,0.0,0.0
338,0,False,earliest_eligible,8,0.0,0.0,0.0
338,0,False,normalized_quarter,16,0.0,0.0,0.0
338,0,False,normalized_midpoint,32,0.0,0.0,0.0
338,0,False,normalized_three_quarter,48,0.0,0.0,0.0
338,0,False,confidence_low,8,0.0,0.0,0.0
338,0,False,entropy_high,8,0.0,0.0,0.0
338,0,False,mask_ratio,8,0.0,0.0,0.0
338,0,False,oof_state_value,48,0.0,0.0,0.0
338,0,False,oracle_localization,8,0.0,0.0,0.0
339,0,False,random_checkpoint,48,0.0,0.0,0.0
339,0,False,earliest_eligible,8,0.125,0.125,0.0
339,0,False,normalized_quarter,16,0.0,0.0,0.0
339,0,False,normalized_midpoint,32,0.0,0.0,0.0
339,0,False,normalized_three_quarter,48,0.0,0.0,0.0
339,0,False,confidence_low,8,0.125,0.125,0.0
339,0,False,entropy_high,8,0.125,0.125,0.0
339,0,False,mask_ratio,8,0.125,0.125,0.0
339,0,False,oof_state_value,56,0.0,0.0,0.0
339,0,False,oracle_localization,8,0.125,0.125,0.0
339,2,True,random_checkpoint,24,1.0,1.0,0.0
339,2,True,earliest_eligible,8,0.375,0.5,0.125
339,2,True,normalized_quarter,16,1.0,1.0,0.0
339,2,True,normalized_midpoint,32,1.0,1.0,0.0
339,2,True,normalized_three_quarter,48,1.0,1.0,0.0
339,2,True,confidence_low,8,0.375,0.5,0.125
339,2,True,entropy_high,8,0.375,0.5,0.125
339,2,True,mask_ratio,8,0.375,0.5,0.125
339,2,True,oof_state_value,56,1.0,1.0,0.0
339,2,True,oracle_localization,16,1.0,1.0,0.0
340,0,False,random_checkpoint,32,0.0,0.0,0.0
340,0,False,earliest_eligible,8,0.0,0.0,0.0
340,0,False,normalized_quarter,16,0.0,0.0,0.0
340,0,False,normalized_midpoint,32,0.0,0.0,0.0
340,0,False,normalized_three_quarter,48,0.0,0.0,0.0
340,0,False,confidence_low,8,0.0,0.0,0.0
340,0,False,entropy_high,8,0.0,0.0,0.0
340,0,False,mask_ratio,8,0.0,0.0,0.0
340,0,False,oof_state_value,16,0.0,0.0,0.0
340,0,False,oracle_localization,8,0.0,0.0,0.0
340,1,True,random_checkpoint,32,0.875,0.625,-0.25
340,1,True,earliest_eligible,8,0.0,0.0,0.0
340,1,True,normalized_quarter,16,0.375,0.125,-0.25
340,1,True,normalized_midpoint,32,0.875,0.625,-0.25
340,1,True,normalized_three_quarter,48,1.0,0.625,-0.375
340,1,True,confidence_low,8,0.0,0.0,0.0
340,1,True,entropy_high,8,0.0,0.0,0.0
340,1,True,mask_ratio,8,0.0,0.0,0.0
340,1,True,oof_state_value,56,1.0,1.0,0.0
340,1,True,oracle_localization,56,1.0,1.0,0.0
341,0,False,random_checkpoint,24,0.0,0.0,0.0
341,0,False,earliest_eligible,8,0.0,0.0,0.0
341,0,False,normalized_quarter,16,0.0,0.0,0.0
341,0,False,normalized_midpoint,32,0.0,0.0,0.0
341,0,False,normalized_three_quarter,48,0.0,0.0,0.0
341,0,False,confidence_low,8,0.0,0.0,0.0
341,0,False,entropy_high,8,0.0,0.0,0.0
341,0,False,mask_ratio,8,0.0,0.0,0.0
341,0,False,oof_state_value,24,0.0,0.0,0.0
341,0,False,oracle_localization,8,0.0,0.0,0.0
342,0,False,random_checkpoint,48,0.0,0.0,0.0
342,0,False,earliest_eligible,8,0.0,0.5,0.5
342,0,False,normalized_quarter,16,0.0,0.0,0.0
342,0,False,normalized_midpoint,32,0.0,0.0,0.0
342,0,False,normalized_three_quarter,48,0.0,0.0,0.0
342,0,False,confidence_low,8,0.0,0.5,0.5
342,0,False,entropy_high,8,0.0,0.5,0.5
342,0,False,mask_ratio,8,0.0,0.5,0.5
342,0,False,oof_state_value,32,0.0,0.0,0.0
342,0,False,oracle_localization,8,0.0,0.5,0.5
342,1,True,random_checkpoint,32,1.0,1.0,0.0
342,1,True,earliest_eligible,8,0.875,0.5,-0.375
342,1,True,normalized_quarter,16,0.375,0.5,0.125
342,1,True,normalized_midpoint,32,1.0,1.0,0.0
342,1,True,normalized_three_quarter,48,1.0,1.0,0.0
342,1,True,confidence_low,16,0.375,0.5,0.125
342,1,True,entropy_high,8,0.875,0.5,-0.375
342,1,True,mask_ratio,8,0.875,0.5,-0.375
342,1,True,oof_state_value,32,1.0,1.0,0.0
342,1,True,oracle_localization,24,1.0,1.0,0.0
343,0,False,random_checkpoint,40,0.0,0.0,0.0
343,0,False,earliest_eligible,8,0.0,0.0,0.0
343,0,False,normalized_quarter,16,0.0,0.0,0.0
343,0,False,normalized_midpoint,32,0.0,0.0,0.0
343,0,False,normalized_three_quarter,48,0.0,0.0,0.0
343,0,False,confidence_low,8,0.0,0.0,0.0
343,0,False,entropy_high,8,0.0,0.0,0.0
343,0,False,mask_ratio,8,0.0,0.0,0.0
343,0,False,oof_state_value,32,0.0,0.0,0.0
343,0,False,oracle_localization,8,0.0,0.0,0.0
344,0,False,random_checkpoint,24,0.0,0.125,0.125
344,0,False,earliest_eligible,8,0.25,0.125,-0.125
344,0,False,normalized_quarter,16,0.125,0.0,-0.125
344,0,False,normalized_midpoint,32,0.0,0.0,0.0
344,0,False,normalized_three_quarter,48,0.0,0.0,0.0
344,0,False,confidence_low,8,0.25,0.125,-0.125
344,0,False,entropy_high,8,0.25,0.125,-0.125
344,0,False,mask_ratio,8,0.25,0.125,-0.125
344,0,False,oof_state_value,56,0.0,0.0,0.0
344,0,False,oracle_localization,24,0.0,0.125,0.125
344,2,True,random_checkpoint,40,1.0,1.0,0.0
344,2,True,earliest_eligible,8,0.25,0.25,0.0
344,2,True,normalized_quarter,16,0.875,0.75,-0.125
344,2,True,normalized_midpoint,32,1.0,1.0,0.0
344,2,True,normalized_three_quarter,48,1.0,1.0,0.0
344,2,True,confidence_low,8,0.25,0.25,0.0
344,2,True,entropy_high,8,0.25,0.25,0.0
344,2,True,mask_ratio,8,0.25,0.25,0.0
344,2,True,oof_state_value,56,1.0,1.0,0.0
344,2,True,oracle_localization,16,0.875,0.75,-0.125
345,0,False,random_checkpoint,16,0.125,0.625,0.5
345,0,False,earliest_eligible,8,0.5,0.25,-0.25
345,0,False,normalized_quarter,16,0.125,0.625,0.5
345,0,False,normalized_midpoint,32,0.0,0.0,0.0
345,0,False,normalized_three_quarter,48,0.0,0.0,0.0
345,0,False,confidence_low,8,0.5,0.25,-0.25
345,0,False,entropy_high,8,0.5,0.25,-0.25
345,0,False,mask_ratio,8,0.5,0.25,-0.25
345,0,False,oof_state_value,40,0.0,0.0,0.0
345,0,False,oracle_localization,16,0.125,0.625,0.5
346,0,False,random_checkpoint,16,0.0,0.0,0.0
346,0,False,earliest_eligible,8,0.0,0.0,0.0
346,0,False,normalized_quarter,16,0.0,0.0,0.0
346,0,False,normalized_midpoint,32,0.0,0.0,0.0
346,0,False,normalized_three_quarter,48,0.0,0.0,0.0
346,0,False,confidence_low,8,0.0,0.0,0.0
346,0,False,entropy_high,8,0.0,0.0,0.0
346,0,False,mask_ratio,8,0.0,0.0,0.0
346,0,False,oof_state_value,56,0.0,0.0,0.0
346,0,False,oracle_localization,8,0.0,0.0,0.0
347,0,False,random_checkpoint,64,0.0,,
347,0,False,earliest_eligible,8,0.0,0.0,0.0
347,0,False,normalized_quarter,16,0.0,0.0,0.0
347,0,False,normalized_midpoint,32,0.0,0.0,0.0
347,0,False,normalized_three_quarter,48,0.0,0.0,0.0
347,0,False,confidence_low,8,0.0,0.0,0.0
347,0,False,entropy_high,8,0.0,0.0,0.0
347,0,False,mask_ratio,8,0.0,0.0,0.0
347,0,False,oof_state_value,40,0.0,0.0,0.0
347,0,False,oracle_localization,8,0.0,0.0,0.0
348,0,False,random_checkpoint,56,0.0,0.0,0.0
348,0,False,earliest_eligible,8,0.0,0.0,0.0
348,0,False,normalized_quarter,16,0.0,0.0,0.0
348,0,False,normalized_midpoint,32,0.0,0.0,0.0
348,0,False,normalized_three_quarter,48,0.0,0.0,0.0
348,0,False,confidence_low,8,0.0,0.0,0.0
348,0,False,entropy_high,8,0.0,0.0,0.0
348,0,False,mask_ratio,8,0.0,0.0,0.0
348,0,False,oof_state_value,56,0.0,0.0,0.0
348,0,False,oracle_localization,8,0.0,0.0,0.0
349,0,False,random_checkpoint,24,0.0,0.0,0.0
349,0,False,earliest_eligible,8,0.0,0.0,0.0
349,0,False,normalized_quarter,16,0.0,0.0,0.0
349,0,False,normalized_midpoint,32,0.0,0.0,0.0
349,0,False,normalized_three_quarter,48,0.0,0.0,0.0
349,0,False,confidence_low,8,0.0,0.0,0.0
349,0,False,entropy_high,8,0.0,0.0,0.0
349,0,False,mask_ratio,8,0.0,0.0,0.0
349,0,False,oof_state_value,48,0.0,0.0,0.0
349,0,False,oracle_localization,8,0.0,0.0,0.0
350,0,True,random_checkpoint,24,0.5,0.625,0.125
350,0,True,earliest_eligible,8,0.5,0.875,0.375
350,0,True,normalized_quarter,16,0.625,0.5,-0.125
350,0,True,normalized_midpoint,32,0.875,1.0,0.125
350,0,True,normalized_three_quarter,48,0.5,1.0,0.5
350,0,True,confidence_low,8,0.5,0.875,0.375
350,0,True,entropy_high,8,0.5,0.875,0.375
350,0,True,mask_ratio,8,0.5,0.875,0.375
350,0,True,oof_state_value,48,0.5,1.0,0.5
350,0,True,oracle_localization,8,0.5,0.875,0.375
350,2,False,random_checkpoint,32,0.0,0.0,0.0
350,2,False,earliest_eligible,8,0.625,0.75,0.125
350,2,False,normalized_quarter,16,0.375,0.5,0.125
350,2,False,normalized_midpoint,32,0.0,0.0,0.0
350,2,False,normalized_three_quarter,48,0.0,0.0,0.0
350,2,False,confidence_low,8,0.625,0.75,0.125
350,2,False,entropy_high,8,0.625,0.75,0.125
350,2,False,mask_ratio,8,0.625,0.75,0.125
350,2,False,oof_state_value,24,0.0,0.0,0.0
350,2,False,oracle_localization,16,0.375,0.5,0.125
351,0,False,random_checkpoint,32,0.0,0.0,0.0
351,0,False,earliest_eligible,8,0.0,0.0,0.0
351,0,False,normalized_quarter,16,0.0,0.0,0.0
351,0,False,normalized_midpoint,32,0.0,0.0,0.0
351,0,False,normalized_three_quarter,48,0.0,0.0,0.0
351,0,False,confidence_low,8,0.0,0.0,0.0
351,0,False,entropy_high,8,0.0,0.0,0.0
351,0,False,mask_ratio,8,0.0,0.0,0.0
351,0,False,oof_state_value,24,0.0,0.0,0.0
351,0,False,oracle_localization,8,0.0,0.0,0.0
352,0,False,random_checkpoint,56,0.0,0.0,0.0
352,0,False,earliest_eligible,8,0.0,0.0,0.0
352,0,False,normalized_quarter,16,0.0,0.0,0.0
352,0,False,normalized_midpoint,32,0.0,0.0,0.0
352,0,False,normalized_three_quarter,48,0.0,0.0,0.0
352,0,False,confidence_low,16,0.0,0.0,0.0
352,0,False,entropy_high,8,0.0,0.0,0.0
352,0,False,mask_ratio,8,0.0,0.0,0.0
352,0,False,oof_state_value,56,0.0,0.0,0.0
352,0,False,oracle_localization,8,0.0,0.0,0.0
353,0,False,random_checkpoint,16,0.0,0.0,0.0
353,0,False,earliest_eligible,8,0.0,0.125,0.125
353,0,False,normalized_quarter,16,0.0,0.0,0.0
353,0,False,normalized_midpoint,32,0.0,0.0,0.0
353,0,False,normalized_three_quarter,48,0.0,0.0,0.0
353,0,False,confidence_low,8,0.0,0.125,0.125
353,0,False,entropy_high,8,0.0,0.125,0.125
353,0,False,mask_ratio,8,0.0,0.125,0.125
353,0,False,oof_state_value,48,0.0,0.0,0.0
353,0,False,oracle_localization,8,0.0,0.125,0.125
353,6,True,random_checkpoint,24,0.375,0.25,-0.125
353,6,True,earliest_eligible,8,0.375,0.125,-0.25
353,6,True,normalized_quarter,16,0.0,0.25,0.25
353,6,True,normalized_midpoint,32,1.0,0.25,-0.75
353,6,True,normalized_three_quarter,48,1.0,1.0,0.0
353,6,True,confidence_low,8,0.375,0.125,-0.25
353,6,True,entropy_high,8,0.375,0.125,-0.25
353,6,True,mask_ratio,8,0.375,0.125,-0.25
353,6,True,oof_state_value,40,1.0,1.0,0.0
353,6,True,oracle_localization,40,1.0,1.0,0.0
354,0,False,random_checkpoint,40,0.25,0.125,-0.125
354,0,False,earliest_eligible,8,0.0,0.125,0.125
354,0,False,normalized_quarter,16,0.5,0.0,-0.5
354,0,False,normalized_midpoint,32,0.25,0.25,0.0
354,0,False,normalized_three_quarter,48,0.0,0.0,0.0
354,0,False,confidence_low,8,0.0,0.125,0.125
354,0,False,entropy_high,8,0.0,0.125,0.125
354,0,False,mask_ratio,8,0.0,0.125,0.125
354,0,False,oof_state_value,8,0.0,0.125,0.125
354,0,False,oracle_localization,8,0.0,0.125,0.125
354,2,True,random_checkpoint,56,1.0,1.0,0.0
354,2,True,earliest_eligible,8,0.375,0.25,-0.125
354,2,True,normalized_quarter,16,1.0,1.0,0.0
354,2,True,normalized_midpoint,32,1.0,1.0,0.0
354,2,True,normalized_three_quarter,48,1.0,1.0,0.0
354,2,True,confidence_low,8,0.375,0.25,-0.125
354,2,True,entropy_high,8,0.375,0.25,-0.125
354,2,True,mask_ratio,8,0.375,0.25,-0.125
354,2,True,oof_state_value,16,1.0,1.0,0.0
354,2,True,oracle_localization,16,1.0,1.0,0.0
355,0,False,random_checkpoint,24,0.0,0.0,0.0
355,0,False,earliest_eligible,8,0.0,0.0,0.0
355,0,False,normalized_quarter,16,0.0,0.0,0.0
355,0,False,normalized_midpoint,32,0.0,0.0,0.0
355,0,False,normalized_three_quarter,48,0.0,0.0,0.0
355,0,False,confidence_low,8,0.0,0.0,0.0
355,0,False,entropy_high,8,0.0,0.0,0.0
355,0,False,mask_ratio,8,0.0,0.0,0.0
355,0,False,oof_state_value,56,0.0,0.0,0.0
355,0,False,oracle_localization,8,0.0,0.0,0.0
356,0,False,random_checkpoint,64,0.0,,
356,0,False,earliest_eligible,8,0.0,0.0,0.0
356,0,False,normalized_quarter,16,0.0,0.0,0.0
356,0,False,normalized_midpoint,32,0.0,0.0,0.0
356,0,False,normalized_three_quarter,48,0.0,0.0,0.0
356,0,False,confidence_low,8,0.0,0.0,0.0
356,0,False,entropy_high,8,0.0,0.0,0.0
356,0,False,mask_ratio,8,0.0,0.0,0.0
356,0,False,oof_state_value,40,0.0,0.0,0.0
356,0,False,oracle_localization,8,0.0,0.0,0.0
357,0,False,random_checkpoint,64,0.0,,
357,0,False,earliest_eligible,8,0.0,0.0,0.0
357,0,False,normalized_quarter,16,0.0,0.0,0.0
357,0,False,normalized_midpoint,32,0.0,0.0,0.0
357,0,False,normalized_three_quarter,48,0.0,0.0,0.0
357,0,False,confidence_low,8,0.0,0.0,0.0
357,0,False,entropy_high,8,0.0,0.0,0.0
357,0,False,mask_ratio,8,0.0,0.0,0.0
357,0,False,oof_state_value,56,0.0,0.0,0.0
357,0,False,oracle_localization,8,0.0,0.0,0.0
357,2,True,random_checkpoint,16,0.25,0.5,0.25
357,2,True,earliest_eligible,8,0.25,0.125,-0.125
357,2,True,normalized_quarter,16,0.25,0.5,0.25
357,2,True,normalized_midpoint,32,0.375,0.25,-0.125
357,2,True,normalized_three_quarter,48,1.0,1.0,0.0
357,2,True,confidence_low,8,0.25,0.125,-0.125
357,2,True,entropy_high,8,0.25,0.125,-0.125
357,2,True,mask_ratio,8,0.25,0.125,-0.125
357,2,True,oof_state_value,32,0.375,0.25,-0.125
357,2,True,oracle_localization,40,1.0,1.0,0.0
358,0,False,random_checkpoint,56,0.0,0.0,0.0
358,0,False,earliest_eligible,8,0.125,0.0,-0.125
358,0,False,normalized_quarter,16,0.0,0.0,0.0
358,0,False,normalized_midpoint,32,0.0,0.0,0.0
358,0,False,normalized_three_quarter,48,0.0,0.0,0.0
358,0,False,confidence_low,8,0.125,0.0,-0.125
358,0,False,entropy_high,8,0.125,0.0,-0.125
358,0,False,mask_ratio,8,0.125,0.0,-0.125
358,0,False,oof_state_value,40,0.0,0.0,0.0
358,0,False,oracle_localization,8,0.125,0.0,-0.125
359,0,False,random_checkpoint,40,0.0,0.0,0.0
359,0,False,earliest_eligible,8,0.25,0.0,-0.25
359,0,False,normalized_quarter,16,0.25,0.0,-0.25
359,0,False,normalized_midpoint,32,0.5,0.0,-0.5
359,0,False,normalized_three_quarter,48,0.0,0.0,0.0
359,0,False,confidence_low,8,0.25,0.0,-0.25
359,0,False,entropy_high,8,0.25,0.0,-0.25
359,0,False,mask_ratio,8,0.25,0.0,-0.25
359,0,False,oof_state_value,16,0.25,0.0,-0.25
359,0,False,oracle_localization,16,0.25,0.0,-0.25
359,2,True,random_checkpoint,32,1.0,1.0,0.0
359,2,True,earliest_eligible,8,0.0,0.125,0.125
359,2,True,normalized_quarter,16,1.0,1.0,0.0
359,2,True,normalized_midpoint,32,1.0,1.0,0.0
359,2,True,normalized_three_quarter,48,1.0,1.0,0.0
359,2,True,confidence_low,8,0.0,0.125,0.125
359,2,True,entropy_high,8,0.0,0.125,0.125
359,2,True,mask_ratio,8,0.0,0.125,0.125
359,2,True,oof_state_value,48,1.0,1.0,0.0
359,2,True,oracle_localization,16,1.0,1.0,0.0
360,0,False,random_checkpoint,40,0.0,0.0,0.0
360,0,False,earliest_eligible,8,0.0,0.0,0.0
360,0,False,normalized_quarter,16,0.0,0.0,0.0
360,0,False,normalized_midpoint,32,0.0,0.0,0.0
360,0,False,normalized_three_quarter,48,0.0,0.0,0.0
360,0,False,confidence_low,8,0.0,0.0,0.0
360,0,False,entropy_high,8,0.0,0.0,0.0
360,0,False,mask_ratio,8,0.0,0.0,0.0
360,0,False,oof_state_value,16,0.0,0.0,0.0
360,0,False,oracle_localization,8,0.0,0.0,0.0
361,0,False,random_checkpoint,56,0.0,0.0,0.0
361,0,False,earliest_eligible,8,0.0,0.0,0.0
361,0,False,normalized_quarter,16,0.0,0.0,0.0
361,0,False,normalized_midpoint,32,0.0,0.0,0.0
361,0,False,normalized_three_quarter,48,0.0,0.0,0.0
361,0,False,confidence_low,8,0.0,0.0,0.0
361,0,False,entropy_high,8,0.0,0.0,0.0
361,0,False,mask_ratio,8,0.0,0.0,0.0
361,0,False,oof_state_value,48,0.0,0.0,0.0
361,0,False,oracle_localization,8,0.0,0.0,0.0
362,0,False,random_checkpoint,48,0.0,0.0,0.0
362,0,False,earliest_eligible,8,0.0,0.0,0.0
362,0,False,normalized_quarter,16,0.0,0.0,0.0
362,0,False,normalized_midpoint,32,0.0,0.0,0.0
362,0,False,normalized_three_quarter,48,0.0,0.0,0.0
362,0,False,confidence_low,8,0.0,0.0,0.0
362,0,False,entropy_high,8,0.0,0.0,0.0
362,0,False,mask_ratio,8,0.0,0.0,0.0
362,0,False,oof_state_value,40,0.0,0.0,0.0
362,0,False,oracle_localization,8,0.0,0.0,0.0
363,0,False,random_checkpoint,8,0.375,0.125,-0.25
363,0,False,earliest_eligible,8,0.375,0.125,-0.25
363,0,False,normalized_quarter,16,0.0,0.25,0.25
363,0,False,normalized_midpoint,32,0.0,0.0,0.0
363,0,False,normalized_three_quarter,48,0.0,0.0,0.0
363,0,False,confidence_low,8,0.375,0.125,-0.25
363,0,False,entropy_high,8,0.375,0.125,-0.25
363,0,False,mask_ratio,8,0.375,0.125,-0.25
363,0,False,oof_state_value,24,0.0,0.0,0.0
363,0,False,oracle_localization,16,0.0,0.25,0.25
363,4,True,random_checkpoint,56,1.0,1.0,0.0
363,4,True,earliest_eligible,8,0.25,0.25,0.0
363,4,True,normalized_quarter,16,0.875,0.5,-0.375
363,4,True,normalized_midpoint,32,1.0,1.0,0.0
363,4,True,normalized_three_quarter,48,1.0,1.0,0.0
363,4,True,confidence_low,8,0.25,0.25,0.0
363,4,True,entropy_high,8,0.25,0.25,0.0
363,4,True,mask_ratio,8,0.25,0.25,0.0
363,4,True,oof_state_value,40,0.875,0.875,0.0
363,4,True,oracle_localization,32,1.0,1.0,0.0
364,0,False,random_checkpoint,32,0.0,0.0,0.0
364,0,False,earliest_eligible,8,0.0,0.0,0.0
364,0,False,normalized_quarter,16,0.0,0.0,0.0
364,0,False,normalized_midpoint,32,0.0,0.0,0.0
364,0,False,normalized_three_quarter,48,0.0,0.0,0.0
364,0,False,confidence_low,8,0.0,0.0,0.0
364,0,False,entropy_high,8,0.0,0.0,0.0
364,0,False,mask_ratio,8,0.0,0.0,0.0
364,0,False,oof_state_value,40,0.0,0.0,0.0
364,0,False,oracle_localization,8,0.0,0.0,0.0
365,0,False,random_checkpoint,8,0.0,0.0,0.0
365,0,False,earliest_eligible,8,0.0,0.0,0.0
365,0,False,normalized_quarter,16,0.0,0.0,0.0
365,0,False,normalized_midpoint,32,0.0,0.0,0.0
365,0,False,normalized_three_quarter,48,0.0,0.0,0.0
365,0,False,confidence_low,8,0.0,0.0,0.0
365,0,False,entropy_high,8,0.0,0.0,0.0
365,0,False,mask_ratio,8,0.0,0.0,0.0
365,0,False,oof_state_value,56,0.0,0.0,0.0
365,0,False,oracle_localization,8,0.0,0.0,0.0
366,0,False,random_checkpoint,32,0.0,0.0,0.0
366,0,False,earliest_eligible,8,0.0,0.0,0.0
366,0,False,normalized_quarter,16,0.0,0.0,0.0
366,0,False,normalized_midpoint,32,0.0,0.0,0.0
366,0,False,normalized_three_quarter,48,0.0,0.0,0.0
366,0,False,confidence_low,8,0.0,0.0,0.0
366,0,False,entropy_high,8,0.0,0.0,0.0
366,0,False,mask_ratio,8,0.0,0.0,0.0
366,0,False,oof_state_value,56,0.0,0.0,0.0
366,0,False,oracle_localization,8,0.0,0.0,0.0
367,0,False,random_checkpoint,40,0.0,0.0,0.0
367,0,False,earliest_eligible,8,0.0,0.5,0.5
367,0,False,normalized_quarter,16,0.0,0.0,0.0
367,0,False,normalized_midpoint,32,0.0,0.0,0.0
367,0,False,normalized_three_quarter,48,0.0,0.0,0.0
367,0,False,confidence_low,8,0.0,0.5,0.5
367,0,False,entropy_high,8,0.0,0.5,0.5
367,0,False,mask_ratio,8,0.0,0.5,0.5
367,0,False,oof_state_value,56,0.0,0.0,0.0
367,0,False,oracle_localization,8,0.0,0.5,0.5
367,4,True,random_checkpoint,16,1.0,1.0,0.0
367,4,True,earliest_eligible,8,1.0,1.0,0.0
367,4,True,normalized_quarter,16,1.0,1.0,0.0
367,4,True,normalized_midpoint,32,1.0,1.0,0.0
367,4,True,normalized_three_quarter,48,1.0,1.0,0.0
367,4,True,confidence_low,8,1.0,1.0,0.0
367,4,True,entropy_high,8,1.0,1.0,0.0
367,4,True,mask_ratio,8,1.0,1.0,0.0
367,4,True,oof_state_value,24,1.0,1.0,0.0
367,4,True,oracle_localization,8,1.0,1.0,0.0
368,0,True,random_checkpoint,32,1.0,1.0,0.0
368,0,True,earliest_eligible,8,0.5,0.125,-0.375
368,0,True,normalized_quarter,16,1.0,0.875,-0.125
368,0,True,normalized_midpoint,32,1.0,1.0,0.0
368,0,True,normalized_three_quarter,48,1.0,1.0,0.0
368,0,True,confidence_low,8,0.5,0.125,-0.375
368,0,True,entropy_high,8,0.5,0.125,-0.375
368,0,True,mask_ratio,8,0.5,0.125,-0.375
368,0,True,oof_state_value,24,1.0,1.0,0.0
368,0,True,oracle_localization,16,1.0,0.875,-0.125
368,1,False,random_checkpoint,24,0.0,0.0,0.0
368,1,False,earliest_eligible,8,0.0,0.25,0.25
368,1,False,normalized_quarter,16,0.0,0.0,0.0
368,1,False,normalized_midpoint,32,0.0,0.0,0.0
368,1,False,normalized_three_quarter,48,0.0,0.0,0.0
368,1,False,confidence_low,8,0.0,0.25,0.25
368,1,False,entropy_high,8,0.0,0.25,0.25
368,1,False,mask_ratio,8,0.0,0.25,0.25
368,1,False,oof_state_value,48,0.0,0.0,0.0
368,1,False,oracle_localization,8,0.0,0.25,0.25
369,0,False,random_checkpoint,48,0.0,0.0,0.0
369,0,False,earliest_eligible,8,0.0,0.0,0.0
369,0,False,normalized_quarter,16,0.0,0.0,0.0
369,0,False,normalized_midpoint,32,0.0,0.0,0.0
369,0,False,normalized_three_quarter,48,0.0,0.0,0.0
369,0,False,confidence_low,8,0.0,0.0,0.0
369,0,False,entropy_high,8,0.0,0.0,0.0
369,0,False,mask_ratio,8,0.0,0.0,0.0
369,0,False,oof_state_value,24,0.0,0.0,0.0
369,0,False,oracle_localization,8,0.0,0.0,0.0
370,0,False,random_checkpoint,48,0.0,0.0,0.0
370,0,False,earliest_eligible,8,0.0,0.0,0.0
370,0,False,normalized_quarter,16,0.0,0.0,0.0
370,0,False,normalized_midpoint,32,0.0,0.0,0.0
370,0,False,normalized_three_quarter,48,0.0,0.0,0.0
370,0,False,confidence_low,8,0.0,0.0,0.0
370,0,False,entropy_high,8,0.0,0.0,0.0
370,0,False,mask_ratio,8,0.0,0.0,0.0
370,0,False,oof_state_value,40,0.0,0.0,0.0
370,0,False,oracle_localization,8,0.0,0.0,0.0
370,6,True,random_checkpoint,48,1.0,1.0,0.0
370,6,True,earliest_eligible,8,0.875,1.0,0.125
370,6,True,normalized_quarter,16,1.0,0.875,-0.125
370,6,True,normalized_midpoint,32,1.0,1.0,0.0
370,6,True,normalized_three_quarter,48,1.0,1.0,0.0
370,6,True,confidence_low,24,0.125,0.25,0.125
370,6,True,entropy_high,8,0.875,1.0,0.125
370,6,True,mask_ratio,8,0.875,1.0,0.125
370,6,True,oof_state_value,16,1.0,0.875,-0.125
370,6,True,oracle_localization,8,0.875,1.0,0.125
371,0,False,random_checkpoint,64,0.0,,
371,0,False,earliest_eligible,8,0.0,0.0,0.0
371,0,False,normalized_quarter,16,0.0,0.0,0.0
371,0,False,normalized_midpoint,32,0.0,0.0,0.0
371,0,False,normalized_three_quarter,48,0.0,0.0,0.0
371,0,False,confidence_low,16,0.0,0.0,0.0
371,0,False,entropy_high,8,0.0,0.0,0.0
371,0,False,mask_ratio,8,0.0,0.0,0.0
371,0,False,oof_state_value,48,0.0,0.0,0.0
371,0,False,oracle_localization,8,0.0,0.0,0.0
372,0,False,random_checkpoint,32,0.0,0.0,0.0
372,0,False,earliest_eligible,8,0.0,0.0,0.0
372,0,False,normalized_quarter,16,0.0,0.0,0.0
372,0,False,normalized_midpoint,32,0.0,0.0,0.0
372,0,False,normalized_three_quarter,48,0.0,0.0,0.0
372,0,False,confidence_low,8,0.0,0.0,0.0
372,0,False,entropy_high,8,0.0,0.0,0.0
372,0,False,mask_ratio,8,0.0,0.0,0.0
372,0,False,oof_state_value,48,0.0,0.0,0.0
372,0,False,oracle_localization,8,0.0,0.0,0.0
373,0,False,random_checkpoint,64,0.0,,
373,0,False,earliest_eligible,8,0.0,0.0,0.0
373,0,False,normalized_quarter,16,0.0,0.0,0.0
373,0,False,normalized_midpoint,32,0.0,0.0,0.0
373,0,False,normalized_three_quarter,48,0.0,0.0,0.0
373,0,False,confidence_low,8,0.0,0.0,0.0
373,0,False,entropy_high,8,0.0,0.0,0.0
373,0,False,mask_ratio,8,0.0,0.0,0.0
373,0,False,oof_state_value,48,0.0,0.0,0.0
373,0,False,oracle_localization,8,0.0,0.0,0.0
374,0,False,random_checkpoint,16,0.375,0.5,0.125
374,0,False,earliest_eligible,8,0.5,0.875,0.375
374,0,False,normalized_quarter,16,0.375,0.5,0.125
374,0,False,normalized_midpoint,32,0.0,0.0,0.0
374,0,False,normalized_three_quarter,48,0.0,0.0,0.0
374,0,False,confidence_low,8,0.5,0.875,0.375
374,0,False,entropy_high,8,0.5,0.875,0.375
374,0,False,mask_ratio,8,0.5,0.875,0.375
374,0,False,oof_state_value,24,0.0,0.0,0.0
374,0,False,oracle_localization,8,0.5,0.875,0.375
374,1,True,random_checkpoint,56,1.0,1.0,0.0
374,1,True,earliest_eligible,8,0.75,1.0,0.25
374,1,True,normalized_quarter,16,0.875,0.875,0.0
374,1,True,normalized_midpoint,32,1.0,1.0,0.0
374,1,True,normalized_three_quarter,48,1.0,1.0,0.0
374,1,True,confidence_low,8,0.75,1.0,0.25
374,1,True,entropy_high,8,0.75,1.0,0.25
374,1,True,mask_ratio,8,0.75,1.0,0.25
374,1,True,oof_state_value,32,1.0,1.0,0.0
374,1,True,oracle_localization,8,0.75,1.0,0.25
375,0,False,random_checkpoint,24,0.0,0.0,0.0
375,0,False,earliest_eligible,8,0.0,0.0,0.0
375,0,False,normalized_quarter,16,0.0,0.125,0.125
375,0,False,normalized_midpoint,32,0.0,0.0,0.0
375,0,False,normalized_three_quarter,48,0.0,0.0,0.0
375,0,False,confidence_low,8,0.0,0.0,0.0
375,0,False,entropy_high,8,0.0,0.0,0.0
375,0,False,mask_ratio,8,0.0,0.0,0.0
375,0,False,oof_state_value,32,0.0,0.0,0.0
375,0,False,oracle_localization,8,0.0,0.0,0.0
376,0,False,random_checkpoint,48,0.0,0.0,0.0
376,0,False,earliest_eligible,8,0.0,0.0,0.0
376,0,False,normalized_quarter,16,0.0,0.0,0.0
376,0,False,normalized_midpoint,32,0.0,0.0,0.0
376,0,False,normalized_three_quarter,48,0.0,0.0,0.0
376,0,False,confidence_low,8,0.0,0.0,0.0
376,0,False,entropy_high,8,0.0,0.0,0.0
376,0,False,mask_ratio,8,0.0,0.0,0.0
376,0,False,oof_state_value,40,0.0,0.0,0.0
376,0,False,oracle_localization,8,0.0,0.0,0.0
376,5,True,random_checkpoint,48,1.0,1.0,0.0
376,5,True,earliest_eligible,8,0.125,0.375,0.25
376,5,True,normalized_quarter,16,0.875,0.75,-0.125
376,5,True,normalized_midpoint,32,1.0,1.0,0.0
376,5,True,normalized_three_quarter,48,1.0,1.0,0.0
376,5,True,confidence_low,8,0.125,0.375,0.25
376,5,True,entropy_high,8,0.125,0.375,0.25
376,5,True,mask_ratio,8,0.125,0.375,0.25
376,5,True,oof_state_value,24,0.75,0.875,0.125
376,5,True,oracle_localization,16,0.875,0.75,-0.125
377,0,False,random_checkpoint,64,0.0,,
377,0,False,earliest_eligible,8,0.625,0.5,-0.125
377,0,False,normalized_quarter,16,0.0,0.0,0.0
377,0,False,normalized_midpoint,32,0.0,0.0,0.0
377,0,False,normalized_three_quarter,48,0.0,0.0,0.0
377,0,False,confidence_low,16,0.0,0.0,0.0
377,0,False,entropy_high,8,0.625,0.5,-0.125
377,0,False,mask_ratio,8,0.625,0.5,-0.125
377,0,False,oof_state_value,8,0.625,0.5,-0.125
377,0,False,oracle_localization,8,0.625,0.5,-0.125
377,1,True,random_checkpoint,32,1.0,1.0,0.0
377,1,True,earliest_eligible,8,1.0,1.0,0.0
377,1,True,normalized_quarter,16,1.0,1.0,0.0
377,1,True,normalized_midpoint,32,1.0,1.0,0.0
377,1,True,normalized_three_quarter,48,1.0,1.0,0.0
377,1,True,confidence_low,8,1.0,1.0,0.0
377,1,True,entropy_high,8,1.0,1.0,0.0
377,1,True,mask_ratio,8,1.0,1.0,0.0
377,1,True,oof_state_value,32,1.0,1.0,0.0
377,1,True,oracle_localization,8,1.0,1.0,0.0
378,0,False,random_checkpoint,24,0.0,0.0,0.0
378,0,False,earliest_eligible,8,0.0,0.25,0.25
378,0,False,normalized_quarter,16,0.0,0.0,0.0
378,0,False,normalized_midpoint,32,0.0,0.0,0.0
378,0,False,normalized_three_quarter,48,0.0,0.0,0.0
378,0,False,confidence_low,8,0.0,0.25,0.25
378,0,False,entropy_high,8,0.0,0.25,0.25
378,0,False,mask_ratio,8,0.0,0.25,0.25
378,0,False,oof_state_value,32,0.0,0.0,0.0
378,0,False,oracle_localization,8,0.0,0.25,0.25
378,1,True,random_checkpoint,40,1.0,1.0,0.0
378,1,True,earliest_eligible,8,1.0,1.0,0.0
378,1,True,normalized_quarter,16,1.0,1.0,0.0
378,1,True,normalized_midpoint,32,1.0,1.0,0.0
378,1,True,normalized_three_quarter,48,1.0,1.0,0.0
378,1,True,confidence_low,8,1.0,1.0,0.0
378,1,True,entropy_high,8,1.0,1.0,0.0
378,1,True,mask_ratio,8,1.0,1.0,0.0
378,1,True,oof_state_value,32,1.0,1.0,0.0
378,1,True,oracle_localization,8,1.0,1.0,0.0
379,0,False,random_checkpoint,32,0.0,0.0,0.0
379,0,False,earliest_eligible,8,0.0,0.125,0.125
379,0,False,normalized_quarter,16,0.0,0.0,0.0
379,0,False,normalized_midpoint,32,0.0,0.0,0.0
379,0,False,normalized_three_quarter,48,0.0,0.0,0.0
379,0,False,confidence_low,8,0.0,0.125,0.125
379,0,False,entropy_high,8,0.0,0.125,0.125
379,0,False,mask_ratio,8,0.0,0.125,0.125
379,0,False,oof_state_value,56,0.0,0.0,0.0
379,0,False,oracle_localization,8,0.0,0.125,0.125
379,6,True,random_checkpoint,24,1.0,1.0,0.0
379,6,True,earliest_eligible,8,0.5,0.375,-0.125
379,6,True,normalized_quarter,16,0.875,0.875,0.0
379,6,True,normalized_midpoint,32,1.0,1.0,0.0
379,6,True,normalized_three_quarter,48,1.0,1.0,0.0
379,6,True,confidence_low,16,0.875,0.875,0.0
379,6,True,entropy_high,8,0.5,0.375,-0.125
379,6,True,mask_ratio,8,0.5,0.375,-0.125
379,6,True,oof_state_value,40,1.0,1.0,0.0
379,6,True,oracle_localization,16,0.875,0.875,0.0
380,0,False,random_checkpoint,8,0.0,0.0,0.0
380,0,False,earliest_eligible,8,0.0,0.0,0.0
380,0,False,normalized_quarter,16,0.125,0.125,0.0
380,0,False,normalized_midpoint,32,0.0,0.0,0.0
380,0,False,normalized_three_quarter,48,0.0,0.0,0.0
380,0,False,confidence_low,8,0.0,0.0,0.0
380,0,False,entropy_high,8,0.0,0.0,0.0
380,0,False,mask_ratio,8,0.0,0.0,0.0
380,0,False,oof_state_value,48,0.0,0.0,0.0
380,0,False,oracle_localization,24,0.25,0.125,-0.125
381,0,True,random_checkpoint,56,1.0,1.0,0.0
381,0,True,earliest_eligible,8,0.5,0.375,-0.125
381,0,True,normalized_quarter,16,0.875,0.5,-0.375
381,0,True,normalized_midpoint,32,1.0,1.0,0.0
381,0,True,normalized_three_quarter,48,1.0,1.0,0.0
381,0,True,confidence_low,8,0.5,0.375,-0.125
381,0,True,entropy_high,8,0.5,0.375,-0.125
381,0,True,mask_ratio,8,0.5,0.375,-0.125
381,0,True,oof_state_value,56,1.0,1.0,0.0
381,0,True,oracle_localization,24,1.0,1.0,0.0
381,1,False,random_checkpoint,40,0.0,0.0,0.0
381,1,False,earliest_eligible,8,0.75,0.125,-0.625
381,1,False,normalized_quarter,16,0.0,0.0,0.0
381,1,False,normalized_midpoint,32,0.0,0.0,0.0
381,1,False,normalized_three_quarter,48,0.0,0.0,0.0
381,1,False,confidence_low,8,0.75,0.125,-0.625
381,1,False,entropy_high,8,0.75,0.125,-0.625
381,1,False,mask_ratio,8,0.75,0.125,-0.625
381,1,False,oof_state_value,48,0.0,0.0,0.0
381,1,False,oracle_localization,8,0.75,0.125,-0.625
382,0,False,random_checkpoint,64,0.0,,
382,0,False,earliest_eligible,8,0.0,0.0,0.0
382,0,False,normalized_quarter,16,0.0,0.0,0.0
382,0,False,normalized_midpoint,32,0.0,0.0,0.0
382,0,False,normalized_three_quarter,48,0.0,0.0,0.0
382,0,False,confidence_low,8,0.0,0.0,0.0
382,0,False,entropy_high,8,0.0,0.0,0.0
382,0,False,mask_ratio,8,0.0,0.0,0.0
382,0,False,oof_state_value,56,0.0,0.0,0.0
382,0,False,oracle_localization,8,0.0,0.0,0.0
383,0,False,random_checkpoint,40,0.0,0.0,0.0
383,0,False,earliest_eligible,8,0.0,0.0,0.0
383,0,False,normalized_quarter,16,0.0,0.0,0.0
383,0,False,normalized_midpoint,32,0.0,0.0,0.0
383,0,False,normalized_three_quarter,48,0.0,0.0,0.0
383,0,False,confidence_low,8,0.0,0.0,0.0
383,0,False,entropy_high,8,0.0,0.0,0.0
383,0,False,mask_ratio,8,0.0,0.0,0.0
383,0,False,oof_state_value,24,0.0,0.0,0.0
383,0,False,oracle_localization,8,0.0,0.0,0.0
384,0,True,random_checkpoint,24,1.0,1.0,0.0
384,0,True,earliest_eligible,8,0.375,0.375,0.0
384,0,True,normalized_quarter,16,0.75,0.875,0.125
384,0,True,normalized_midpoint,32,1.0,1.0,0.0
384,0,True,normalized_three_quarter,48,1.0,1.0,0.0
384,0,True,confidence_low,8,0.375,0.375,0.0
384,0,True,entropy_high,8,0.375,0.375,0.0
384,0,True,mask_ratio,8,0.375,0.375,0.0
384,0,True,oof_state_value,32,1.0,1.0,0.0
384,0,True,oracle_localization,16,0.75,0.875,0.125
384,2,False,random_checkpoint,8,0.0,0.25,0.25
384,2,False,earliest_eligible,8,0.0,0.25,0.25
384,2,False,normalized_quarter,16,0.0,0.625,0.625
384,2,False,normalized_midpoint,32,0.0,0.0,0.0
384,2,False,normalized_three_quarter,48,0.0,0.0,0.0
384,2,False,confidence_low,8,0.0,0.25,0.25
384,2,False,entropy_high,8,0.0,0.25,0.25
384,2,False,mask_ratio,8,0.0,0.25,0.25
384,2,False,oof_state_value,32,0.0,0.0,0.0
384,2,False,oracle_localization,16,0.0,0.625,0.625
385,0,False,random_checkpoint,48,0.0,0.0,0.0
385,0,False,earliest_eligible,8,0.0,0.0,0.0
385,0,False,normalized_quarter,16,0.125,0.0,-0.125
385,0,False,normalized_midpoint,32,0.0,0.0,0.0
385,0,False,normalized_three_quarter,48,0.0,0.0,0.0
385,0,False,confidence_low,8,0.0,0.0,0.0
385,0,False,entropy_high,8,0.0,0.0,0.0
385,0,False,mask_ratio,8,0.0,0.0,0.0
385,0,False,oof_state_value,40,0.0,0.0,0.0
385,0,False,oracle_localization,8,0.0,0.0,0.0
386,0,False,random_checkpoint,24,0.0,0.25,0.25
386,0,False,earliest_eligible,8,0.125,0.0,-0.125
386,0,False,normalized_quarter,16,0.0,0.0,0.0
386,0,False,normalized_midpoint,32,0.0,0.0,0.0
386,0,False,normalized_three_quarter,48,0.0,0.0,0.0
386,0,False,confidence_low,8,0.125,0.0,-0.125
386,0,False,entropy_high,8,0.125,0.0,-0.125
386,0,False,mask_ratio,8,0.125,0.0,-0.125
386,0,False,oof_state_value,24,0.0,0.25,0.25
386,0,False,oracle_localization,8,0.125,0.0,-0.125
387,0,False,random_checkpoint,64,0.0,,
387,0,False,earliest_eligible,8,0.0,0.0,0.0
387,0,False,normalized_quarter,16,0.0,0.0,0.0
387,0,False,normalized_midpoint,32,0.0,0.0,0.0
387,0,False,normalized_three_quarter,48,0.0,0.0,0.0
387,0,False,confidence_low,8,0.0,0.0,0.0
387,0,False,entropy_high,8,0.0,0.0,0.0
387,0,False,mask_ratio,8,0.0,0.0,0.0
387,0,False,oof_state_value,16,0.0,0.0,0.0
387,0,False,oracle_localization,8,0.0,0.0,0.0
387,1,True,random_checkpoint,24,1.0,0.75,-0.25
387,1,True,earliest_eligible,8,0.375,0.125,-0.25
387,1,True,normalized_quarter,16,0.875,0.75,-0.125
387,1,True,normalized_midpoint,32,1.0,1.0,0.0
387,1,True,normalized_three_quarter,48,1.0,1.0,0.0
387,1,True,confidence_low,8,0.375,0.125,-0.25
387,1,True,entropy_high,8,0.375,0.125,-0.25
387,1,True,mask_ratio,8,0.375,0.125,-0.25
387,1,True,oof_state_value,56,1.0,1.0,0.0
387,1,True,oracle_localization,32,1.0,1.0,0.0
388,0,False,random_checkpoint,24,0.0,0.0,0.0
388,0,False,earliest_eligible,8,0.0,0.0,0.0
388,0,False,normalized_quarter,16,0.0,0.0,0.0
388,0,False,normalized_midpoint,32,0.0,0.0,0.0
388,0,False,normalized_three_quarter,48,0.0,0.0,0.0
388,0,False,confidence_low,8,0.0,0.0,0.0
388,0,False,entropy_high,8,0.0,0.0,0.0
388,0,False,mask_ratio,8,0.0,0.0,0.0
388,0,False,oof_state_value,24,0.0,0.0,0.0
388,0,False,oracle_localization,8,0.0,0.0,0.0
389,0,False,random_checkpoint,8,0.0,0.0,0.0
389,0,False,earliest_eligible,8,0.0,0.0,0.0
389,0,False,normalized_quarter,16,0.0,0.0,0.0
389,0,False,normalized_midpoint,32,0.0,0.0,0.0
389,0,False,normalized_three_quarter,48,0.0,0.0,0.0
389,0,False,confidence_low,8,0.0,0.0,0.0
389,0,False,entropy_high,8,0.0,0.0,0.0
389,0,False,mask_ratio,8,0.0,0.0,0.0
389,0,False,oof_state_value,56,0.0,0.0,0.0
389,0,False,oracle_localization,8,0.0,0.0,0.0
390,0,False,random_checkpoint,16,0.0,0.0,0.0
390,0,False,earliest_eligible,8,0.0,0.0,0.0
390,0,False,normalized_quarter,16,0.0,0.0,0.0
390,0,False,normalized_midpoint,32,0.0,0.0,0.0
390,0,False,normalized_three_quarter,48,0.0,0.0,0.0
390,0,False,confidence_low,8,0.0,0.0,0.0
390,0,False,entropy_high,8,0.0,0.0,0.0
390,0,False,mask_ratio,8,0.0,0.0,0.0
390,0,False,oof_state_value,56,0.0,0.0,0.0
390,0,False,oracle_localization,8,0.0,0.0,0.0
391,0,False,random_checkpoint,64,0.0,,
391,0,False,earliest_eligible,8,0.125,0.0,-0.125
391,0,False,normalized_quarter,16,0.0,0.0,0.0
391,0,False,normalized_midpoint,32,0.0,0.0,0.0
391,0,False,normalized_three_quarter,48,0.0,0.0,0.0
391,0,False,confidence_low,8,0.125,0.0,-0.125
391,0,False,entropy_high,8,0.125,0.0,-0.125
391,0,False,mask_ratio,8,0.125,0.0,-0.125
391,0,False,oof_state_value,8,0.125,0.0,-0.125
391,0,False,oracle_localization,8,0.125,0.0,-0.125
392,0,False,random_checkpoint,24,0.0,0.0,0.0
392,0,False,earliest_eligible,8,0.0,0.0,0.0
392,0,False,normalized_quarter,16,0.0,0.0,0.0
392,0,False,normalized_midpoint,32,0.0,0.0,0.0
392,0,False,normalized_three_quarter,48,0.0,0.0,0.0
392,0,False,confidence_low,8,0.0,0.0,0.0
392,0,False,entropy_high,8,0.0,0.0,0.0
392,0,False,mask_ratio,8,0.0,0.0,0.0
392,0,False,oof_state_value,48,0.0,0.0,0.0
392,0,False,oracle_localization,8,0.0,0.0,0.0
393,0,False,random_checkpoint,40,0.0,0.0,0.0
393,0,False,earliest_eligible,8,0.0,0.0,0.0
393,0,False,normalized_quarter,16,0.125,0.0,-0.125
393,0,False,normalized_midpoint,32,0.0,0.0,0.0
393,0,False,normalized_three_quarter,48,0.0,0.0,0.0
393,0,False,confidence_low,8,0.0,0.0,0.0
393,0,False,entropy_high,8,0.0,0.0,0.0
393,0,False,mask_ratio,8,0.0,0.0,0.0
393,0,False,oof_state_value,32,0.0,0.0,0.0
393,0,False,oracle_localization,8,0.0,0.0,0.0
394,0,False,random_checkpoint,64,0.0,,
394,0,False,earliest_eligible,8,0.0,0.0,0.0
394,0,False,normalized_quarter,16,0.0,0.0,0.0
394,0,False,normalized_midpoint,32,0.0,0.0,0.0
394,0,False,normalized_three_quarter,48,0.0,0.0,0.0
394,0,False,confidence_low,8,0.0,0.0,0.0
394,0,False,entropy_high,8,0.0,0.0,0.0
394,0,False,mask_ratio,8,0.0,0.0,0.0
394,0,False,oof_state_value,40,0.0,0.0,0.0
394,0,False,oracle_localization,8,0.0,0.0,0.0
395,0,False,random_checkpoint,8,0.0,0.0,0.0
395,0,False,earliest_eligible,8,0.0,0.0,0.0
395,0,False,normalized_quarter,16,0.0,0.0,0.0
395,0,False,normalized_midpoint,32,0.0,0.0,0.0
395,0,False,normalized_three_quarter,48,0.0,0.0,0.0
395,0,False,confidence_low,8,0.0,0.0,0.0
395,0,False,entropy_high,8,0.0,0.0,0.0
395,0,False,mask_ratio,8,0.0,0.0,0.0
395,0,False,oof_state_value,48,0.0,0.0,0.0
395,0,False,oracle_localization,8,0.0,0.0,0.0
395,2,True,random_checkpoint,32,1.0,1.0,0.0
395,2,True,earliest_eligible,8,1.0,1.0,0.0
395,2,True,normalized_quarter,16,1.0,1.0,0.0
395,2,True,normalized_midpoint,32,1.0,1.0,0.0
395,2,True,normalized_three_quarter,48,1.0,1.0,0.0
395,2,True,confidence_low,8,1.0,1.0,0.0
395,2,True,entropy_high,8,1.0,1.0,0.0
395,2,True,mask_ratio,8,1.0,1.0,0.0
395,2,True,oof_state_value,48,1.0,1.0,0.0
395,2,True,oracle_localization,8,1.0,1.0,0.0
396,0,False,random_checkpoint,32,0.0,0.0,0.0
396,0,False,earliest_eligible,8,0.25,0.125,-0.125
396,0,False,normalized_quarter,16,0.0,0.375,0.375
396,0,False,normalized_midpoint,32,0.0,0.0,0.0
396,0,False,normalized_three_quarter,48,0.0,0.0,0.0
396,0,False,confidence_low,8,0.25,0.125,-0.125
396,0,False,entropy_high,8,0.25,0.125,-0.125
396,0,False,mask_ratio,8,0.25,0.125,-0.125
396,0,False,oof_state_value,40,0.0,0.0,0.0
396,0,False,oracle_localization,8,0.25,0.125,-0.125
396,6,True,random_checkpoint,24,1.0,1.0,0.0
396,6,True,earliest_eligible,8,0.5,0.625,0.125
396,6,True,normalized_quarter,16,0.75,1.0,0.25
396,6,True,normalized_midpoint,32,1.0,1.0,0.0
396,6,True,normalized_three_quarter,48,1.0,1.0,0.0
396,6,True,confidence_low,8,0.5,0.625,0.125
396,6,True,entropy_high,8,0.5,0.625,0.125
396,6,True,mask_ratio,8,0.5,0.625,0.125
396,6,True,oof_state_value,32,1.0,1.0,0.0
396,6,True,oracle_localization,16,0.75,1.0,0.25
397,0,True,random_checkpoint,40,0.875,1.0,0.125
397,0,True,earliest_eligible,8,0.875,0.5,-0.375
397,0,True,normalized_quarter,16,0.625,0.875,0.25
397,0,True,normalized_midpoint,32,1.0,1.0,0.0
397,0,True,normalized_three_quarter,48,1.0,1.0,0.0
397,0,True,confidence_low,8,0.875,0.5,-0.375
397,0,True,entropy_high,8,0.875,0.5,-0.375
397,0,True,mask_ratio,8,0.875,0.5,-0.375
397,0,True,oof_state_value,16,0.625,0.875,0.25
397,0,True,oracle_localization,24,0.625,0.75,0.125
397,1,False,random_checkpoint,48,0.0,0.0,0.0
397,1,False,earliest_eligible,8,0.125,0.0,-0.125
397,1,False,normalized_quarter,16,0.0,0.0,0.0
397,1,False,normalized_midpoint,32,0.0,0.0,0.0
397,1,False,normalized_three_quarter,48,0.0,0.0,0.0
397,1,False,confidence_low,8,0.125,0.0,-0.125
397,1,False,entropy_high,8,0.125,0.0,-0.125
397,1,False,mask_ratio,8,0.125,0.0,-0.125
397,1,False,oof_state_value,56,0.0,0.0,0.0
397,1,False,oracle_localization,8,0.125,0.0,-0.125
398,0,False,random_checkpoint,24,0.0,0.0,0.0
398,0,False,earliest_eligible,8,0.125,0.125,0.0
398,0,False,normalized_quarter,16,0.125,0.0,-0.125
398,0,False,normalized_midpoint,32,0.0,0.0,0.0
398,0,False,normalized_three_quarter,48,0.0,0.0,0.0
398,0,False,confidence_low,8,0.125,0.125,0.0
398,0,False,entropy_high,8,0.125,0.125,0.0
398,0,False,mask_ratio,8,0.125,0.125,0.0
398,0,False,oof_state_value,56,0.0,0.0,0.0
398,0,False,oracle_localization,8,0.125,0.125,0.0
398,1,True,random_checkpoint,48,1.0,1.0,0.0
398,1,True,earliest_eligible,8,0.125,0.375,0.25
398,1,True,normalized_quarter,16,0.0,0.0,0.0
398,1,True,normalized_midpoint,32,0.875,0.25,-0.625
398,1,True,normalized_three_quarter,48,1.0,1.0,0.0
398,1,True,confidence_low,8,0.125,0.375,0.25
398,1,True,entropy_high,8,0.125,0.375,0.25
398,1,True,mask_ratio,8,0.125,0.375,0.25
398,1,True,oof_state_value,48,1.0,1.0,0.0
398,1,True,oracle_localization,24,0.875,1.0,0.125
399,0,True,random_checkpoint,48,1.0,1.0,0.0
399,0,True,earliest_eligible,8,0.5,0.0,-0.5
399,0,True,normalized_quarter,16,1.0,1.0,0.0
399,0,True,normalized_midpoint,32,1.0,1.0,0.0
399,0,True,normalized_three_quarter,48,1.0,1.0,0.0
399,0,True,confidence_low,8,0.5,0.0,-0.5
399,0,True,entropy_high,8,0.5,0.0,-0.5
399,0,True,mask_ratio,8,0.5,0.0,-0.5
399,0,True,oof_state_value,56,1.0,1.0,0.0
399,0,True,oracle_localization,16,1.0,1.0,0.0
399,1,False,random_checkpoint,40,0.0,0.0,0.0
399,1,False,earliest_eligible,8,0.0,1.0,1.0
399,1,False,normalized_quarter,16,0.0,0.0,0.0
399,1,False,normalized_midpoint,32,0.0,0.0,0.0
399,1,False,normalized_three_quarter,48,0.0,0.0,0.0
399,1,False,confidence_low,8,0.0,1.0,1.0
399,1,False,entropy_high,8,0.0,1.0,1.0
399,1,False,mask_ratio,8,0.0,1.0,1.0
399,1,False,oof_state_value,24,0.0,0.0,0.0
399,1,False,oracle_localization,8,0.0,1.0,1.0
400,0,False,random_checkpoint,24,0.0,0.0,0.0
400,0,False,earliest_eligible,8,0.0,0.0,0.0
400,0,False,normalized_quarter,16,0.0,0.0,0.0
400,0,False,normalized_midpoint,32,0.0,0.0,0.0
400,0,False,normalized_three_quarter,48,0.0,0.0,0.0
400,0,False,confidence_low,8,0.0,0.0,0.0
400,0,False,entropy_high,8,0.0,0.0,0.0
400,0,False,mask_ratio,8,0.0,0.0,0.0
400,0,False,oof_state_value,48,0.0,0.0,0.0
400,0,False,oracle_localization,8,0.0,0.0,0.0
400,5,True,random_checkpoint,48,1.0,1.0,0.0
400,5,True,earliest_eligible,8,0.125,0.625,0.5
400,5,True,normalized_quarter,16,0.625,0.75,0.125
400,5,True,normalized_midpoint,32,1.0,1.0,0.0
400,5,True,normalized_three_quarter,48,1.0,1.0,0.0
400,5,True,confidence_low,8,0.125,0.625,0.5
400,5,True,entropy_high,8,0.125,0.625,0.5
400,5,True,mask_ratio,8,0.125,0.625,0.5
400,5,True,oof_state_value,32,1.0,1.0,0.0
400,5,True,oracle_localization,16,0.625,0.75,0.125
401,0,False,random_checkpoint,56,0.0,0.0,0.0
401,0,False,earliest_eligible,8,0.0,0.0,0.0
401,0,False,normalized_quarter,16,0.0,0.0,0.0
401,0,False,normalized_midpoint,32,0.0,0.0,0.0
401,0,False,normalized_three_quarter,48,0.0,0.0,0.0
401,0,False,confidence_low,16,0.0,0.0,0.0
401,0,False,entropy_high,8,0.0,0.0,0.0
401,0,False,mask_ratio,8,0.0,0.0,0.0
401,0,False,oof_state_value,40,0.0,0.0,0.0
401,0,False,oracle_localization,8,0.0,0.0,0.0
402,0,False,random_checkpoint,16,0.0,0.0,0.0
402,0,False,earliest_eligible,8,0.0,0.0,0.0
402,0,False,normalized_quarter,16,0.0,0.0,0.0
402,0,False,normalized_midpoint,32,0.0,0.0,0.0
402,0,False,normalized_three_quarter,48,0.0,0.0,0.0
402,0,False,confidence_low,8,0.0,0.0,0.0
402,0,False,entropy_high,8,0.0,0.0,0.0
402,0,False,mask_ratio,8,0.0,0.0,0.0
402,0,False,oof_state_value,48,0.0,0.0,0.0
402,0,False,oracle_localization,8,0.0,0.0,0.0
403,0,False,random_checkpoint,40,0.0,0.0,0.0
403,0,False,earliest_eligible,8,0.0,0.5,0.5
403,0,False,normalized_quarter,16,0.0,0.125,0.125
403,0,False,normalized_midpoint,32,0.0,0.0,0.0
403,0,False,normalized_three_quarter,48,0.0,0.0,0.0
403,0,False,confidence_low,8,0.0,0.5,0.5
403,0,False,entropy_high,8,0.0,0.5,0.5
403,0,False,mask_ratio,8,0.0,0.5,0.5
403,0,False,oof_state_value,56,0.0,0.0,0.0
403,0,False,oracle_localization,16,0.0,0.125,0.125
403,6,True,random_checkpoint,24,1.0,1.0,0.0
403,6,True,earliest_eligible,8,0.125,0.375,0.25
403,6,True,normalized_quarter,16,0.75,0.5,-0.25
403,6,True,normalized_midpoint,32,1.0,1.0,0.0
403,6,True,normalized_three_quarter,48,1.0,1.0,0.0
403,6,True,confidence_low,8,0.125,0.375,0.25
403,6,True,entropy_high,8,0.125,0.375,0.25
403,6,True,mask_ratio,8,0.125,0.375,0.25
403,6,True,oof_state_value,24,1.0,1.0,0.0
403,6,True,oracle_localization,24,1.0,1.0,0.0
404,0,False,random_checkpoint,56,0.0,0.0,0.0
404,0,False,earliest_eligible,8,0.5,0.625,0.125
404,0,False,normalized_quarter,16,0.0,0.0,0.0
404,0,False,normalized_midpoint,32,0.0,0.0,0.0
404,0,False,normalized_three_quarter,48,0.0,0.0,0.0
404,0,False,confidence_low,16,0.0,0.0,0.0
404,0,False,entropy_high,8,0.5,0.625,0.125
404,0,False,mask_ratio,8,0.5,0.625,0.125
404,0,False,oof_state_value,48,0.0,0.0,0.0
404,0,False,oracle_localization,8,0.5,0.625,0.125
404,3,True,random_checkpoint,8,1.0,1.0,0.0
404,3,True,earliest_eligible,8,1.0,1.0,0.0
404,3,True,normalized_quarter,16,1.0,1.0,0.0
404,3,True,normalized_midpoint,32,1.0,1.0,0.0
404,3,True,normalized_three_quarter,48,0.875,0.875,0.0
404,3,True,confidence_low,16,1.0,1.0,0.0
404,3,True,entropy_high,8,1.0,1.0,0.0
404,3,True,mask_ratio,8,1.0,1.0,0.0
404,3,True,oof_state_value,56,1.0,1.0,0.0
404,3,True,oracle_localization,8,1.0,1.0,0.0
405,0,True,random_checkpoint,8,1.0,1.0,0.0
405,0,True,earliest_eligible,8,1.0,1.0,0.0
405,0,True,normalized_quarter,16,1.0,1.0,0.0
405,0,True,normalized_midpoint,32,1.0,1.0,0.0
405,0,True,normalized_three_quarter,48,1.0,1.0,0.0
405,0,True,confidence_low,8,1.0,1.0,0.0
405,0,True,entropy_high,8,1.0,1.0,0.0
405,0,True,mask_ratio,8,1.0,1.0,0.0
405,0,True,oof_state_value,48,1.0,1.0,0.0
405,0,True,oracle_localization,8,1.0,1.0,0.0
405,7,False,random_checkpoint,16,0.5,0.75,0.25
405,7,False,earliest_eligible,8,0.625,0.125,-0.5
405,7,False,normalized_quarter,16,0.5,0.75,0.25
405,7,False,normalized_midpoint,32,0.375,0.0,-0.375
405,7,False,normalized_three_quarter,48,0.0,0.0,0.0
405,7,False,confidence_low,8,0.625,0.125,-0.5
405,7,False,entropy_high,8,0.625,0.125,-0.5
405,7,False,mask_ratio,8,0.625,0.125,-0.5
405,7,False,oof_state_value,24,0.5,1.0,0.5
405,7,False,oracle_localization,16,0.5,0.75,0.25
406,0,True,random_checkpoint,32,1.0,1.0,0.0
406,0,True,earliest_eligible,8,1.0,0.75,-0.25
406,0,True,normalized_quarter,16,1.0,1.0,0.0
406,0,True,normalized_midpoint,32,1.0,1.0,0.0
406,0,True,normalized_three_quarter,48,1.0,1.0,0.0
406,0,True,confidence_low,8,1.0,0.75,-0.25
406,0,True,entropy_high,8,1.0,0.75,-0.25
406,0,True,mask_ratio,8,1.0,0.75,-0.25
406,0,True,oof_state_value,48,1.0,1.0,0.0
406,0,True,oracle_localization,8,1.0,0.75,-0.25
406,3,False,random_checkpoint,40,0.125,0.125,0.0
406,3,False,earliest_eligible,8,1.0,1.0,0.0
406,3,False,normalized_quarter,16,0.5,0.625,0.125
406,3,False,normalized_midpoint,32,0.125,0.125,0.0
406,3,False,normalized_three_quarter,48,0.125,0.0,-0.125
406,3,False,confidence_low,8,1.0,1.0,0.0
406,3,False,entropy_high,8,1.0,1.0,0.0
406,3,False,mask_ratio,8,1.0,1.0,0.0
406,3,False,oof_state_value,48,0.125,0.0,-0.125
406,3,False,oracle_localization,8,1.0,1.0,0.0
407,0,False,random_checkpoint,32,0.25,0.0,-0.25
407,0,False,earliest_eligible,8,0.125,0.25,0.125
407,0,False,normalized_quarter,16,0.25,0.0,-0.25
407,0,False,normalized_midpoint,32,0.25,0.0,-0.25
407,0,False,normalized_three_quarter,48,0.0,0.0,0.0
407,0,False,confidence_low,8,0.125,0.25,0.125
407,0,False,entropy_high,8,0.125,0.25,0.125
407,0,False,mask_ratio,8,0.125,0.25,0.125
407,0,False,oof_state_value,56,0.0,0.0,0.0
407,0,False,oracle_localization,8,0.125,0.25,0.125
407,2,True,random_checkpoint,48,1.0,0.25,-0.75
407,2,True,earliest_eligible,8,0.75,0.5,-0.25
407,2,True,normalized_quarter,16,0.5,0.25,-0.25
407,2,True,normalized_midpoint,32,1.0,0.375,-0.625
407,2,True,normalized_three_quarter,48,1.0,0.25,-0.75
407,2,True,confidence_low,8,0.75,0.5,-0.25
407,2,True,entropy_high,8,0.75,0.5,-0.25
407,2,True,mask_ratio,8,0.75,0.5,-0.25
407,2,True,oof_state_value,24,1.0,0.875,-0.125
407,2,True,oracle_localization,24,1.0,0.875,-0.125
408,0,False,random_checkpoint,48,0.0,0.0,0.0
408,0,False,earliest_eligible,8,0.0,0.0,0.0
408,0,False,normalized_quarter,16,0.0,0.0,0.0
408,0,False,normalized_midpoint,32,0.0,0.0,0.0
408,0,False,normalized_three_quarter,48,0.0,0.0,0.0
408,0,False,confidence_low,16,0.0,0.0,0.0
408,0,False,entropy_high,8,0.0,0.0,0.0
408,0,False,mask_ratio,8,0.0,0.0,0.0
408,0,False,oof_state_value,56,0.0,0.0,0.0
408,0,False,oracle_localization,8,0.0,0.0,0.0
409,0,False,random_checkpoint,56,0.0,0.0,0.0
409,0,False,earliest_eligible,8,0.0,0.0,0.0
409,0,False,normalized_quarter,16,0.0,0.0,0.0
409,0,False,normalized_midpoint,32,0.0,0.0,0.0
409,0,False,normalized_three_quarter,48,0.0,0.0,0.0
409,0,False,confidence_low,8,0.0,0.0,0.0
409,0,False,entropy_high,8,0.0,0.0,0.0
409,0,False,mask_ratio,8,0.0,0.0,0.0
409,0,False,oof_state_value,24,0.0,0.0,0.0
409,0,False,oracle_localization,8,0.0,0.0,0.0
410,0,False,random_checkpoint,32,0.0,0.0,0.0
410,0,False,earliest_eligible,8,0.0,0.25,0.25
410,0,False,normalized_quarter,16,0.0,0.0,0.0
410,0,False,normalized_midpoint,32,0.0,0.0,0.0
410,0,False,normalized_three_quarter,48,0.0,0.0,0.0
410,0,False,confidence_low,8,0.0,0.25,0.25
410,0,False,entropy_high,8,0.0,0.25,0.25
410,0,False,mask_ratio,8,0.0,0.25,0.25
410,0,False,oof_state_value,32,0.0,0.0,0.0
410,0,False,oracle_localization,8,0.0,0.25,0.25
411,0,True,random_checkpoint,24,1.0,1.0,0.0
411,0,True,earliest_eligible,8,1.0,1.0,0.0
411,0,True,normalized_quarter,16,1.0,1.0,0.0
411,0,True,normalized_midpoint,32,1.0,1.0,0.0
411,0,True,normalized_three_quarter,48,1.0,1.0,0.0
411,0,True,confidence_low,8,1.0,1.0,0.0
411,0,True,entropy_high,8,1.0,1.0,0.0
411,0,True,mask_ratio,8,1.0,1.0,0.0
411,0,True,oof_state_value,8,1.0,1.0,0.0
411,0,True,oracle_localization,16,1.0,1.0,0.0
411,2,False,random_checkpoint,16,0.75,0.125,-0.625
411,2,False,earliest_eligible,8,0.625,0.75,0.125
411,2,False,normalized_quarter,16,0.75,0.125,-0.625
411,2,False,normalized_midpoint,32,0.0,0.0,0.0
411,2,False,normalized_three_quarter,48,0.0,0.0,0.0
411,2,False,confidence_low,8,0.625,0.75,0.125
411,2,False,entropy_high,8,0.625,0.75,0.125
411,2,False,mask_ratio,8,0.625,0.75,0.125
411,2,False,oof_state_value,48,0.0,0.0,0.0
411,2,False,oracle_localization,8,0.625,0.75,0.125
412,0,False,random_checkpoint,56,0.0,0.0,0.0
412,0,False,earliest_eligible,8,0.0,0.0,0.0
412,0,False,normalized_quarter,16,0.0,0.0,0.0
412,0,False,normalized_midpoint,32,0.0,0.0,0.0
412,0,False,normalized_three_quarter,48,0.0,0.0,0.0
412,0,False,confidence_low,8,0.0,0.0,0.0
412,0,False,entropy_high,8,0.0,0.0,0.0
412,0,False,mask_ratio,8,0.0,0.0,0.0
412,0,False,oof_state_value,32,0.0,0.0,0.0
412,0,False,oracle_localization,8,0.0,0.0,0.0
413,0,False,random_checkpoint,48,0.0,0.0,0.0
413,0,False,earliest_eligible,8,0.125,0.25,0.125
413,0,False,normalized_quarter,16,0.0,0.0,0.0
413,0,False,normalized_midpoint,32,0.0,0.0,0.0
413,0,False,normalized_three_quarter,48,0.0,0.0,0.0
413,0,False,confidence_low,16,0.0,0.0,0.0
413,0,False,entropy_high,8,0.125,0.25,0.125
413,0,False,mask_ratio,8,0.125,0.25,0.125
413,0,False,oof_state_value,56,0.0,0.0,0.0
413,0,False,oracle_localization,8,0.125,0.25,0.125
413,1,True,random_checkpoint,64,1.0,,
413,1,True,earliest_eligible,8,0.5,0.875,0.375
413,1,True,normalized_quarter,16,1.0,1.0,0.0
413,1,True,normalized_midpoint,32,1.0,1.0,0.0
413,1,True,normalized_three_quarter,48,1.0,1.0,0.0
413,1,True,confidence_low,8,0.5,0.875,0.375
413,1,True,entropy_high,8,0.5,0.875,0.375
413,1,True,mask_ratio,8,0.5,0.875,0.375
413,1,True,oof_state_value,24,1.0,1.0,0.0
413,1,True,oracle_localization,16,1.0,1.0,0.0
414,0,False,random_checkpoint,56,0.0,0.0,0.0
414,0,False,earliest_eligible,8,0.125,0.125,0.0
414,0,False,normalized_quarter,16,0.125,0.25,0.125
414,0,False,normalized_midpoint,32,0.0,0.0,0.0
414,0,False,normalized_three_quarter,48,0.0,0.0,0.0
414,0,False,confidence_low,8,0.125,0.125,0.0
414,0,False,entropy_high,8,0.125,0.125,0.0
414,0,False,mask_ratio,8,0.125,0.125,0.0
414,0,False,oof_state_value,56,0.0,0.0,0.0
414,0,False,oracle_localization,16,0.125,0.25,0.125
414,6,True,random_checkpoint,16,1.0,1.0,0.0
414,6,True,earliest_eligible,8,0.25,0.0,-0.25
414,6,True,normalized_quarter,16,1.0,1.0,0.0
414,6,True,normalized_midpoint,32,1.0,1.0,0.0
414,6,True,normalized_three_quarter,48,1.0,1.0,0.0
414,6,True,confidence_low,8,0.25,0.0,-0.25
414,6,True,entropy_high,8,0.25,0.0,-0.25
414,6,True,mask_ratio,8,0.25,0.0,-0.25
414,6,True,oof_state_value,40,1.0,1.0,0.0
414,6,True,oracle_localization,16,1.0,1.0,0.0
415,0,False,random_checkpoint,32,0.0,0.0,0.0
415,0,False,earliest_eligible,8,0.0,0.125,0.125
415,0,False,normalized_quarter,16,0.0,0.0,0.0
415,0,False,normalized_midpoint,32,0.0,0.0,0.0
415,0,False,normalized_three_quarter,48,0.0,0.0,0.0
415,0,False,confidence_low,8,0.0,0.125,0.125
415,0,False,entropy_high,8,0.0,0.125,0.125
415,0,False,mask_ratio,8,0.0,0.125,0.125
415,0,False,oof_state_value,24,0.375,0.5,0.125
415,0,False,oracle_localization,24,0.375,0.5,0.125
415,7,True,random_checkpoint,64,1.0,,
415,7,True,earliest_eligible,8,1.0,1.0,0.0
415,7,True,normalized_quarter,16,1.0,1.0,0.0
415,7,True,normalized_midpoint,32,1.0,1.0,0.0
415,7,True,normalized_three_quarter,48,1.0,1.0,0.0
415,7,True,confidence_low,8,1.0,1.0,0.0
415,7,True,entropy_high,8,1.0,1.0,0.0
415,7,True,mask_ratio,8,1.0,1.0,0.0
415,7,True,oof_state_value,48,1.0,1.0,0.0
415,7,True,oracle_localization,8,1.0,1.0,0.0
416,0,False,random_checkpoint,64,0.0,,
416,0,False,earliest_eligible,8,0.0,0.0,0.0
416,0,False,normalized_quarter,16,0.0,0.0,0.0
416,0,False,normalized_midpoint,32,0.0,0.0,0.0
416,0,False,normalized_three_quarter,48,0.0,0.0,0.0
416,0,False,confidence_low,8,0.0,0.0,0.0
416,0,False,entropy_high,8,0.0,0.0,0.0
416,0,False,mask_ratio,8,0.0,0.0,0.0
416,0,False,oof_state_value,24,0.0,0.0,0.0
416,0,False,oracle_localization,8,0.0,0.0,0.0
416,7,True,random_checkpoint,40,0.0,0.0,0.0
416,7,True,earliest_eligible,8,0.0,0.0,0.0
416,7,True,normalized_quarter,16,0.0,0.125,0.125
416,7,True,normalized_midpoint,32,0.0,0.0,0.0
416,7,True,normalized_three_quarter,48,0.0,0.0,0.0
416,7,True,confidence_low,16,0.0,0.125,0.125
416,7,True,entropy_high,8,0.0,0.0,0.0
416,7,True,mask_ratio,8,0.0,0.0,0.0
416,7,True,oof_state_value,16,0.0,0.125,0.125
416,7,True,oracle_localization,56,1.0,1.0,0.0
417,0,False,random_checkpoint,8,0.125,0.0,-0.125
417,0,False,earliest_eligible,8,0.125,0.0,-0.125
417,0,False,normalized_quarter,16,0.0,0.0,0.0
417,0,False,normalized_midpoint,32,0.0,0.0,0.0
417,0,False,normalized_three_quarter,48,0.0,0.0,0.0
417,0,False,confidence_low,8,0.125,0.0,-0.125
417,0,False,entropy_high,8,0.125,0.0,-0.125
417,0,False,mask_ratio,8,0.125,0.0,-0.125
417,0,False,oof_state_value,48,0.0,0.0,0.0
417,0,False,oracle_localization,8,0.125,0.0,-0.125
418,0,False,random_checkpoint,8,0.0,0.0,0.0
418,0,False,earliest_eligible,8,0.0,0.0,0.0
418,0,False,normalized_quarter,16,0.0,0.0,0.0
418,0,False,normalized_midpoint,32,0.0,0.0,0.0
418,0,False,normalized_three_quarter,48,0.0,0.0,0.0
418,0,False,confidence_low,8,0.0,0.0,0.0
418,0,False,entropy_high,8,0.0,0.0,0.0
418,0,False,mask_ratio,8,0.0,0.0,0.0
418,0,False,oof_state_value,32,0.0,0.0,0.0
418,0,False,oracle_localization,8,0.0,0.0,0.0
418,6,True,random_checkpoint,64,1.0,,
418,6,True,earliest_eligible,8,0.25,0.375,0.125
418,6,True,normalized_quarter,16,0.75,0.875,0.125
418,6,True,normalized_midpoint,32,1.0,1.0,0.0
418,6,True,normalized_three_quarter,48,1.0,1.0,0.0
418,6,True,confidence_low,8,0.25,0.375,0.125
418,6,True,entropy_high,8,0.25,0.375,0.125
418,6,True,mask_ratio,8,0.25,0.375,0.125
418,6,True,oof_state_value,48,1.0,1.0,0.0
418,6,True,oracle_localization,16,0.75,0.875,0.125
419,0,False,random_checkpoint,32,0.0,0.0,0.0
419,0,False,earliest_eligible,8,0.0,0.0,0.0
419,0,False,normalized_quarter,16,0.0,0.0,0.0
419,0,False,normalized_midpoint,32,0.0,0.0,0.0
419,0,False,normalized_three_quarter,48,0.0,0.0,0.0
419,0,False,confidence_low,8,0.0,0.0,0.0
419,0,False,entropy_high,8,0.0,0.0,0.0
419,0,False,mask_ratio,8,0.0,0.0,0.0
419,0,False,oof_state_value,56,0.0,0.0,0.0
419,0,False,oracle_localization,8,0.0,0.0,0.0
420,0,False,random_checkpoint,48,0.0,0.0,0.0
420,0,False,earliest_eligible,8,0.0,0.0,0.0
420,0,False,normalized_quarter,16,0.0,0.0,0.0
420,0,False,normalized_midpoint,32,0.0,0.0,0.0
420,0,False,normalized_three_quarter,48,0.0,0.0,0.0
420,0,False,confidence_low,8,0.0,0.0,0.0
420,0,False,entropy_high,8,0.0,0.0,0.0
420,0,False,mask_ratio,8,0.0,0.0,0.0
420,0,False,oof_state_value,24,0.0,0.0,0.0
420,0,False,oracle_localization,8,0.0,0.0,0.0
421,0,False,random_checkpoint,24,0.0,0.0,0.0
421,0,False,earliest_eligible,8,0.0,0.0,0.0
421,0,False,normalized_quarter,16,0.0,0.0,0.0
421,0,False,normalized_midpoint,32,0.0,0.0,0.0
421,0,False,normalized_three_quarter,48,0.0,0.0,0.0
421,0,False,confidence_low,8,0.0,0.0,0.0
421,0,False,entropy_high,8,0.0,0.0,0.0
421,0,False,mask_ratio,8,0.0,0.0,0.0
421,0,False,oof_state_value,24,0.0,0.0,0.0
421,0,False,oracle_localization,8,0.0,0.0,0.0
422,0,False,random_checkpoint,64,0.0,,
422,0,False,earliest_eligible,8,0.0,0.0,0.0
422,0,False,normalized_quarter,16,0.0,0.0,0.0
422,0,False,normalized_midpoint,32,0.0,0.0,0.0
422,0,False,normalized_three_quarter,48,0.0,0.0,0.0
422,0,False,confidence_low,8,0.0,0.0,0.0
422,0,False,entropy_high,8,0.0,0.0,0.0
422,0,False,mask_ratio,8,0.0,0.0,0.0
422,0,False,oof_state_value,48,0.0,0.0,0.0
422,0,False,oracle_localization,8,0.0,0.0,0.0
423,0,False,random_checkpoint,56,0.0,0.0,0.0
423,0,False,earliest_eligible,8,0.0,0.0,0.0
423,0,False,normalized_quarter,16,0.0,0.0,0.0
423,0,False,normalized_midpoint,32,0.0,0.0,0.0
423,0,False,normalized_three_quarter,48,0.0,0.0,0.0
423,0,False,confidence_low,8,0.0,0.0,0.0
423,0,False,entropy_high,8,0.0,0.0,0.0
423,0,False,mask_ratio,8,0.0,0.0,0.0
423,0,False,oof_state_value,32,0.0,0.0,0.0
423,0,False,oracle_localization,8,0.0,0.0,0.0
424,0,False,random_checkpoint,56,0.0,0.0,0.0
424,0,False,earliest_eligible,8,0.0,0.0,0.0
424,0,False,normalized_quarter,16,0.0,0.0,0.0
424,0,False,normalized_midpoint,32,0.0,0.0,0.0
424,0,False,normalized_three_quarter,48,0.0,0.0,0.0
424,0,False,confidence_low,8,0.0,0.0,0.0
424,0,False,entropy_high,8,0.0,0.0,0.0
424,0,False,mask_ratio,8,0.0,0.0,0.0
424,0,False,oof_state_value,24,0.0,0.0,0.0
424,0,False,oracle_localization,8,0.0,0.0,0.0
425,0,False,random_checkpoint,64,0.0,,
425,0,False,earliest_eligible,8,0.0,0.125,0.125
425,0,False,normalized_quarter,16,0.0,0.0,0.0
425,0,False,normalized_midpoint,32,0.0,0.0,0.0
425,0,False,normalized_three_quarter,48,0.0,0.0,0.0
425,0,False,confidence_low,8,0.0,0.125,0.125
425,0,False,entropy_high,8,0.0,0.125,0.125
425,0,False,mask_ratio,8,0.0,0.125,0.125
425,0,False,oof_state_value,56,0.0,0.0,0.0
425,0,False,oracle_localization,8,0.0,0.125,0.125
426,0,False,random_checkpoint,24,0.0,0.0,0.0
426,0,False,earliest_eligible,8,0.0,0.0,0.0
426,0,False,normalized_quarter,16,0.0,0.0,0.0
426,0,False,normalized_midpoint,32,0.0,0.0,0.0
426,0,False,normalized_three_quarter,48,0.0,0.0,0.0
426,0,False,confidence_low,8,0.0,0.0,0.0
426,0,False,entropy_high,8,0.0,0.0,0.0
426,0,False,mask_ratio,8,0.0,0.0,0.0
426,0,False,oof_state_value,56,0.0,0.0,0.0
426,0,False,oracle_localization,8,0.0,0.0,0.0
427,0,False,random_checkpoint,24,0.0,0.0,0.0
427,0,False,earliest_eligible,8,0.0,0.0,0.0
427,0,False,normalized_quarter,16,0.0,0.0,0.0
427,0,False,normalized_midpoint,32,0.0,0.0,0.0
427,0,False,normalized_three_quarter,48,0.0,0.0,0.0
427,0,False,confidence_low,8,0.0,0.0,0.0
427,0,False,entropy_high,8,0.0,0.0,0.0
427,0,False,mask_ratio,8,0.0,0.0,0.0
427,0,False,oof_state_value,48,0.0,0.0,0.0
427,0,False,oracle_localization,8,0.0,0.0,0.0
428,0,False,random_checkpoint,64,0.0,,
428,0,False,earliest_eligible,8,0.125,0.0,-0.125
428,0,False,normalized_quarter,16,0.25,0.25,0.0
428,0,False,normalized_midpoint,32,0.0,0.0,0.0
428,0,False,normalized_three_quarter,48,0.0,0.0,0.0
428,0,False,confidence_low,8,0.125,0.0,-0.125
428,0,False,entropy_high,8,0.125,0.0,-0.125
428,0,False,mask_ratio,8,0.125,0.0,-0.125
428,0,False,oof_state_value,48,0.0,0.0,0.0
428,0,False,oracle_localization,8,0.125,0.0,-0.125
429,0,False,random_checkpoint,56,0.0,0.0,0.0
429,0,False,earliest_eligible,8,0.0,0.0,0.0
429,0,False,normalized_quarter,16,0.0,0.0,0.0
429,0,False,normalized_midpoint,32,0.0,0.0,0.0
429,0,False,normalized_three_quarter,48,0.0,0.0,0.0
429,0,False,confidence_low,8,0.0,0.0,0.0
429,0,False,entropy_high,8,0.0,0.0,0.0
429,0,False,mask_ratio,8,0.0,0.0,0.0
429,0,False,oof_state_value,24,0.0,0.0,0.0
429,0,False,oracle_localization,8,0.0,0.0,0.0
430,0,True,random_checkpoint,40,1.0,1.0,0.0
430,0,True,earliest_eligible,8,0.75,0.75,0.0
430,0,True,normalized_quarter,16,1.0,1.0,0.0
430,0,True,normalized_midpoint,32,1.0,1.0,0.0
430,0,True,normalized_three_quarter,48,1.0,1.0,0.0
430,0,True,confidence_low,8,0.75,0.75,0.0
430,0,True,entropy_high,8,0.75,0.75,0.0
430,0,True,mask_ratio,8,0.75,0.75,0.0
430,0,True,oof_state_value,24,1.0,1.0,0.0
430,0,True,oracle_localization,16,1.0,1.0,0.0
430,1,False,random_checkpoint,8,0.0,0.125,0.125
430,1,False,earliest_eligible,8,0.0,0.125,0.125
430,1,False,normalized_quarter,16,0.0,0.0,0.0
430,1,False,normalized_midpoint,32,0.0,0.0,0.0
430,1,False,normalized_three_quarter,48,0.0,0.0,0.0
430,1,False,confidence_low,8,0.0,0.125,0.125
430,1,False,entropy_high,8,0.0,0.125,0.125
430,1,False,mask_ratio,8,0.0,0.125,0.125
430,1,False,oof_state_value,24,0.0,0.0,0.0
430,1,False,oracle_localization,8,0.0,0.125,0.125
431,0,False,random_checkpoint,40,0.0,0.0,0.0
431,0,False,earliest_eligible,8,0.0,0.0,0.0
431,0,False,normalized_quarter,16,0.0,0.0,0.0
431,0,False,normalized_midpoint,32,0.0,0.0,0.0
431,0,False,normalized_three_quarter,48,0.0,0.0,0.0
431,0,False,confidence_low,8,0.0,0.0,0.0
431,0,False,entropy_high,8,0.0,0.0,0.0
431,0,False,mask_ratio,8,0.0,0.0,0.0
431,0,False,oof_state_value,48,0.0,0.0,0.0
431,0,False,oracle_localization,8,0.0,0.0,0.0
432,0,False,random_checkpoint,16,0.0,0.0,0.0
432,0,False,earliest_eligible,8,0.0,0.0,0.0
432,0,False,normalized_quarter,16,0.0,0.0,0.0
432,0,False,normalized_midpoint,32,0.0,0.0,0.0
432,0,False,normalized_three_quarter,48,0.0,0.0,0.0
432,0,False,confidence_low,8,0.0,0.0,0.0
432,0,False,entropy_high,8,0.0,0.0,0.0
432,0,False,mask_ratio,8,0.0,0.0,0.0
432,0,False,oof_state_value,32,0.0,0.0,0.0
432,0,False,oracle_localization,8,0.0,0.0,0.0
433,0,True,random_checkpoint,48,1.0,1.0,0.0
433,0,True,earliest_eligible,8,0.625,0.125,-0.5
433,0,True,normalized_quarter,16,0.75,0.25,-0.5
433,0,True,normalized_midpoint,32,1.0,0.875,-0.125
433,0,True,normalized_three_quarter,48,1.0,1.0,0.0
433,0,True,confidence_low,16,0.75,0.25,-0.5
433,0,True,entropy_high,8,0.625,0.125,-0.5
433,0,True,mask_ratio,8,0.625,0.125,-0.5
433,0,True,oof_state_value,56,1.0,1.0,0.0
433,0,True,oracle_localization,32,1.0,0.875,-0.125
433,1,False,random_checkpoint,32,0.0,0.0,0.0
433,1,False,earliest_eligible,8,0.5,0.0,-0.5
433,1,False,normalized_quarter,16,0.0,0.0,0.0
433,1,False,normalized_midpoint,32,0.0,0.0,0.0
433,1,False,normalized_three_quarter,48,0.0,0.0,0.0
433,1,False,confidence_low,8,0.5,0.0,-0.5
433,1,False,entropy_high,8,0.5,0.0,-0.5
433,1,False,mask_ratio,8,0.5,0.0,-0.5
433,1,False,oof_state_value,24,0.0,0.0,0.0
433,1,False,oracle_localization,8,0.5,0.0,-0.5
434,0,True,random_checkpoint,32,1.0,1.0,0.0
434,0,True,earliest_eligible,8,1.0,1.0,0.0
434,0,True,normalized_quarter,16,1.0,1.0,0.0
434,0,True,normalized_midpoint,32,1.0,1.0,0.0
434,0,True,normalized_three_quarter,48,1.0,1.0,0.0
434,0,True,confidence_low,16,1.0,1.0,0.0
434,0,True,entropy_high,8,1.0,1.0,0.0
434,0,True,mask_ratio,8,1.0,1.0,0.0
434,0,True,oof_state_value,56,1.0,1.0,0.0
434,0,True,oracle_localization,8,1.0,1.0,0.0
434,2,False,random_checkpoint,48,0.0,0.0,0.0
434,2,False,earliest_eligible,8,0.5,0.0,-0.5
434,2,False,normalized_quarter,16,0.0,0.0,0.0
434,2,False,normalized_midpoint,32,0.0,0.0,0.0
434,2,False,normalized_three_quarter,48,0.0,0.0,0.0
434,2,False,confidence_low,8,0.5,0.0,-0.5
434,2,False,entropy_high,8,0.5,0.0,-0.5
434,2,False,mask_ratio,8,0.5,0.0,-0.5
434,2,False,oof_state_value,8,0.5,0.0,-0.5
434,2,False,oracle_localization,8,0.5,0.0,-0.5
435,0,False,random_checkpoint,24,0.0,0.0,0.0
435,0,False,earliest_eligible,8,0.0,0.0,0.0
435,0,False,normalized_quarter,16,0.0,0.0,0.0
435,0,False,normalized_midpoint,32,0.0,0.0,0.0
435,0,False,normalized_three_quarter,48,0.0,0.0,0.0
435,0,False,confidence_low,8,0.0,0.0,0.0
435,0,False,entropy_high,8,0.0,0.0,0.0
435,0,False,mask_ratio,8,0.0,0.0,0.0
435,0,False,oof_state_value,56,0.0,0.0,0.0
435,0,False,oracle_localization,8,0.0,0.0,0.0
436,0,False,random_checkpoint,64,0.0,,
436,0,False,earliest_eligible,8,0.375,0.0,-0.375
436,0,False,normalized_quarter,16,0.25,0.0,-0.25
436,0,False,normalized_midpoint,32,0.0,0.0,0.0
436,0,False,normalized_three_quarter,48,0.0,0.0,0.0
436,0,False,confidence_low,8,0.375,0.0,-0.375
436,0,False,entropy_high,8,0.375,0.0,-0.375
436,0,False,mask_ratio,8,0.375,0.0,-0.375
436,0,False,oof_state_value,48,0.0,0.0,0.0
436,0,False,oracle_localization,16,0.25,0.0,-0.25
436,3,True,random_checkpoint,64,1.0,,
436,3,True,earliest_eligible,8,0.875,0.75,-0.125
436,3,True,normalized_quarter,16,1.0,1.0,0.0
436,3,True,normalized_midpoint,32,1.0,1.0,0.0
436,3,True,normalized_three_quarter,48,1.0,1.0,0.0
436,3,True,confidence_low,8,0.875,0.75,-0.125
436,3,True,entropy_high,8,0.875,0.75,-0.125
436,3,True,mask_ratio,8,0.875,0.75,-0.125
436,3,True,oof_state_value,48,1.0,1.0,0.0
436,3,True,oracle_localization,8,0.875,0.75,-0.125
437,0,True,random_checkpoint,48,1.0,1.0,0.0
437,0,True,earliest_eligible,8,0.0,0.125,0.125
437,0,True,normalized_quarter,16,1.0,1.0,0.0
437,0,True,normalized_midpoint,32,1.0,1.0,0.0
437,0,True,normalized_three_quarter,48,1.0,1.0,0.0
437,0,True,confidence_low,8,0.0,0.125,0.125
437,0,True,entropy_high,8,0.0,0.125,0.125
437,0,True,mask_ratio,8,0.0,0.125,0.125
437,0,True,oof_state_value,56,1.0,1.0,0.0
437,0,True,oracle_localization,16,1.0,1.0,0.0
437,1,False,random_checkpoint,16,0.0,0.125,0.125
437,1,False,earliest_eligible,8,0.0,0.0,0.0
437,1,False,normalized_quarter,16,0.0,0.125,0.125
437,1,False,normalized_midpoint,32,0.0,0.0,0.0
437,1,False,normalized_three_quarter,48,0.0,0.0,0.0
437,1,False,confidence_low,8,0.0,0.0,0.0
437,1,False,entropy_high,8,0.0,0.0,0.0
437,1,False,mask_ratio,8,0.0,0.0,0.0
437,1,False,oof_state_value,32,0.0,0.0,0.0
437,1,False,oracle_localization,16,0.0,0.125,0.125
438,0,False,random_checkpoint,8,0.0,0.5,0.5
438,0,False,earliest_eligible,8,0.0,0.5,0.5
438,0,False,normalized_quarter,16,0.125,0.0,-0.125
438,0,False,normalized_midpoint,32,0.0,0.0,0.0
438,0,False,normalized_three_quarter,48,0.0,0.0,0.0
438,0,False,confidence_low,8,0.0,0.5,0.5
438,0,False,entropy_high,8,0.0,0.5,0.5
438,0,False,mask_ratio,8,0.0,0.5,0.5
438,0,False,oof_state_value,48,0.0,0.0,0.0
438,0,False,oracle_localization,8,0.0,0.5,0.5
438,3,True,random_checkpoint,64,1.0,,
438,3,True,earliest_eligible,8,0.625,0.125,-0.5
438,3,True,normalized_quarter,16,1.0,0.875,-0.125
438,3,True,normalized_midpoint,32,1.0,1.0,0.0
438,3,True,normalized_three_quarter,48,1.0,1.0,0.0
438,3,True,confidence_low,8,0.625,0.125,-0.5
438,3,True,entropy_high,8,0.625,0.125,-0.5
438,3,True,mask_ratio,8,0.625,0.125,-0.5
438,3,True,oof_state_value,40,1.0,1.0,0.0
438,3,True,oracle_localization,24,1.0,1.0,0.0
439,0,False,random_checkpoint,24,0.0,0.0,0.0
439,0,False,earliest_eligible,8,0.0,0.0,0.0
439,0,False,normalized_quarter,16,0.0,0.0,0.0
439,0,False,normalized_midpoint,32,0.0,0.0,0.0
439,0,False,normalized_three_quarter,48,0.0,0.0,0.0
439,0,False,confidence_low,8,0.0,0.0,0.0
439,0,False,entropy_high,8,0.0,0.0,0.0
439,0,False,mask_ratio,8,0.0,0.0,0.0
439,0,False,oof_state_value,24,0.0,0.0,0.0
439,0,False,oracle_localization,8,0.0,0.0,0.0
440,0,False,random_checkpoint,56,0.0,0.0,0.0
440,0,False,earliest_eligible,8,0.0,0.0,0.0
440,0,False,normalized_quarter,16,0.0,0.0,0.0
440,0,False,normalized_midpoint,32,0.0,0.0,0.0
440,0,False,normalized_three_quarter,48,0.0,0.0,0.0
440,0,False,confidence_low,8,0.0,0.0,0.0
440,0,False,entropy_high,8,0.0,0.0,0.0
440,0,False,mask_ratio,8,0.0,0.0,0.0
440,0,False,oof_state_value,16,0.0,0.0,0.0
440,0,False,oracle_localization,8,0.0,0.0,0.0
441,0,False,random_checkpoint,56,0.0,0.0,0.0
441,0,False,earliest_eligible,8,0.0,0.0,0.0
441,0,False,normalized_quarter,16,0.0,0.0,0.0
441,0,False,normalized_midpoint,32,0.0,0.0,0.0
441,0,False,normalized_three_quarter,48,0.0,0.0,0.0
441,0,False,confidence_low,8,0.0,0.0,0.0
441,0,False,entropy_high,8,0.0,0.0,0.0
441,0,False,mask_ratio,8,0.0,0.0,0.0
441,0,False,oof_state_value,40,0.0,0.0,0.0
441,0,False,oracle_localization,8,0.0,0.0,0.0
441,2,True,random_checkpoint,40,1.0,1.0,0.0
441,2,True,earliest_eligible,8,0.75,0.25,-0.5
441,2,True,normalized_quarter,16,0.875,0.5,-0.375
441,2,True,normalized_midpoint,32,1.0,1.0,0.0
441,2,True,normalized_three_quarter,48,1.0,1.0,0.0
441,2,True,confidence_low,8,0.75,0.25,-0.5
441,2,True,entropy_high,8,0.75,0.25,-0.5
441,2,True,mask_ratio,8,0.75,0.25,-0.5
441,2,True,oof_state_value,24,1.0,0.75,-0.25
441,2,True,oracle_localization,32,1.0,1.0,0.0
442,0,False,random_checkpoint,24,0.0,0.0,0.0
442,0,False,earliest_eligible,8,0.0,0.0,0.0
442,0,False,normalized_quarter,16,0.0,0.0,0.0
442,0,False,normalized_midpoint,32,0.0,0.0,0.0
442,0,False,normalized_three_quarter,48,0.0,0.0,0.0
442,0,False,confidence_low,8,0.0,0.0,0.0
442,0,False,entropy_high,8,0.0,0.0,0.0
442,0,False,mask_ratio,8,0.0,0.0,0.0
442,0,False,oof_state_value,56,0.0,0.0,0.0
442,0,False,oracle_localization,8,0.0,0.0,0.0
442,7,True,random_checkpoint,24,1.0,1.0,0.0
442,7,True,earliest_eligible,8,0.75,0.625,-0.125
442,7,True,normalized_quarter,16,0.875,0.875,0.0
442,7,True,normalized_midpoint,32,1.0,1.0,0.0
442,7,True,normalized_three_quarter,48,1.0,1.0,0.0
442,7,True,confidence_low,8,0.75,0.625,-0.125
442,7,True,entropy_high,8,0.75,0.625,-0.125
442,7,True,mask_ratio,8,0.75,0.625,-0.125
442,7,True,oof_state_value,56,1.0,1.0,0.0
442,7,True,oracle_localization,8,0.75,0.625,-0.125
443,0,False,random_checkpoint,56,0.0,0.0,0.0
443,0,False,earliest_eligible,8,0.0,0.0,0.0
443,0,False,normalized_quarter,16,0.0,0.0,0.0
443,0,False,normalized_midpoint,32,0.0,0.0,0.0
443,0,False,normalized_three_quarter,48,0.0,0.0,0.0
443,0,False,confidence_low,8,0.0,0.0,0.0
443,0,False,entropy_high,8,0.0,0.0,0.0
443,0,False,mask_ratio,8,0.0,0.0,0.0
443,0,False,oof_state_value,32,0.0,0.0,0.0
443,0,False,oracle_localization,8,0.0,0.0,0.0
444,0,False,random_checkpoint,32,0.0,0.0,0.0
444,0,False,earliest_eligible,8,0.25,0.125,-0.125
444,0,False,normalized_quarter,16,0.0,0.0,0.0
444,0,False,normalized_midpoint,32,0.0,0.0,0.0
444,0,False,normalized_three_quarter,48,0.0,0.0,0.0
444,0,False,confidence_low,8,0.25,0.125,-0.125
444,0,False,entropy_high,8,0.25,0.125,-0.125
444,0,False,mask_ratio,8,0.25,0.125,-0.125
444,0,False,oof_state_value,48,0.0,0.0,0.0
444,0,False,oracle_localization,8,0.25,0.125,-0.125
444,4,True,random_checkpoint,56,1.0,1.0,0.0
444,4,True,earliest_eligible,8,0.125,0.0,-0.125
444,4,True,normalized_quarter,16,0.125,0.125,0.0
444,4,True,normalized_midpoint,32,1.0,1.0,0.0
444,4,True,normalized_three_quarter,48,1.0,1.0,0.0
444,4,True,confidence_low,8,0.125,0.0,-0.125
444,4,True,entropy_high,8,0.125,0.0,-0.125
444,4,True,mask_ratio,8,0.125,0.0,-0.125
444,4,True,oof_state_value,56,1.0,1.0,0.0
444,4,True,oracle_localization,24,1.0,1.0,0.0
445,0,False,random_checkpoint,32,0.0,0.0,0.0
445,0,False,earliest_eligible,8,0.0,0.0,0.0
445,0,False,normalized_quarter,16,0.0,0.0,0.0
445,0,False,normalized_midpoint,32,0.0,0.0,0.0
445,0,False,normalized_three_quarter,48,0.0,0.0,0.0
445,0,False,confidence_low,8,0.0,0.0,0.0
445,0,False,entropy_high,8,0.0,0.0,0.0
445,0,False,mask_ratio,8,0.0,0.0,0.0
445,0,False,oof_state_value,40,0.0,0.0,0.0
445,0,False,oracle_localization,8,0.0,0.0,0.0
446,0,False,random_checkpoint,8,0.125,0.0,-0.125
446,0,False,earliest_eligible,8,0.125,0.0,-0.125
446,0,False,normalized_quarter,16,0.125,0.0,-0.125
446,0,False,normalized_midpoint,32,0.0,0.0,0.0
446,0,False,normalized_three_quarter,48,0.0,0.0,0.0
446,0,False,confidence_low,8,0.125,0.0,-0.125
446,0,False,entropy_high,8,0.125,0.0,-0.125
446,0,False,mask_ratio,8,0.125,0.0,-0.125
446,0,False,oof_state_value,32,0.0,0.0,0.0
446,0,False,oracle_localization,16,0.125,0.0,-0.125
447,0,False,random_checkpoint,16,0.125,0.0,-0.125
447,0,False,earliest_eligible,8,0.0,0.0,0.0
447,0,False,normalized_quarter,16,0.125,0.0,-0.125
447,0,False,normalized_midpoint,32,0.0,0.0,0.0
447,0,False,normalized_three_quarter,48,0.0,0.0,0.0
447,0,False,confidence_low,16,0.125,0.0,-0.125
447,0,False,entropy_high,8,0.0,0.0,0.0
447,0,False,mask_ratio,8,0.0,0.0,0.0
447,0,False,oof_state_value,56,0.0,0.0,0.0
447,0,False,oracle_localization,8,0.0,0.0,0.0
448,0,False,random_checkpoint,64,0.0,,
448,0,False,earliest_eligible,8,0.0,0.0,0.0
448,0,False,normalized_quarter,16,0.0,0.0,0.0
448,0,False,normalized_midpoint,32,0.0,0.0,0.0
448,0,False,normalized_three_quarter,48,0.0,0.0,0.0
448,0,False,confidence_low,8,0.0,0.0,0.0
448,0,False,entropy_high,8,0.0,0.0,0.0
448,0,False,mask_ratio,8,0.0,0.0,0.0
448,0,False,oof_state_value,24,0.0,0.0,0.0
448,0,False,oracle_localization,8,0.0,0.0,0.0
449,0,True,random_checkpoint,24,0.75,0.375,-0.375
449,0,True,earliest_eligible,8,0.375,0.375,0.0
449,0,True,normalized_quarter,16,0.25,0.25,0.0
449,0,True,normalized_midpoint,32,0.375,0.5,0.125
449,0,True,normalized_three_quarter,48,1.0,1.0,0.0
449,0,True,confidence_low,8,0.375,0.375,0.0
449,0,True,entropy_high,8,0.375,0.375,0.0
449,0,True,mask_ratio,8,0.375,0.375,0.0
449,0,True,oof_state_value,16,0.25,0.25,0.0
449,0,True,oracle_localization,40,1.0,1.0,0.0
449,1,False,random_checkpoint,8,0.0,0.125,0.125
449,1,False,earliest_eligible,8,0.0,0.125,0.125
449,1,False,normalized_quarter,16,0.0,0.0,0.0
449,1,False,normalized_midpoint,32,0.0,0.0,0.0
449,1,False,normalized_three_quarter,48,0.0,0.0,0.0
449,1,False,confidence_low,24,0.0,0.0,0.0
449,1,False,entropy_high,8,0.0,0.125,0.125
449,1,False,mask_ratio,8,0.0,0.125,0.125
449,1,False,oof_state_value,16,0.0,0.0,0.0
449,1,False,oracle_localization,8,0.0,0.125,0.125
450,0,False,random_checkpoint,48,0.0,0.0,0.0
450,0,False,earliest_eligible,8,0.0,0.0,0.0
450,0,False,normalized_quarter,16,0.0,0.0,0.0
450,0,False,normalized_midpoint,32,0.0,0.0,0.0
450,0,False,normalized_three_quarter,48,0.0,0.0,0.0
450,0,False,confidence_low,8,0.0,0.0,0.0
450,0,False,entropy_high,8,0.0,0.0,0.0
450,0,False,mask_ratio,8,0.0,0.0,0.0
450,0,False,oof_state_value,48,0.0,0.0,0.0
450,0,False,oracle_localization,8,0.0,0.0,0.0
451,0,False,random_checkpoint,56,0.0,0.0,0.0
451,0,False,earliest_eligible,8,0.0,0.0,0.0
451,0,False,normalized_quarter,16,0.0,0.0,0.0
451,0,False,normalized_midpoint,32,0.0,0.0,0.0
451,0,False,normalized_three_quarter,48,0.0,0.0,0.0
451,0,False,confidence_low,8,0.0,0.0,0.0
451,0,False,entropy_high,8,0.0,0.0,0.0
451,0,False,mask_ratio,8,0.0,0.0,0.0
451,0,False,oof_state_value,24,0.0,0.0,0.0
451,0,False,oracle_localization,8,0.0,0.0,0.0
452,0,True,random_checkpoint,24,1.0,1.0,0.0
452,0,True,earliest_eligible,8,0.375,0.25,-0.125
452,0,True,normalized_quarter,16,1.0,1.0,0.0
452,0,True,normalized_midpoint,32,1.0,1.0,0.0
452,0,True,normalized_three_quarter,48,1.0,1.0,0.0
452,0,True,confidence_low,8,0.375,0.25,-0.125
452,0,True,entropy_high,8,0.375,0.25,-0.125
452,0,True,mask_ratio,8,0.375,0.25,-0.125
452,0,True,oof_state_value,48,1.0,1.0,0.0
452,0,True,oracle_localization,16,1.0,1.0,0.0
452,1,False,random_checkpoint,64,0.0,,
452,1,False,earliest_eligible,8,0.0,0.0,0.0
452,1,False,normalized_quarter,16,0.0,0.0,0.0
452,1,False,normalized_midpoint,32,0.0,0.0,0.0
452,1,False,normalized_three_quarter,48,0.0,0.0,0.0
452,1,False,confidence_low,8,0.0,0.0,0.0
452,1,False,entropy_high,8,0.0,0.0,0.0
452,1,False,mask_ratio,8,0.0,0.0,0.0
452,1,False,oof_state_value,48,0.0,0.0,0.0
452,1,False,oracle_localization,8,0.0,0.0,0.0
453,0,False,random_checkpoint,48,0.0,0.125,0.125
453,0,False,earliest_eligible,8,0.25,0.25,0.0
453,0,False,normalized_quarter,16,0.5,0.625,0.125
453,0,False,normalized_midpoint,32,0.0,0.0,0.0
453,0,False,normalized_three_quarter,48,0.0,0.125,0.125
453,0,False,confidence_low,8,0.25,0.25,0.0
453,0,False,entropy_high,8,0.25,0.25,0.0
453,0,False,mask_ratio,8,0.25,0.25,0.0
453,0,False,oof_state_value,48,0.0,0.125,0.125
453,0,False,oracle_localization,16,0.5,0.625,0.125
453,5,True,random_checkpoint,48,1.0,1.0,0.0
453,5,True,earliest_eligible,8,0.375,0.25,-0.125
453,5,True,normalized_quarter,16,0.0,0.125,0.125
453,5,True,normalized_midpoint,32,0.875,1.0,0.125
453,5,True,normalized_three_quarter,48,1.0,1.0,0.0
453,5,True,confidence_low,8,0.375,0.25,-0.125
453,5,True,entropy_high,8,0.375,0.25,-0.125
453,5,True,mask_ratio,8,0.375,0.25,-0.125
453,5,True,oof_state_value,56,1.0,1.0,0.0
453,5,True,oracle_localization,32,0.875,1.0,0.125
454,0,False,random_checkpoint,16,0.0,0.0,0.0
454,0,False,earliest_eligible,8,0.0,0.0,0.0
454,0,False,normalized_quarter,16,0.0,0.0,0.0
454,0,False,normalized_midpoint,32,0.0,0.0,0.0
454,0,False,normalized_three_quarter,48,0.0,0.0,0.0
454,0,False,confidence_low,8,0.0,0.0,0.0
454,0,False,entropy_high,8,0.0,0.0,0.0
454,0,False,mask_ratio,8,0.0,0.0,0.0
454,0,False,oof_state_value,32,0.0,0.0,0.0
454,0,False,oracle_localization,8,0.0,0.0,0.0
455,0,True,random_checkpoint,56,1.0,1.0,0.0
455,0,True,earliest_eligible,8,1.0,1.0,0.0
455,0,True,normalized_quarter,16,1.0,1.0,0.0
455,0,True,normalized_midpoint,32,1.0,1.0,0.0
455,0,True,normalized_three_quarter,48,1.0,1.0,0.0
455,0,True,confidence_low,8,1.0,1.0,0.0
455,0,True,entropy_high,8,1.0,1.0,0.0
455,0,True,mask_ratio,8,1.0,1.0,0.0
455,0,True,oof_state_value,16,1.0,1.0,0.0
455,0,True,oracle_localization,8,1.0,1.0,0.0
455,2,False,random_checkpoint,16,0.25,0.0,-0.25
455,2,False,earliest_eligible,8,0.75,0.75,0.0
455,2,False,normalized_quarter,16,0.25,0.0,-0.25
455,2,False,normalized_midpoint,32,0.0,0.0,0.0
455,2,False,normalized_three_quarter,48,0.0,0.0,0.0
455,2,False,confidence_low,8,0.75,0.75,0.0
455,2,False,entropy_high,8,0.75,0.75,0.0
455,2,False,mask_ratio,8,0.75,0.75,0.0
455,2,False,oof_state_value,40,0.0,0.0,0.0
455,2,False,oracle_localization,8,0.75,0.75,0.0
456,0,False,random_checkpoint,16,0.0,0.0,0.0
456,0,False,earliest_eligible,8,0.0,0.0,0.0
456,0,False,normalized_quarter,16,0.0,0.0,0.0
456,0,False,normalized_midpoint,32,0.0,0.0,0.0
456,0,False,normalized_three_quarter,48,0.0,0.0,0.0
456,0,False,confidence_low,8,0.0,0.0,0.0
456,0,False,entropy_high,8,0.0,0.0,0.0
456,0,False,mask_ratio,8,0.0,0.0,0.0
456,0,False,oof_state_value,56,0.0,0.0,0.0
456,0,False,oracle_localization,8,0.0,0.0,0.0
456,6,True,random_checkpoint,64,1.0,,
456,6,True,earliest_eligible,8,1.0,0.625,-0.375
456,6,True,normalized_quarter,16,1.0,1.0,0.0
456,6,True,normalized_midpoint,32,1.0,1.0,0.0
456,6,True,normalized_three_quarter,48,1.0,1.0,0.0
456,6,True,confidence_low,8,1.0,0.625,-0.375
456,6,True,entropy_high,8,1.0,0.625,-0.375
456,6,True,mask_ratio,8,1.0,0.625,-0.375
456,6,True,oof_state_value,40,1.0,1.0,0.0
456,6,True,oracle_localization,16,1.0,1.0,0.0
457,0,True,random_checkpoint,64,1.0,,
457,0,True,earliest_eligible,8,1.0,1.0,0.0
457,0,True,normalized_quarter,16,1.0,1.0,0.0
457,0,True,normalized_midpoint,32,1.0,1.0,0.0
457,0,True,normalized_three_quarter,48,1.0,1.0,0.0
457,0,True,confidence_low,8,1.0,1.0,0.0
457,0,True,entropy_high,8,1.0,1.0,0.0
457,0,True,mask_ratio,8,1.0,1.0,0.0
457,0,True,oof_state_value,16,1.0,1.0,0.0
457,0,True,oracle_localization,8,1.0,1.0,0.0
458,0,False,random_checkpoint,48,0.0,0.0,0.0
458,0,False,earliest_eligible,8,0.0,0.25,0.25
458,0,False,normalized_quarter,16,0.0,0.25,0.25
458,0,False,normalized_midpoint,32,0.0,0.0,0.0
458,0,False,normalized_three_quarter,48,0.0,0.0,0.0
458,0,False,confidence_low,8,0.0,0.25,0.25
458,0,False,entropy_high,8,0.0,0.25,0.25
458,0,False,mask_ratio,8,0.0,0.25,0.25
458,0,False,oof_state_value,48,0.0,0.0,0.0
458,0,False,oracle_localization,16,0.0,0.25,0.25
459,0,False,random_checkpoint,64,0.0,,
459,0,False,earliest_eligible,8,0.0,0.0,0.0
459,0,False,normalized_quarter,16,0.0,0.0,0.0
459,0,False,normalized_midpoint,32,0.0,0.0,0.0
459,0,False,normalized_three_quarter,48,0.0,0.0,0.0
459,0,False,confidence_low,8,0.0,0.0,0.0
459,0,False,entropy_high,8,0.0,0.0,0.0
459,0,False,mask_ratio,8,0.0,0.0,0.0
459,0,False,oof_state_value,16,0.0,0.0,0.0
459,0,False,oracle_localization,8,0.0,0.0,0.0
460,0,False,random_checkpoint,64,0.0,,
460,0,False,earliest_eligible,8,0.0,0.0,0.0
460,0,False,normalized_quarter,16,0.0,0.0,0.0
460,0,False,normalized_midpoint,32,0.0,0.0,0.0
460,0,False,normalized_three_quarter,48,0.0,0.0,0.0
460,0,False,confidence_low,8,0.0,0.0,0.0
460,0,False,entropy_high,8,0.0,0.0,0.0
460,0,False,mask_ratio,8,0.0,0.0,0.0
460,0,False,oof_state_value,32,0.0,0.0,0.0
460,0,False,oracle_localization,8,0.0,0.0,0.0
461,0,False,random_checkpoint,40,0.0,0.0,0.0
461,0,False,earliest_eligible,8,0.0,0.0,0.0
461,0,False,normalized_quarter,16,0.0,0.0,0.0
461,0,False,normalized_midpoint,32,0.0,0.0,0.0
461,0,False,normalized_three_quarter,48,0.0,0.0,0.0
461,0,False,confidence_low,8,0.0,0.0,0.0
461,0,False,entropy_high,8,0.0,0.0,0.0
461,0,False,mask_ratio,8,0.0,0.0,0.0
461,0,False,oof_state_value,56,0.0,0.0,0.0
461,0,False,oracle_localization,8,0.0,0.0,0.0
461,2,True,random_checkpoint,24,1.0,1.0,0.0
461,2,True,earliest_eligible,8,0.125,0.125,0.0
461,2,True,normalized_quarter,16,1.0,1.0,0.0
461,2,True,normalized_midpoint,32,1.0,1.0,0.0
461,2,True,normalized_three_quarter,48,1.0,1.0,0.0
461,2,True,confidence_low,8,0.125,0.125,0.0
461,2,True,entropy_high,8,0.125,0.125,0.0
461,2,True,mask_ratio,8,0.125,0.125,0.0
461,2,True,oof_state_value,32,1.0,1.0,0.0
461,2,True,oracle_localization,16,1.0,1.0,0.0
462,0,False,random_checkpoint,48,0.0,0.0,0.0
462,0,False,earliest_eligible,8,0.0,0.0,0.0
462,0,False,normalized_quarter,16,0.0,0.0,0.0
462,0,False,normalized_midpoint,32,0.0,0.0,0.0
462,0,False,normalized_three_quarter,48,0.0,0.0,0.0
462,0,False,confidence_low,8,0.0,0.0,0.0
462,0,False,entropy_high,8,0.0,0.0,0.0
462,0,False,mask_ratio,8,0.0,0.0,0.0
462,0,False,oof_state_value,16,0.0,0.0,0.0
462,0,False,oracle_localization,8,0.0,0.0,0.0
463,0,False,random_checkpoint,8,0.125,0.75,0.625
463,0,False,earliest_eligible,8,0.125,0.75,0.625
463,0,False,normalized_quarter,16,0.75,0.5,-0.25
463,0,False,normalized_midpoint,32,0.0,0.0,0.0
463,0,False,normalized_three_quarter,48,0.0,0.0,0.0
463,0,False,confidence_low,8,0.125,0.75,0.625
463,0,False,entropy_high,8,0.125,0.75,0.625
463,0,False,mask_ratio,8,0.125,0.75,0.625
463,0,False,oof_state_value,24,0.125,0.0,-0.125
463,0,False,oracle_localization,16,0.75,0.5,-0.25
463,1,True,random_checkpoint,64,1.0,,
463,1,True,earliest_eligible,8,1.0,1.0,0.0
463,1,True,normalized_quarter,16,1.0,1.0,0.0
463,1,True,normalized_midpoint,32,1.0,1.0,0.0
463,1,True,normalized_three_quarter,48,1.0,1.0,0.0
463,1,True,confidence_low,8,1.0,1.0,0.0
463,1,True,entropy_high,8,1.0,1.0,0.0
463,1,True,mask_ratio,8,1.0,1.0,0.0
463,1,True,oof_state_value,32,1.0,1.0,0.0
463,1,True,oracle_localization,8,1.0,1.0,0.0
464,0,False,random_checkpoint,32,0.0,0.0,0.0
464,0,False,earliest_eligible,8,0.0,0.0,0.0
464,0,False,normalized_quarter,16,0.0,0.0,0.0
464,0,False,normalized_midpoint,32,0.0,0.0,0.0
464,0,False,normalized_three_quarter,48,0.0,0.0,0.0
464,0,False,confidence_low,8,0.0,0.0,0.0
464,0,False,entropy_high,8,0.0,0.0,0.0
464,0,False,mask_ratio,8,0.0,0.0,0.0
464,0,False,oof_state_value,56,0.0,0.0,0.0
464,0,False,oracle_localization,16,0.0,0.0,0.0
465,0,False,random_checkpoint,48,0.0,0.0,0.0
465,0,False,earliest_eligible,8,0.0,0.0,0.0
465,0,False,normalized_quarter,16,0.0,0.0,0.0
465,0,False,normalized_midpoint,32,0.0,0.0,0.0
465,0,False,normalized_three_quarter,48,0.0,0.0,0.0
465,0,False,confidence_low,8,0.0,0.0,0.0
465,0,False,entropy_high,8,0.0,0.0,0.0
465,0,False,mask_ratio,8,0.0,0.0,0.0
465,0,False,oof_state_value,40,0.0,0.0,0.0
465,0,False,oracle_localization,8,0.0,0.0,0.0
466,0,False,random_checkpoint,16,0.0,0.0,0.0
466,0,False,earliest_eligible,8,0.0,0.0,0.0
466,0,False,normalized_quarter,16,0.0,0.0,0.0
466,0,False,normalized_midpoint,32,0.0,0.0,0.0
466,0,False,normalized_three_quarter,48,0.0,0.0,0.0
466,0,False,confidence_low,8,0.0,0.0,0.0
466,0,False,entropy_high,8,0.0,0.0,0.0
466,0,False,mask_ratio,8,0.0,0.0,0.0
466,0,False,oof_state_value,40,0.0,0.0,0.0
466,0,False,oracle_localization,8,0.0,0.0,0.0
467,0,False,random_checkpoint,48,0.0,0.0,0.0
467,0,False,earliest_eligible,8,0.0,0.0,0.0
467,0,False,normalized_quarter,16,0.0,0.0,0.0
467,0,False,normalized_midpoint,32,0.0,0.0,0.0
467,0,False,normalized_three_quarter,48,0.0,0.0,0.0
467,0,False,confidence_low,8,0.0,0.0,0.0
467,0,False,entropy_high,8,0.0,0.0,0.0
467,0,False,mask_ratio,8,0.0,0.0,0.0
467,0,False,oof_state_value,56,0.0,0.0,0.0
467,0,False,oracle_localization,8,0.0,0.0,0.0
468,0,False,random_checkpoint,56,0.0,0.0,0.0
468,0,False,earliest_eligible,8,0.0,0.125,0.125
468,0,False,normalized_quarter,16,0.0,0.0,0.0
468,0,False,normalized_midpoint,32,0.0,0.0,0.0
468,0,False,normalized_three_quarter,48,0.0,0.0,0.0
468,0,False,confidence_low,8,0.0,0.125,0.125
468,0,False,entropy_high,8,0.0,0.125,0.125
468,0,False,mask_ratio,8,0.0,0.125,0.125
468,0,False,oof_state_value,32,0.0,0.0,0.0
468,0,False,oracle_localization,8,0.0,0.125,0.125
469,0,False,random_checkpoint,8,0.0,0.0,0.0
469,0,False,earliest_eligible,8,0.0,0.0,0.0
469,0,False,normalized_quarter,16,0.0,0.0,0.0
469,0,False,normalized_midpoint,32,0.0,0.0,0.0
469,0,False,normalized_three_quarter,48,0.0,0.0,0.0
469,0,False,confidence_low,16,0.0,0.0,0.0
469,0,False,entropy_high,8,0.0,0.0,0.0
469,0,False,mask_ratio,8,0.0,0.0,0.0
469,0,False,oof_state_value,48,0.0,0.0,0.0
469,0,False,oracle_localization,8,0.0,0.0,0.0
469,1,True,random_checkpoint,8,0.75,0.5,-0.25
469,1,True,earliest_eligible,8,0.75,0.5,-0.25
469,1,True,normalized_quarter,16,0.625,0.75,0.125
469,1,True,normalized_midpoint,32,1.0,1.0,0.0
469,1,True,normalized_three_quarter,48,1.0,1.0,0.0
469,1,True,confidence_low,64,1.0,,
469,1,True,entropy_high,8,0.75,0.5,-0.25
469,1,True,mask_ratio,8,0.75,0.5,-0.25
469,1,True,oof_state_value,56,1.0,1.0,0.0
469,1,True,oracle_localization,16,0.625,0.75,0.125
470,0,False,random_checkpoint,40,0.0,0.0,0.0
470,0,False,earliest_eligible,8,0.0,0.0,0.0
470,0,False,normalized_quarter,16,0.0,0.0,0.0
470,0,False,normalized_midpoint,32,0.0,0.0,0.0
470,0,False,normalized_three_quarter,48,0.0,0.0,0.0
470,0,False,confidence_low,8,0.0,0.0,0.0
470,0,False,entropy_high,8,0.0,0.0,0.0
470,0,False,mask_ratio,8,0.0,0.0,0.0
470,0,False,oof_state_value,40,0.0,0.0,0.0
470,0,False,oracle_localization,8,0.0,0.0,0.0
471,0,False,random_checkpoint,48,0.0,0.0,0.0
471,0,False,earliest_eligible,8,0.0,0.0,0.0
471,0,False,normalized_quarter,16,0.5,0.5,0.0
471,0,False,normalized_midpoint,32,0.0,0.0,0.0
471,0,False,normalized_three_quarter,48,0.0,0.0,0.0
471,0,False,confidence_low,8,0.0,0.0,0.0
471,0,False,entropy_high,8,0.0,0.0,0.0
471,0,False,mask_ratio,8,0.0,0.0,0.0
471,0,False,oof_state_value,24,0.0,0.0,0.0
471,0,False,oracle_localization,16,0.5,0.5,0.0
472,0,False,random_checkpoint,56,0.0,0.0,0.0
472,0,False,earliest_eligible,8,0.0,0.0,0.0
472,0,False,normalized_quarter,16,0.0,0.0,0.0
472,0,False,normalized_midpoint,32,0.0,0.0,0.0
472,0,False,normalized_three_quarter,48,0.0,0.0,0.0
472,0,False,confidence_low,8,0.0,0.0,0.0
472,0,False,entropy_high,8,0.0,0.0,0.0
472,0,False,mask_ratio,8,0.0,0.0,0.0
472,0,False,oof_state_value,24,0.0,0.0,0.0
472,0,False,oracle_localization,8,0.0,0.0,0.0
473,0,False,random_checkpoint,24,0.0,0.0,0.0
473,0,False,earliest_eligible,8,0.0,0.0,0.0
473,0,False,normalized_quarter,16,0.0,0.0,0.0
473,0,False,normalized_midpoint,32,0.0,0.0,0.0
473,0,False,normalized_three_quarter,48,0.0,0.0,0.0
473,0,False,confidence_low,8,0.0,0.0,0.0
473,0,False,entropy_high,8,0.0,0.0,0.0
473,0,False,mask_ratio,8,0.0,0.0,0.0
473,0,False,oof_state_value,32,0.0,0.0,0.0
473,0,False,oracle_localization,8,0.0,0.0,0.0
474,0,True,random_checkpoint,48,1.0,1.0,0.0
474,0,True,earliest_eligible,8,0.875,0.5,-0.375
474,0,True,normalized_quarter,16,1.0,1.0,0.0
474,0,True,normalized_midpoint,32,1.0,1.0,0.0
474,0,True,normalized_three_quarter,48,1.0,1.0,0.0
474,0,True,confidence_low,8,0.875,0.5,-0.375
474,0,True,entropy_high,8,0.875,0.5,-0.375
474,0,True,mask_ratio,8,0.875,0.5,-0.375
474,0,True,oof_state_value,48,1.0,1.0,0.0
474,0,True,oracle_localization,16,1.0,1.0,0.0
474,2,False,random_checkpoint,8,0.0,0.0,0.0
474,2,False,earliest_eligible,8,0.0,0.0,0.0
474,2,False,normalized_quarter,16,0.0,0.125,0.125
474,2,False,normalized_midpoint,32,0.0,0.0,0.0
474,2,False,normalized_three_quarter,48,0.0,0.0,0.0
474,2,False,confidence_low,8,0.0,0.0,0.0
474,2,False,entropy_high,8,0.0,0.0,0.0
474,2,False,mask_ratio,8,0.0,0.0,0.0
474,2,False,oof_state_value,16,0.0,0.125,0.125
474,2,False,oracle_localization,8,0.0,0.0,0.0
475,0,False,random_checkpoint,32,0.0,0.0,0.0
475,0,False,earliest_eligible,8,0.0,0.0,0.0
475,0,False,normalized_quarter,16,0.0,0.0,0.0
475,0,False,normalized_midpoint,32,0.0,0.0,0.0
475,0,False,normalized_three_quarter,48,0.0,0.0,0.0
475,0,False,confidence_low,8,0.0,0.0,0.0
475,0,False,entropy_high,8,0.0,0.0,0.0
475,0,False,mask_ratio,8,0.0,0.0,0.0
475,0,False,oof_state_value,48,0.0,0.0,0.0
475,0,False,oracle_localization,8,0.0,0.0,0.0
476,0,False,random_checkpoint,64,0.0,,
476,0,False,earliest_eligible,8,0.25,0.375,0.125
476,0,False,normalized_quarter,16,0.125,0.0,-0.125
476,0,False,normalized_midpoint,32,0.0,0.0,0.0
476,0,False,normalized_three_quarter,48,0.0,0.0,0.0
476,0,False,confidence_low,8,0.25,0.375,0.125
476,0,False,entropy_high,8,0.25,0.375,0.125
476,0,False,mask_ratio,8,0.25,0.375,0.125
476,0,False,oof_state_value,48,0.0,0.0,0.0
476,0,False,oracle_localization,16,0.125,0.0,-0.125
476,3,True,random_checkpoint,56,1.0,1.0,0.0
476,3,True,earliest_eligible,8,0.625,0.75,0.125
476,3,True,normalized_quarter,16,1.0,0.875,-0.125
476,3,True,normalized_midpoint,32,1.0,1.0,0.0
476,3,True,normalized_three_quarter,48,1.0,1.0,0.0
476,3,True,confidence_low,8,0.625,0.75,0.125
476,3,True,entropy_high,8,0.625,0.75,0.125
476,3,True,mask_ratio,8,0.625,0.75,0.125
476,3,True,oof_state_value,56,1.0,1.0,0.0
476,3,True,oracle_localization,16,1.0,0.875,-0.125
477,0,False,random_checkpoint,16,1.0,0.625,-0.375
477,0,False,earliest_eligible,8,1.0,0.125,-0.875
477,0,False,normalized_quarter,16,1.0,0.625,-0.375
477,0,False,normalized_midpoint,32,0.5,0.875,0.375
477,0,False,normalized_three_quarter,48,0.0,0.0,0.0
477,0,False,confidence_low,8,1.0,0.125,-0.875
477,0,False,entropy_high,8,1.0,0.125,-0.875
477,0,False,mask_ratio,8,1.0,0.125,-0.875
477,0,False,oof_state_value,32,0.5,0.875,0.375
477,0,False,oracle_localization,16,1.0,0.625,-0.375
477,1,True,random_checkpoint,8,0.5,0.25,-0.25
477,1,True,earliest_eligible,8,0.5,0.25,-0.25
477,1,True,normalized_quarter,16,0.25,0.125,-0.125
477,1,True,normalized_midpoint,32,1.0,1.0,0.0
477,1,True,normalized_three_quarter,48,1.0,1.0,0.0
477,1,True,confidence_low,8,0.5,0.25,-0.25
477,1,True,entropy_high,8,0.5,0.25,-0.25
477,1,True,mask_ratio,8,0.5,0.25,-0.25
477,1,True,oof_state_value,32,1.0,1.0,0.0
477,1,True,oracle_localization,24,1.0,1.0,0.0
478,0,False,random_checkpoint,48,0.0,0.0,0.0
478,0,False,earliest_eligible,8,0.0,0.0,0.0
478,0,False,normalized_quarter,16,0.0,0.0,0.0
478,0,False,normalized_midpoint,32,0.0,0.0,0.0
478,0,False,normalized_three_quarter,48,0.0,0.0,0.0
478,0,False,confidence_low,8,0.0,0.0,0.0
478,0,False,entropy_high,8,0.0,0.0,0.0
478,0,False,mask_ratio,8,0.0,0.0,0.0
478,0,False,oof_state_value,32,0.0,0.0,0.0
478,0,False,oracle_localization,8,0.0,0.0,0.0
478,2,True,random_checkpoint,24,0.75,0.5,-0.25
478,2,True,earliest_eligible,8,0.0,0.0,0.0
478,2,True,normalized_quarter,16,0.0,0.0,0.0
478,2,True,normalized_midpoint,32,0.875,1.0,0.125
478,2,True,normalized_three_quarter,48,0.875,0.75,-0.125
478,2,True,confidence_low,8,0.0,0.0,0.0
478,2,True,entropy_high,8,0.0,0.0,0.0
478,2,True,mask_ratio,8,0.0,0.0,0.0
478,2,True,oof_state_value,32,0.875,1.0,0.125
478,2,True,oracle_localization,48,0.875,0.75,-0.125
479,0,False,random_checkpoint,40,0.0,0.0,0.0
479,0,False,earliest_eligible,8,0.125,0.0,-0.125
479,0,False,normalized_quarter,16,0.0,0.0,0.0
479,0,False,normalized_midpoint,32,0.0,0.0,0.0
479,0,False,normalized_three_quarter,48,0.0,0.0,0.0
479,0,False,confidence_low,8,0.125,0.0,-0.125
479,0,False,entropy_high,8,0.125,0.0,-0.125
479,0,False,mask_ratio,8,0.125,0.0,-0.125
479,0,False,oof_state_value,40,0.0,0.0,0.0
479,0,False,oracle_localization,8,0.125,0.0,-0.125
479,2,True,random_checkpoint,8,0.75,0.375,-0.375
479,2,True,earliest_eligible,8,0.75,0.375,-0.375
479,2,True,normalized_quarter,16,0.25,0.125,-0.125
479,2,True,normalized_midpoint,32,0.25,0.375,0.125
479,2,True,normalized_three_quarter,48,1.0,1.0,0.0
479,2,True,confidence_low,8,0.75,0.375,-0.375
479,2,True,entropy_high,8,0.75,0.375,-0.375
479,2,True,mask_ratio,8,0.75,0.375,-0.375
479,2,True,oof_state_value,48,1.0,1.0,0.0
479,2,True,oracle_localization,40,0.875,1.0,0.125
480,0,False,random_checkpoint,16,0.0,0.0,0.0
480,0,False,earliest_eligible,8,0.0,0.0,0.0
480,0,False,normalized_quarter,16,0.0,0.0,0.0
480,0,False,normalized_midpoint,32,0.0,0.0,0.0
480,0,False,normalized_three_quarter,48,0.0,0.0,0.0
480,0,False,confidence_low,8,0.0,0.0,0.0
480,0,False,entropy_high,32,0.0,0.0,0.0
480,0,False,mask_ratio,8,0.0,0.0,0.0
480,0,False,oof_state_value,8,0.0,0.0,0.0
480,0,False,oracle_localization,8,0.0,0.0,0.0
480,2,True,random_checkpoint,16,1.0,0.0,-1.0
480,2,True,earliest_eligible,8,1.0,0.0,-1.0
480,2,True,normalized_quarter,16,1.0,0.0,-1.0
480,2,True,normalized_midpoint,32,1.0,0.0,-1.0
480,2,True,normalized_three_quarter,48,1.0,0.0,-1.0
480,2,True,confidence_low,8,1.0,0.0,-1.0
480,2,True,entropy_high,8,1.0,0.0,-1.0
480,2,True,mask_ratio,8,1.0,0.0,-1.0
480,2,True,oof_state_value,8,1.0,0.0,-1.0
480,2,True,oracle_localization,8,1.0,0.0,-1.0
481,0,False,random_checkpoint,48,0.0,0.0,0.0
481,0,False,earliest_eligible,8,0.0,0.0,0.0
481,0,False,normalized_quarter,16,0.0,0.0,0.0
481,0,False,normalized_midpoint,32,0.0,0.0,0.0
481,0,False,normalized_three_quarter,48,0.0,0.0,0.0
481,0,False,confidence_low,8,0.0,0.0,0.0
481,0,False,entropy_high,8,0.0,0.0,0.0
481,0,False,mask_ratio,8,0.0,0.0,0.0
481,0,False,oof_state_value,56,0.0,0.0,0.0
481,0,False,oracle_localization,8,0.0,0.0,0.0
482,0,False,random_checkpoint,40,0.0,0.0,0.0
482,0,False,earliest_eligible,8,0.0,0.0,0.0
482,0,False,normalized_quarter,16,0.0,0.0,0.0
482,0,False,normalized_midpoint,32,0.0,0.0,0.0
482,0,False,normalized_three_quarter,48,0.0,0.0,0.0
482,0,False,confidence_low,8,0.0,0.0,0.0
482,0,False,entropy_high,8,0.0,0.0,0.0
482,0,False,mask_ratio,8,0.0,0.0,0.0
482,0,False,oof_state_value,56,0.0,0.0,0.0
482,0,False,oracle_localization,8,0.0,0.0,0.0
483,0,False,random_checkpoint,32,0.0,0.0,0.0
483,0,False,earliest_eligible,8,0.0,0.0,0.0
483,0,False,normalized_quarter,16,0.0,0.0,0.0
483,0,False,normalized_midpoint,32,0.0,0.0,0.0
483,0,False,normalized_three_quarter,48,0.0,0.0,0.0
483,0,False,confidence_low,8,0.0,0.0,0.0
483,0,False,entropy_high,8,0.0,0.0,0.0
483,0,False,mask_ratio,8,0.0,0.0,0.0
483,0,False,oof_state_value,32,0.0,0.0,0.0
483,0,False,oracle_localization,8,0.0,0.0,0.0
484,0,False,random_checkpoint,56,0.0,0.0,0.0
484,0,False,earliest_eligible,8,0.0,0.0,0.0
484,0,False,normalized_quarter,16,0.0,0.0,0.0
484,0,False,normalized_midpoint,32,0.0,0.0,0.0
484,0,False,normalized_three_quarter,48,0.0,0.0,0.0
484,0,False,confidence_low,16,0.0,0.0,0.0
484,0,False,entropy_high,8,0.0,0.0,0.0
484,0,False,mask_ratio,8,0.0,0.0,0.0
484,0,False,oof_state_value,56,0.0,0.0,0.0
484,0,False,oracle_localization,8,0.0,0.0,0.0
485,0,False,random_checkpoint,24,0.125,0.0,-0.125
485,0,False,earliest_eligible,8,0.0,0.125,0.125
485,0,False,normalized_quarter,16,0.0,0.125,0.125
485,0,False,normalized_midpoint,32,0.0,0.0,0.0
485,0,False,normalized_three_quarter,48,0.0,0.0,0.0
485,0,False,confidence_low,8,0.0,0.125,0.125
485,0,False,entropy_high,8,0.0,0.125,0.125
485,0,False,mask_ratio,8,0.0,0.125,0.125
485,0,False,oof_state_value,24,0.125,0.0,-0.125
485,0,False,oracle_localization,24,0.125,0.0,-0.125
485,5,True,random_checkpoint,24,0.75,0.875,0.125
485,5,True,earliest_eligible,8,0.125,0.0,-0.125
485,5,True,normalized_quarter,16,0.5,0.625,0.125
485,5,True,normalized_midpoint,32,1.0,1.0,0.0
485,5,True,normalized_three_quarter,48,1.0,1.0,0.0
485,5,True,confidence_low,8,0.125,0.0,-0.125
485,5,True,entropy_high,8,0.125,0.0,-0.125
485,5,True,mask_ratio,8,0.125,0.0,-0.125
485,5,True,oof_state_value,48,1.0,1.0,0.0
485,5,True,oracle_localization,32,1.0,1.0,0.0
486,0,False,random_checkpoint,16,0.125,0.375,0.25
486,0,False,earliest_eligible,8,0.625,0.75,0.125
486,0,False,normalized_quarter,16,0.125,0.375,0.25
486,0,False,normalized_midpoint,32,0.0,0.0,0.0
486,0,False,normalized_three_quarter,48,0.0,0.0,0.0
486,0,False,confidence_low,8,0.625,0.75,0.125
486,0,False,entropy_high,8,0.625,0.75,0.125
486,0,False,mask_ratio,8,0.625,0.75,0.125
486,0,False,oof_state_value,48,0.0,0.0,0.0
486,0,False,oracle_localization,8,0.625,0.75,0.125
486,1,True,random_checkpoint,32,1.0,1.0,0.0
486,1,True,earliest_eligible,8,1.0,1.0,0.0
486,1,True,normalized_quarter,16,1.0,1.0,0.0
486,1,True,normalized_midpoint,32,1.0,1.0,0.0
486,1,True,normalized_three_quarter,48,1.0,1.0,0.0
486,1,True,confidence_low,16,1.0,1.0,0.0
486,1,True,entropy_high,8,1.0,1.0,0.0
486,1,True,mask_ratio,8,1.0,1.0,0.0
486,1,True,oof_state_value,16,1.0,1.0,0.0
486,1,True,oracle_localization,8,1.0,1.0,0.0
487,0,True,random_checkpoint,48,1.0,1.0,0.0
487,0,True,earliest_eligible,8,0.875,1.0,0.125
487,0,True,normalized_quarter,16,1.0,0.75,-0.25
487,0,True,normalized_midpoint,32,1.0,1.0,0.0
487,0,True,normalized_three_quarter,48,1.0,1.0,0.0
487,0,True,confidence_low,8,0.875,1.0,0.125
487,0,True,entropy_high,8,0.875,1.0,0.125
487,0,True,mask_ratio,8,0.875,1.0,0.125
487,0,True,oof_state_value,24,1.0,0.875,-0.125
487,0,True,oracle_localization,8,0.875,1.0,0.125
487,3,False,random_checkpoint,56,0.0,0.0,0.0
487,3,False,earliest_eligible,8,0.0,0.125,0.125
487,3,False,normalized_quarter,16,0.125,0.0,-0.125
487,3,False,normalized_midpoint,32,0.0,0.0,0.0
487,3,False,normalized_three_quarter,48,0.0,0.0,0.0
487,3,False,confidence_low,8,0.0,0.125,0.125
487,3,False,entropy_high,8,0.0,0.125,0.125
487,3,False,mask_ratio,8,0.0,0.125,0.125
487,3,False,oof_state_value,48,0.0,0.0,0.0
487,3,False,oracle_localization,8,0.0,0.125,0.125
488,0,True,random_checkpoint,24,1.0,1.0,0.0
488,0,True,earliest_eligible,8,1.0,1.0,0.0
488,0,True,normalized_quarter,16,1.0,1.0,0.0
488,0,True,normalized_midpoint,32,1.0,1.0,0.0
488,0,True,normalized_three_quarter,48,1.0,1.0,0.0
488,0,True,confidence_low,8,1.0,1.0,0.0
488,0,True,entropy_high,8,1.0,1.0,0.0
488,0,True,mask_ratio,8,1.0,1.0,0.0
488,0,True,oof_state_value,40,1.0,1.0,0.0
488,0,True,oracle_localization,8,1.0,1.0,0.0
488,1,False,random_checkpoint,48,0.0,0.0,0.0
488,1,False,earliest_eligible,8,0.875,0.75,-0.125
488,1,False,normalized_quarter,16,0.0,0.0,0.0
488,1,False,normalized_midpoint,32,0.0,0.0,0.0
488,1,False,normalized_three_quarter,48,0.0,0.0,0.0
488,1,False,confidence_low,8,0.875,0.75,-0.125
488,1,False,entropy_high,8,0.875,0.75,-0.125
488,1,False,mask_ratio,8,0.875,0.75,-0.125
488,1,False,oof_state_value,48,0.0,0.0,0.0
488,1,False,oracle_localization,8,0.875,0.75,-0.125
489,0,False,random_checkpoint,64,0.0,,
489,0,False,earliest_eligible,8,0.25,0.5,0.25
489,0,False,normalized_quarter,16,0.0,0.0,0.0
489,0,False,normalized_midpoint,32,0.0,0.0,0.0
489,0,False,normalized_three_quarter,48,0.0,0.0,0.0
489,0,False,confidence_low,8,0.25,0.5,0.25
489,0,False,entropy_high,8,0.25,0.5,0.25
489,0,False,mask_ratio,8,0.25,0.5,0.25
489,0,False,oof_state_value,56,0.0,0.0,0.0
489,0,False,oracle_localization,8,0.25,0.5,0.25
489,5,True,random_checkpoint,40,0.625,1.0,0.375
489,5,True,earliest_eligible,8,0.5,0.875,0.375
489,5,True,normalized_quarter,16,0.625,0.875,0.25
489,5,True,normalized_midpoint,32,0.875,1.0,0.125
489,5,True,normalized_three_quarter,48,1.0,1.0,0.0
489,5,True,confidence_low,8,0.5,0.875,0.375
489,5,True,entropy_high,8,0.5,0.875,0.375
489,5,True,mask_ratio,8,0.5,0.875,0.375
489,5,True,oof_state_value,48,1.0,1.0,0.0
489,5,True,oracle_localization,16,0.625,0.875,0.25
490,0,False,random_checkpoint,64,0.0,,
490,0,False,earliest_eligible,8,0.0,0.0,0.0
490,0,False,normalized_quarter,16,0.0,0.0,0.0
490,0,False,normalized_midpoint,32,0.0,0.0,0.0
490,0,False,normalized_three_quarter,48,0.0,0.0,0.0
490,0,False,confidence_low,8,0.0,0.0,0.0
490,0,False,entropy_high,8,0.0,0.0,0.0
490,0,False,mask_ratio,8,0.0,0.0,0.0
490,0,False,oof_state_value,56,0.0,0.0,0.0
490,0,False,oracle_localization,8,0.0,0.0,0.0
490,6,True,random_checkpoint,16,0.625,0.5,-0.125
490,6,True,earliest_eligible,8,0.125,0.0,-0.125
490,6,True,normalized_quarter,16,0.625,0.5,-0.125
490,6,True,normalized_midpoint,32,0.75,0.375,-0.375
490,6,True,normalized_three_quarter,48,1.0,0.875,-0.125
490,6,True,confidence_low,8,0.125,0.0,-0.125
490,6,True,entropy_high,8,0.125,0.0,-0.125
490,6,True,mask_ratio,8,0.125,0.0,-0.125
490,6,True,oof_state_value,40,0.875,0.875,0.0
490,6,True,oracle_localization,48,1.0,0.875,-0.125
491,0,False,random_checkpoint,8,0.0,0.0,0.0
491,0,False,earliest_eligible,8,0.0,0.0,0.0
491,0,False,normalized_quarter,16,0.0,0.0,0.0
491,0,False,normalized_midpoint,32,0.0,0.0,0.0
491,0,False,normalized_three_quarter,48,0.0,0.0,0.0
491,0,False,confidence_low,8,0.0,0.0,0.0
491,0,False,entropy_high,8,0.0,0.0,0.0
491,0,False,mask_ratio,8,0.0,0.0,0.0
491,0,False,oof_state_value,32,0.0,0.0,0.0
491,0,False,oracle_localization,8,0.0,0.0,0.0
492,0,False,random_checkpoint,48,0.0,0.0,0.0
492,0,False,earliest_eligible,8,0.0,0.0,0.0
492,0,False,normalized_quarter,16,0.0,0.0,0.0
492,0,False,normalized_midpoint,32,0.0,0.0,0.0
492,0,False,normalized_three_quarter,48,0.0,0.0,0.0
492,0,False,confidence_low,16,0.0,0.0,0.0
492,0,False,entropy_high,8,0.0,0.0,0.0
492,0,False,mask_ratio,8,0.0,0.0,0.0
492,0,False,oof_state_value,24,0.0,0.0,0.0
492,0,False,oracle_localization,8,0.0,0.0,0.0
492,2,True,random_checkpoint,40,1.0,1.0,0.0
492,2,True,earliest_eligible,8,0.375,0.25,-0.125
492,2,True,normalized_quarter,16,1.0,1.0,0.0
492,2,True,normalized_midpoint,32,1.0,1.0,0.0
492,2,True,normalized_three_quarter,48,1.0,1.0,0.0
492,2,True,confidence_low,56,1.0,1.0,0.0
492,2,True,entropy_high,8,0.375,0.25,-0.125
492,2,True,mask_ratio,8,0.375,0.25,-0.125
492,2,True,oof_state_value,32,1.0,1.0,0.0
492,2,True,oracle_localization,16,1.0,1.0,0.0
493,0,False,random_checkpoint,32,0.0,0.0,0.0
493,0,False,earliest_eligible,8,0.0,0.125,0.125
493,0,False,normalized_quarter,16,0.0,0.0,0.0
493,0,False,normalized_midpoint,32,0.0,0.0,0.0
493,0,False,normalized_three_quarter,48,0.0,0.0,0.0
493,0,False,confidence_low,8,0.0,0.125,0.125
493,0,False,entropy_high,8,0.0,0.125,0.125
493,0,False,mask_ratio,8,0.0,0.125,0.125
493,0,False,oof_state_value,32,0.0,0.0,0.0
493,0,False,oracle_localization,8,0.0,0.125,0.125
494,0,False,random_checkpoint,64,0.0,,
494,0,False,earliest_eligible,8,0.0,0.0,0.0
494,0,False,normalized_quarter,16,0.125,0.0,-0.125
494,0,False,normalized_midpoint,32,0.0,0.0,0.0
494,0,False,normalized_three_quarter,48,0.0,0.0,0.0
494,0,False,confidence_low,8,0.0,0.0,0.0
494,0,False,entropy_high,8,0.0,0.0,0.0
494,0,False,mask_ratio,8,0.0,0.0,0.0
494,0,False,oof_state_value,56,0.0,0.0,0.0
494,0,False,oracle_localization,8,0.0,0.0,0.0
495,0,False,random_checkpoint,8,0.0,0.0,0.0
495,0,False,earliest_eligible,8,0.0,0.0,0.0
495,0,False,normalized_quarter,16,0.0,0.0,0.0
495,0,False,normalized_midpoint,32,0.0,0.0,0.0
495,0,False,normalized_three_quarter,48,0.0,0.0,0.0
495,0,False,confidence_low,8,0.0,0.0,0.0
495,0,False,entropy_high,8,0.0,0.0,0.0
495,0,False,mask_ratio,8,0.0,0.0,0.0
495,0,False,oof_state_value,40,0.0,0.0,0.0
495,0,False,oracle_localization,8,0.0,0.0,0.0
496,0,False,random_checkpoint,32,0.0,0.0,0.0
496,0,False,earliest_eligible,8,0.0,0.0,0.0
496,0,False,normalized_quarter,16,0.0,0.0,0.0
496,0,False,normalized_midpoint,32,0.0,0.0,0.0
496,0,False,normalized_three_quarter,48,0.0,0.0,0.0
496,0,False,confidence_low,8,0.0,0.0,0.0
496,0,False,entropy_high,8,0.0,0.0,0.0
496,0,False,mask_ratio,8,0.0,0.0,0.0
496,0,False,oof_state_value,48,0.0,0.0,0.0
496,0,False,oracle_localization,8,0.0,0.0,0.0
497,0,False,random_checkpoint,64,0.0,,
497,0,False,earliest_eligible,8,0.0,0.0,0.0
497,0,False,normalized_quarter,16,0.0,0.0,0.0
497,0,False,normalized_midpoint,32,0.0,0.0,0.0
497,0,False,normalized_three_quarter,48,0.0,0.0,0.0
497,0,False,confidence_low,8,0.0,0.0,0.0
497,0,False,entropy_high,8,0.0,0.0,0.0
497,0,False,mask_ratio,8,0.0,0.0,0.0
497,0,False,oof_state_value,40,0.0,0.0,0.0
497,0,False,oracle_localization,8,0.0,0.0,0.0
498,0,False,random_checkpoint,32,0.0,0.0,0.0
498,0,False,earliest_eligible,8,0.0,0.0,0.0
498,0,False,normalized_quarter,16,0.0,0.0,0.0
498,0,False,normalized_midpoint,32,0.0,0.0,0.0
498,0,False,normalized_three_quarter,48,0.0,0.0,0.0
498,0,False,confidence_low,8,0.0,0.0,0.0
498,0,False,entropy_high,8,0.0,0.0,0.0
498,0,False,mask_ratio,8,0.0,0.0,0.0
498,0,False,oof_state_value,32,0.0,0.0,0.0
498,0,False,oracle_localization,8,0.0,0.0,0.0
498,2,True,random_checkpoint,48,1.0,1.0,0.0
498,2,True,earliest_eligible,8,0.5,0.0,-0.5
498,2,True,normalized_quarter,16,1.0,1.0,0.0
498,2,True,normalized_midpoint,32,1.0,1.0,0.0
498,2,True,normalized_three_quarter,48,1.0,1.0,0.0
498,2,True,confidence_low,8,0.5,0.0,-0.5
498,2,True,entropy_high,8,0.5,0.0,-0.5
498,2,True,mask_ratio,8,0.5,0.0,-0.5
498,2,True,oof_state_value,56,1.0,1.0,0.0
498,2,True,oracle_localization,16,1.0,1.0,0.0
499,0,False,random_checkpoint,56,0.0,0.0,0.0
499,0,False,earliest_eligible,8,0.0,0.0,0.0
499,0,False,normalized_quarter,16,0.0,0.0,0.0
499,0,False,normalized_midpoint,32,0.0,0.0,0.0
499,0,False,normalized_three_quarter,48,0.0,0.0,0.0
499,0,False,confidence_low,8,0.0,0.0,0.0
499,0,False,entropy_high,8,0.0,0.0,0.0
499,0,False,mask_ratio,8,0.0,0.0,0.0
499,0,False,oof_state_value,56,0.0,0.0,0.0
499,0,False,oracle_localization,8,0.0,0.0,0.0
499,4,True,random_checkpoint,56,1.0,1.0,0.0
499,4,True,earliest_eligible,8,0.125,0.0,-0.125
499,4,True,normalized_quarter,16,0.25,0.125,-0.125
499,4,True,normalized_midpoint,32,1.0,1.0,0.0
499,4,True,normalized_three_quarter,48,1.0,1.0,0.0
499,4,True,confidence_low,8,0.125,0.0,-0.125
499,4,True,entropy_high,8,0.125,0.0,-0.125
499,4,True,mask_ratio,8,0.125,0.0,-0.125
499,4,True,oof_state_value,32,1.0,1.0,0.0
499,4,True,oracle_localization,24,1.0,1.0,0.0
