item_id,trajectory_id,base_correct,selector,step_index,q_native_confirm,q_repair_confirm,delta_confirm
0,0,True,random_checkpoint,48,1.0,1.0,0.0
0,0,True,earliest_eligible,8,1.0,1.0,0.0
0,0,True,normalized_quarter,16,1.0,1.0,0.0
0,0,True,normalized_midpoint,32,1.0,,
0,0,True,normalized_three_quarter,48,1.0,1.0,0.0
0,0,True,confidence_low,56,1.0,1.0,0.0
0,0,True,entropy_high,40,1.0,1.0,0.0
0,0,True,mask_ratio,8,1.0,1.0,0.0
0,0,True,oof_state_value,56,1.0,1.0,0.0
0,0,True,oracle_localization,8,1.0,1.0,0.0
1,0,False,random_checkpoint,24,0.0,0.125,0.125
1,0,False,earliest_eligible,8,0.25,0.25,0.0
1,0,False,normalized_quarter,16,0.125,0.125,0.0
1,0,False,normalized_midpoint,32,0.0,,
1,0,False,normalized_three_quarter,48,0.0,0.0,0.0
1,0,False,confidence_low,48,0.0,0.0,0.0
1,0,False,entropy_high,8,0.25,0.25,0.0
1,0,False,mask_ratio,8,0.25,0.25,0.0
1,0,False,oof_state_value,8,0.25,0.25,0.0
1,0,False,oracle_localization,16,0.125,0.125,0.0
2,0,False,random_checkpoint,64,0.0,,
2,0,False,earliest_eligible,8,0.0,0.0,0.0
2,0,False,normalized_quarter,16,0.0,0.0,0.0
2,0,False,normalized_midpoint,32,0.0,,
2,0,False,normalized_three_quarter,48,0.0,0.0,0.0
2,0,False,confidence_low,8,0.0,0.0,0.0
2,0,False,entropy_high,8,0.0,0.0,0.0
2,0,False,mask_ratio,8,0.0,0.0,0.0
2,0,False,oof_state_value,16,0.0,0.0,0.0
2,0,False,oracle_localization,8,0.0,0.0,0.0
2,1,True,random_checkpoint,56,1.0,1.0,0.0
2,1,True,earliest_eligible,8,0.0,0.875,0.875
2,1,True,normalized_quarter,16,0.5,0.5,0.0
2,1,True,normalized_midpoint,32,0.625,,
2,1,True,normalized_three_quarter,48,1.0,1.0,0.0
2,1,True,confidence_low,64,1.0,,
2,1,True,entropy_high,8,0.0,0.875,0.875
2,1,True,mask_ratio,8,0.0,0.875,0.875
2,1,True,oof_state_value,24,0.875,0.625,-0.25
2,1,True,oracle_localization,8,0.0,0.875,0.875
3,0,True,random_checkpoint,8,1.0,1.0,0.0
3,0,True,earliest_eligible,8,1.0,1.0,0.0
3,0,True,normalized_quarter,16,1.0,1.0,0.0
3,0,True,normalized_midpoint,32,1.0,,
3,0,True,normalized_three_quarter,48,1.0,1.0,0.0
3,0,True,confidence_low,8,1.0,1.0,0.0
3,0,True,entropy_high,56,1.0,1.0,0.0
3,0,True,mask_ratio,8,1.0,1.0,0.0
3,0,True,oof_state_value,8,1.0,1.0,0.0
3,0,True,oracle_localization,8,1.0,1.0,0.0
3,1,False,random_checkpoint,56,0.0,0.0,0.0
3,1,False,earliest_eligible,8,0.0,1.0,1.0
3,1,False,normalized_quarter,16,0.125,1.0,0.875
3,1,False,normalized_midpoint,32,0.0,,
3,1,False,normalized_three_quarter,48,0.0,0.0,0.0
3,1,False,confidence_low,8,0.0,1.0,1.0
3,1,False,entropy_high,24,0.125,0.875,0.75
3,1,False,mask_ratio,8,0.0,1.0,1.0
3,1,False,oof_state_value,8,0.0,1.0,1.0
3,1,False,oracle_localization,8,0.0,1.0,1.0
4,0,True,random_checkpoint,16,1.0,1.0,0.0
4,0,True,earliest_eligible,8,1.0,1.0,0.0
4,0,True,normalized_quarter,16,1.0,1.0,0.0
4,0,True,normalized_midpoint,32,1.0,,
4,0,True,normalized_three_quarter,48,1.0,1.0,0.0
4,0,True,confidence_low,8,1.0,1.0,0.0
4,0,True,entropy_high,16,1.0,1.0,0.0
4,0,True,mask_ratio,8,1.0,1.0,0.0
4,0,True,oof_state_value,16,1.0,1.0,0.0
4,0,True,oracle_localization,8,1.0,1.0,0.0
4,3,False,random_checkpoint,8,0.0,0.0,0.0
4,3,False,earliest_eligible,8,0.0,0.0,0.0
4,3,False,normalized_quarter,16,0.0,1.0,1.0
4,3,False,normalized_midpoint,32,0.0,,
4,3,False,normalized_three_quarter,48,0.0,0.0,0.0
4,3,False,confidence_low,32,0.0,,
4,3,False,entropy_high,8,0.0,0.0,0.0
4,3,False,mask_ratio,8,0.0,0.0,0.0
4,3,False,oof_state_value,8,0.0,0.0,0.0
4,3,False,oracle_localization,16,0.0,1.0,1.0
5,0,True,random_checkpoint,56,1.0,1.0,0.0
5,0,True,earliest_eligible,8,0.375,0.25,-0.125
5,0,True,normalized_quarter,16,0.25,0.125,-0.125
5,0,True,normalized_midpoint,32,0.5,,
5,0,True,normalized_three_quarter,48,1.0,1.0,0.0
5,0,True,confidence_low,64,1.0,,
5,0,True,entropy_high,40,1.0,0.0,-1.0
5,0,True,mask_ratio,8,0.375,0.25,-0.125
5,0,True,oof_state_value,56,1.0,1.0,0.0
5,0,True,oracle_localization,48,1.0,1.0,0.0
5,1,False,random_checkpoint,8,0.125,0.125,0.0
5,1,False,earliest_eligible,8,0.125,0.125,0.0
5,1,False,normalized_quarter,16,0.25,0.25,0.0
5,1,False,normalized_midpoint,32,0.25,,
5,1,False,normalized_three_quarter,48,0.0,0.0,0.0
5,1,False,confidence_low,64,0.0,,
5,1,False,entropy_high,40,0.25,0.375,0.125
5,1,False,mask_ratio,8,0.125,0.125,0.0
5,1,False,oof_state_value,16,0.25,0.25,0.0
5,1,False,oracle_localization,40,0.25,0.375,0.125
6,0,True,random_checkpoint,40,1.0,1.0,0.0
6,0,True,earliest_eligible,8,1.0,1.0,0.0
6,0,True,normalized_quarter,16,1.0,1.0,0.0
6,0,True,normalized_midpoint,32,1.0,,
6,0,True,normalized_three_quarter,48,1.0,1.0,0.0
6,0,True,confidence_low,56,1.0,1.0,0.0
6,0,True,entropy_high,40,1.0,1.0,0.0
6,0,True,mask_ratio,8,1.0,1.0,0.0
6,0,True,oof_state_value,40,1.0,1.0,0.0
6,0,True,oracle_localization,8,1.0,1.0,0.0
7,0,True,random_checkpoint,24,1.0,1.0,0.0
7,0,True,earliest_eligible,8,0.75,1.0,0.25
7,0,True,normalized_quarter,16,0.75,1.0,0.25
7,0,True,normalized_midpoint,32,1.0,,
7,0,True,normalized_three_quarter,48,1.0,1.0,0.0
7,0,True,confidence_low,8,0.75,1.0,0.25
7,0,True,entropy_high,8,0.75,1.0,0.25
7,0,True,mask_ratio,8,0.75,1.0,0.25
7,0,True,oof_state_value,8,0.75,1.0,0.25
7,0,True,oracle_localization,8,0.75,1.0,0.25
7,3,False,random_checkpoint,16,0.0,0.0,0.0
7,3,False,earliest_eligible,8,0.0,0.0,0.0
7,3,False,normalized_quarter,16,0.0,0.0,0.0
7,3,False,normalized_midpoint,32,0.0,,
7,3,False,normalized_three_quarter,48,0.0,0.0,0.0
7,3,False,confidence_low,8,0.0,0.0,0.0
7,3,False,entropy_high,8,0.0,0.0,0.0
7,3,False,mask_ratio,8,0.0,0.0,0.0
7,3,False,oof_state_value,8,0.0,0.0,0.0
7,3,False,oracle_localization,8,0.0,0.0,0.0
8,0,False,random_checkpoint,8,0.0,0.0,0.0
8,0,False,earliest_eligible,8,0.0,0.0,0.0
8,0,False,normalized_quarter,16,0.0,0.0,0.0
8,0,False,normalized_midpoint,32,0.0,,
8,0,False,normalized_three_quarter,48,0.0,0.0,0.0
8,0,False,confidence_low,8,0.0,0.0,0.0
8,0,False,entropy_high,8,0.0,0.0,0.0
8,0,False,mask_ratio,8,0.0,0.0,0.0
8,0,False,oof_state_value,8,0.0,0.0,0.0
8,0,False,oracle_localization,8,0.0,0.0,0.0
9,0,True,random_checkpoint,16,1.0,1.0,0.0
9,0,True,earliest_eligible,8,1.0,1.0,0.0
9,0,True,normalized_quarter,16,1.0,1.0,0.0
9,0,True,normalized_midpoint,32,1.0,,
9,0,True,normalized_three_quarter,48,1.0,1.0,0.0
9,0,True,confidence_low,32,1.0,,
9,0,True,entropy_high,56,1.0,1.0,0.0
9,0,True,mask_ratio,8,1.0,1.0,0.0
9,0,True,oof_state_value,8,1.0,1.0,0.0
9,0,True,oracle_localization,8,1.0,1.0,0.0
10,0,False,random_checkpoint,8,0.625,0.0,-0.625
10,0,False,earliest_eligible,8,0.625,0.0,-0.625
10,0,False,normalized_quarter,16,0.5,0.125,-0.375
10,0,False,normalized_midpoint,32,0.5,,
10,0,False,normalized_three_quarter,48,0.0,0.0,0.0
10,0,False,confidence_low,64,0.0,,
10,0,False,entropy_high,8,0.625,0.0,-0.625
10,0,False,mask_ratio,8,0.625,0.0,-0.625
10,0,False,oof_state_value,16,0.5,0.125,-0.375
10,0,False,oracle_localization,24,0.125,0.125,0.0
11,0,True,random_checkpoint,56,0.875,0.875,0.0
11,0,True,earliest_eligible,8,0.75,0.375,-0.375
11,0,True,normalized_quarter,16,0.875,0.875,0.0
11,0,True,normalized_midpoint,32,0.75,,
11,0,True,normalized_three_quarter,48,0.75,0.75,0.0
11,0,True,confidence_low,40,1.0,1.0,0.0
11,0,True,entropy_high,8,0.75,0.375,-0.375
11,0,True,mask_ratio,8,0.75,0.375,-0.375
11,0,True,oof_state_value,24,0.875,0.875,0.0
11,0,True,oracle_localization,8,0.75,0.375,-0.375
11,1,False,random_checkpoint,56,0.0,0.0,0.0
11,1,False,earliest_eligible,8,0.0,0.625,0.625
11,1,False,normalized_quarter,16,0.0,0.625,0.625
11,1,False,normalized_midpoint,32,0.0,,
11,1,False,normalized_three_quarter,48,0.0,0.0,0.0
11,1,False,confidence_low,32,0.0,,
11,1,False,entropy_high,8,0.0,0.625,0.625
11,1,False,mask_ratio,8,0.0,0.625,0.625
11,1,False,oof_state_value,8,0.0,0.625,0.625
11,1,False,oracle_localization,8,0.0,0.625,0.625
12,0,True,random_checkpoint,16,1.0,1.0,0.0
12,0,True,earliest_eligible,8,0.875,1.0,0.125
12,0,True,normalized_quarter,16,1.0,1.0,0.0
12,0,True,normalized_midpoint,32,1.0,,
12,0,True,normalized_three_quarter,48,1.0,1.0,0.0
12,0,True,confidence_low,32,1.0,,
12,0,True,entropy_high,32,1.0,,
12,0,True,mask_ratio,8,0.875,1.0,0.125
12,0,True,oof_state_value,8,0.875,1.0,0.125
12,0,True,oracle_localization,8,0.875,1.0,0.125
13,0,True,random_checkpoint,16,1.0,1.0,0.0
13,0,True,earliest_eligible,8,1.0,1.0,0.0
13,0,True,normalized_quarter,16,1.0,1.0,0.0
13,0,True,normalized_midpoint,32,1.0,,
13,0,True,normalized_three_quarter,48,1.0,1.0,0.0
13,0,True,confidence_low,64,1.0,,
13,0,True,entropy_high,56,1.0,1.0,0.0
13,0,True,mask_ratio,8,1.0,1.0,0.0
13,0,True,oof_state_value,8,1.0,1.0,0.0
13,0,True,oracle_localization,8,1.0,1.0,0.0
13,2,False,random_checkpoint,56,0.0,0.0,0.0
13,2,False,earliest_eligible,8,0.875,0.75,-0.125
13,2,False,normalized_quarter,16,0.75,0.625,-0.125
13,2,False,normalized_midpoint,32,0.375,,
13,2,False,normalized_three_quarter,48,0.0,0.0,0.0
13,2,False,confidence_low,64,0.0,,
13,2,False,entropy_high,48,0.0,0.0,0.0
13,2,False,mask_ratio,8,0.875,0.75,-0.125
13,2,False,oof_state_value,8,0.875,0.75,-0.125
13,2,False,oracle_localization,8,0.875,0.75,-0.125
14,0,True,random_checkpoint,32,1.0,,
14,0,True,earliest_eligible,8,1.0,1.0,0.0
14,0,True,normalized_quarter,16,1.0,1.0,0.0
14,0,True,normalized_midpoint,32,1.0,,
14,0,True,normalized_three_quarter,48,1.0,1.0,0.0
14,0,True,confidence_low,64,1.0,,
14,0,True,entropy_high,48,1.0,1.0,0.0
14,0,True,mask_ratio,8,1.0,1.0,0.0
14,0,True,oof_state_value,16,1.0,1.0,0.0
14,0,True,oracle_localization,8,1.0,1.0,0.0
15,0,False,random_checkpoint,16,0.125,0.125,0.0
15,0,False,earliest_eligible,8,0.125,0.125,0.0
15,0,False,normalized_quarter,16,0.125,0.125,0.0
15,0,False,normalized_midpoint,32,0.0,,
15,0,False,normalized_three_quarter,48,0.0,0.0,0.0
15,0,False,confidence_low,32,0.0,,
15,0,False,entropy_high,16,0.125,0.125,0.0
15,0,False,mask_ratio,8,0.125,0.125,0.0
15,0,False,oof_state_value,56,0.0,0.0,0.0
15,0,False,oracle_localization,8,0.125,0.125,0.0
15,1,True,random_checkpoint,16,0.0,0.125,0.125
15,1,True,earliest_eligible,8,0.0,0.0,0.0
15,1,True,normalized_quarter,16,0.0,0.125,0.125
15,1,True,normalized_midpoint,32,1.0,,
15,1,True,normalized_three_quarter,48,1.0,1.0,0.0
15,1,True,confidence_low,32,1.0,,
15,1,True,entropy_high,48,1.0,1.0,0.0
15,1,True,mask_ratio,8,0.0,0.0,0.0
15,1,True,oof_state_value,16,0.0,0.125,0.125
15,1,True,oracle_localization,40,1.0,1.0,0.0
16,0,False,random_checkpoint,24,0.0,0.0,0.0
16,0,False,earliest_eligible,8,0.0,0.0,0.0
16,0,False,normalized_quarter,16,0.0,0.0,0.0
16,0,False,normalized_midpoint,32,0.0,,
16,0,False,normalized_three_quarter,48,0.0,0.0,0.0
16,0,False,confidence_low,8,0.0,0.0,0.0
16,0,False,entropy_high,8,0.0,0.0,0.0
16,0,False,mask_ratio,8,0.0,0.0,0.0
16,0,False,oof_state_value,8,0.0,0.0,0.0
16,0,False,oracle_localization,8,0.0,0.0,0.0
17,0,False,random_checkpoint,16,0.0,0.125,0.125
17,0,False,earliest_eligible,8,0.0,0.0,0.0
17,0,False,normalized_quarter,16,0.0,0.125,0.125
17,0,False,normalized_midpoint,32,0.0,,
17,0,False,normalized_three_quarter,48,0.0,0.0,0.0
17,0,False,confidence_low,8,0.0,0.0,0.0
17,0,False,entropy_high,8,0.0,0.0,0.0
17,0,False,mask_ratio,8,0.0,0.0,0.0
17,0,False,oof_state_value,8,0.0,0.0,0.0
17,0,False,oracle_localization,8,0.0,0.0,0.0
18,0,False,random_checkpoint,8,0.0,0.0,0.0
18,0,False,earliest_eligible,8,0.0,0.0,0.0
18,0,False,normalized_quarter,16,0.0,0.0,0.0
18,0,False,normalized_midpoint,32,0.0,,
18,0,False,normalized_three_quarter,48,0.0,0.0,0.0
18,0,False,confidence_low,64,0.0,,
18,0,False,entropy_high,48,0.0,0.0,0.0
18,0,False,mask_ratio,8,0.0,0.0,0.0
18,0,False,oof_state_value,16,0.0,0.0,0.0
18,0,False,oracle_localization,8,0.0,0.0,0.0
19,0,True,random_checkpoint,32,1.0,,
19,0,True,earliest_eligible,8,1.0,1.0,0.0
19,0,True,normalized_quarter,16,0.875,0.875,0.0
19,0,True,normalized_midpoint,32,1.0,,
19,0,True,normalized_three_quarter,48,1.0,1.0,0.0
19,0,True,confidence_low,8,1.0,1.0,0.0
19,0,True,entropy_high,24,0.875,0.875,0.0
19,0,True,mask_ratio,8,1.0,1.0,0.0
19,0,True,oof_state_value,8,1.0,1.0,0.0
19,0,True,oracle_localization,8,1.0,1.0,0.0
19,2,False,random_checkpoint,48,0.0,0.0,0.0
19,2,False,earliest_eligible,8,0.625,0.625,0.0
19,2,False,normalized_quarter,16,0.375,0.375,0.0
19,2,False,normalized_midpoint,32,0.0,,
19,2,False,normalized_three_quarter,48,0.0,0.0,0.0
19,2,False,confidence_low,32,0.0,,
19,2,False,entropy_high,16,0.375,0.375,0.0
19,2,False,mask_ratio,8,0.625,0.625,0.0
19,2,False,oof_state_value,8,0.625,0.625,0.0
19,2,False,oracle_localization,16,0.375,0.375,0.0
20,0,True,random_checkpoint,8,1.0,1.0,0.0
20,0,True,earliest_eligible,8,1.0,1.0,0.0
20,0,True,normalized_quarter,16,1.0,1.0,0.0
20,0,True,normalized_midpoint,32,1.0,,
20,0,True,normalized_three_quarter,48,1.0,1.0,0.0
20,0,True,confidence_low,64,1.0,,
20,0,True,entropy_high,56,1.0,1.0,0.0
20,0,True,mask_ratio,8,1.0,1.0,0.0
20,0,True,oof_state_value,8,1.0,1.0,0.0
20,0,True,oracle_localization,8,1.0,1.0,0.0
21,0,False,random_checkpoint,64,0.0,,
21,0,False,earliest_eligible,8,0.0,0.0,0.0
21,0,False,normalized_quarter,16,0.0,0.0,0.0
21,0,False,normalized_midpoint,32,0.0,,
21,0,False,normalized_three_quarter,48,0.0,0.0,0.0
21,0,False,confidence_low,8,0.0,0.0,0.0
21,0,False,entropy_high,8,0.0,0.0,0.0
21,0,False,mask_ratio,8,0.0,0.0,0.0
21,0,False,oof_state_value,8,0.0,0.0,0.0
21,0,False,oracle_localization,8,0.0,0.0,0.0
22,0,True,random_checkpoint,40,1.0,1.0,0.0
22,0,True,earliest_eligible,8,0.5,0.5,0.0
22,0,True,normalized_quarter,16,1.0,1.0,0.0
22,0,True,normalized_midpoint,32,1.0,,
22,0,True,normalized_three_quarter,48,1.0,1.0,0.0
22,0,True,confidence_low,32,1.0,,
22,0,True,entropy_high,16,1.0,1.0,0.0
22,0,True,mask_ratio,8,0.5,0.5,0.0
22,0,True,oof_state_value,24,0.625,0.625,0.0
22,0,True,oracle_localization,40,1.0,1.0,0.0
22,6,False,random_checkpoint,48,0.0,0.0,0.0
22,6,False,earliest_eligible,8,0.75,0.75,0.0
22,6,False,normalized_quarter,16,0.75,0.75,0.0
22,6,False,normalized_midpoint,32,0.0,,
22,6,False,normalized_three_quarter,48,0.0,0.0,0.0
22,6,False,confidence_low,8,0.75,0.75,0.0
22,6,False,entropy_high,16,0.75,0.75,0.0
22,6,False,mask_ratio,8,0.75,0.75,0.0
22,6,False,oof_state_value,24,1.0,1.0,0.0
22,6,False,oracle_localization,8,0.75,0.75,0.0
23,0,False,random_checkpoint,64,0.0,,
23,0,False,earliest_eligible,8,0.0,1.0,1.0
23,0,False,normalized_quarter,16,0.0,1.0,1.0
23,0,False,normalized_midpoint,32,0.0,,
23,0,False,normalized_three_quarter,48,0.0,0.0,0.0
23,0,False,confidence_low,8,0.0,1.0,1.0
23,0,False,entropy_high,8,0.0,1.0,1.0
23,0,False,mask_ratio,8,0.0,1.0,1.0
23,0,False,oof_state_value,8,0.0,1.0,1.0
23,0,False,oracle_localization,8,0.0,1.0,1.0
23,1,True,random_checkpoint,24,0.875,1.0,0.125
23,1,True,earliest_eligible,8,1.0,1.0,0.0
23,1,True,normalized_quarter,16,0.875,1.0,0.125
23,1,True,normalized_midpoint,32,1.0,,
23,1,True,normalized_three_quarter,48,1.0,1.0,0.0
23,1,True,confidence_low,8,1.0,1.0,0.0
23,1,True,entropy_high,16,0.875,1.0,0.125
23,1,True,mask_ratio,8,1.0,1.0,0.0
23,1,True,oof_state_value,8,1.0,1.0,0.0
23,1,True,oracle_localization,8,1.0,1.0,0.0
24,0,False,random_checkpoint,64,0.0,,
24,0,False,earliest_eligible,8,0.125,0.125,0.0
24,0,False,normalized_quarter,16,0.125,0.625,0.5
24,0,False,normalized_midpoint,32,0.0,,
24,0,False,normalized_three_quarter,48,0.0,0.0,0.0
24,0,False,confidence_low,64,0.0,,
24,0,False,entropy_high,40,0.0,0.0,0.0
24,0,False,mask_ratio,8,0.125,0.125,0.0
24,0,False,oof_state_value,56,0.0,0.0,0.0
24,0,False,oracle_localization,16,0.125,0.625,0.5
24,2,True,random_checkpoint,56,1.0,1.0,0.0
24,2,True,earliest_eligible,8,0.75,0.75,0.0
24,2,True,normalized_quarter,16,1.0,1.0,0.0
24,2,True,normalized_midpoint,32,1.0,,
24,2,True,normalized_three_quarter,48,1.0,1.0,0.0
24,2,True,confidence_low,56,1.0,1.0,0.0
24,2,True,entropy_high,8,0.75,0.75,0.0
24,2,True,mask_ratio,8,0.75,0.75,0.0
24,2,True,oof_state_value,8,0.75,0.75,0.0
24,2,True,oracle_localization,16,1.0,1.0,0.0
25,0,False,random_checkpoint,64,0.0,,
25,0,False,earliest_eligible,8,0.25,1.0,0.75
25,0,False,normalized_quarter,16,0.375,0.875,0.5
25,0,False,normalized_midpoint,32,0.25,,
25,0,False,normalized_three_quarter,48,0.125,0.0,-0.125
25,0,False,confidence_low,64,0.0,,
25,0,False,entropy_high,16,0.375,0.875,0.5
25,0,False,mask_ratio,8,0.25,1.0,0.75
25,0,False,oof_state_value,8,0.25,1.0,0.75
25,0,False,oracle_localization,8,0.25,1.0,0.75
25,1,True,random_checkpoint,16,0.625,0.625,0.0
25,1,True,earliest_eligible,8,0.625,0.625,0.0
25,1,True,normalized_quarter,16,0.625,0.625,0.0
25,1,True,normalized_midpoint,32,0.75,,
25,1,True,normalized_three_quarter,48,1.0,1.0,0.0
25,1,True,confidence_low,64,1.0,,
25,1,True,entropy_high,8,0.625,0.625,0.0
25,1,True,mask_ratio,8,0.625,0.625,0.0
25,1,True,oof_state_value,8,0.625,0.625,0.0
25,1,True,oracle_localization,24,0.625,0.625,0.0
26,0,False,random_checkpoint,40,0.0,0.0,0.0
26,0,False,earliest_eligible,8,0.0,0.0,0.0
26,0,False,normalized_quarter,16,0.0,0.0,0.0
26,0,False,normalized_midpoint,32,0.0,,
26,0,False,normalized_three_quarter,48,0.0,0.0,0.0
26,0,False,confidence_low,8,0.0,0.0,0.0
26,0,False,entropy_high,8,0.0,0.0,0.0
26,0,False,mask_ratio,8,0.0,0.0,0.0
26,0,False,oof_state_value,8,0.0,0.0,0.0
26,0,False,oracle_localization,8,0.0,0.0,0.0
27,0,False,random_checkpoint,32,0.25,,
27,0,False,earliest_eligible,8,0.0,0.125,0.125
27,0,False,normalized_quarter,16,0.25,0.125,-0.125
27,0,False,normalized_midpoint,32,0.25,,
27,0,False,normalized_three_quarter,48,0.0,0.0,0.0
27,0,False,confidence_low,64,0.0,,
27,0,False,entropy_high,40,0.0,0.25,0.25
27,0,False,mask_ratio,8,0.0,0.125,0.125
27,0,False,oof_state_value,56,0.0,0.0,0.0
27,0,False,oracle_localization,8,0.0,0.125,0.125
28,0,False,random_checkpoint,8,0.0,0.0,0.0
28,0,False,earliest_eligible,8,0.0,0.0,0.0
28,0,False,normalized_quarter,16,0.0,0.0,0.0
28,0,False,normalized_midpoint,32,0.0,,
28,0,False,normalized_three_quarter,48,0.0,0.0,0.0
28,0,False,confidence_low,40,0.0,0.0,0.0
28,0,False,entropy_high,8,0.0,0.0,0.0
28,0,False,mask_ratio,8,0.0,0.0,0.0
28,0,False,oof_state_value,8,0.0,0.0,0.0
28,0,False,oracle_localization,8,0.0,0.0,0.0
29,0,False,random_checkpoint,40,0.0,0.0,0.0
29,0,False,earliest_eligible,8,0.125,0.0,-0.125
29,0,False,normalized_quarter,16,0.0,0.0,0.0
29,0,False,normalized_midpoint,32,0.0,,
29,0,False,normalized_three_quarter,48,0.0,0.0,0.0
29,0,False,confidence_low,56,0.0,0.0,0.0
29,0,False,entropy_high,56,0.0,0.0,0.0
29,0,False,mask_ratio,8,0.125,0.0,-0.125
29,0,False,oof_state_value,24,0.0,0.0,0.0
29,0,False,oracle_localization,8,0.125,0.0,-0.125
29,6,True,random_checkpoint,48,0.125,0.125,0.0
29,6,True,earliest_eligible,8,0.125,0.0,-0.125
29,6,True,normalized_quarter,16,0.0,0.0,0.0
29,6,True,normalized_midpoint,32,0.0,,
29,6,True,normalized_three_quarter,48,0.125,0.125,0.0
29,6,True,confidence_low,56,0.125,0.0,-0.125
29,6,True,entropy_high,56,0.125,0.0,-0.125
29,6,True,mask_ratio,8,0.125,0.0,-0.125
29,6,True,oof_state_value,24,0.125,0.0,-0.125
29,6,True,oracle_localization,8,0.125,0.0,-0.125
30,0,False,random_checkpoint,40,0.0,0.0,0.0
30,0,False,earliest_eligible,8,0.0,0.0,0.0
30,0,False,normalized_quarter,16,0.0,0.0,0.0
30,0,False,normalized_midpoint,32,0.0,,
30,0,False,normalized_three_quarter,48,0.0,0.0,0.0
30,0,False,confidence_low,56,0.0,0.0,0.0
30,0,False,entropy_high,8,0.0,0.0,0.0
30,0,False,mask_ratio,8,0.0,0.0,0.0
30,0,False,oof_state_value,8,0.0,0.0,0.0
30,0,False,oracle_localization,8,0.0,0.0,0.0
31,0,True,random_checkpoint,64,1.0,,
31,0,True,earliest_eligible,8,1.0,1.0,0.0
31,0,True,normalized_quarter,16,1.0,1.0,0.0
31,0,True,normalized_midpoint,32,1.0,,
31,0,True,normalized_three_quarter,48,1.0,1.0,0.0
31,0,True,confidence_low,64,1.0,,
31,0,True,entropy_high,40,1.0,1.0,0.0
31,0,True,mask_ratio,8,1.0,1.0,0.0
31,0,True,oof_state_value,48,1.0,1.0,0.0
31,0,True,oracle_localization,16,1.0,1.0,0.0
32,0,True,random_checkpoint,24,1.0,1.0,0.0
32,0,True,earliest_eligible,8,1.0,1.0,0.0
32,0,True,normalized_quarter,16,1.0,1.0,0.0
32,0,True,normalized_midpoint,32,1.0,,
32,0,True,normalized_three_quarter,48,1.0,1.0,0.0
32,0,True,confidence_low,64,1.0,,
32,0,True,entropy_high,40,1.0,1.0,0.0
32,0,True,mask_ratio,8,1.0,1.0,0.0
32,0,True,oof_state_value,8,1.0,1.0,0.0
32,0,True,oracle_localization,8,1.0,1.0,0.0
33,0,True,random_checkpoint,16,1.0,1.0,0.0
33,0,True,earliest_eligible,8,1.0,1.0,0.0
33,0,True,normalized_quarter,16,1.0,1.0,0.0
33,0,True,normalized_midpoint,32,1.0,,
33,0,True,normalized_three_quarter,48,1.0,1.0,0.0
33,0,True,confidence_low,64,1.0,,
33,0,True,entropy_high,8,1.0,1.0,0.0
33,0,True,mask_ratio,8,1.0,1.0,0.0
33,0,True,oof_state_value,48,1.0,1.0,0.0
33,0,True,oracle_localization,8,1.0,1.0,0.0
34,0,False,random_checkpoint,40,0.0,0.0,0.0
34,0,False,earliest_eligible,8,0.25,0.5,0.25
34,0,False,normalized_quarter,16,0.25,0.375,0.125
34,0,False,normalized_midpoint,32,0.0,,
34,0,False,normalized_three_quarter,48,0.0,0.0,0.0
34,0,False,confidence_low,32,0.0,,
34,0,False,entropy_high,8,0.25,0.5,0.25
34,0,False,mask_ratio,8,0.25,0.5,0.25
34,0,False,oof_state_value,8,0.25,0.5,0.25
34,0,False,oracle_localization,16,0.25,0.375,0.125
35,0,False,random_checkpoint,48,0.0,0.0,0.0
35,0,False,earliest_eligible,8,0.25,0.25,0.0
35,0,False,normalized_quarter,16,0.125,0.125,0.0
35,0,False,normalized_midpoint,32,0.0,,
35,0,False,normalized_three_quarter,48,0.0,0.0,0.0
35,0,False,confidence_low,32,0.0,,
35,0,False,entropy_high,16,0.125,0.125,0.0
35,0,False,mask_ratio,8,0.25,0.25,0.0
35,0,False,oof_state_value,8,0.25,0.25,0.0
35,0,False,oracle_localization,16,0.125,0.125,0.0
36,0,True,random_checkpoint,48,0.75,0.75,0.0
36,0,True,earliest_eligible,8,0.5,0.75,0.25
36,0,True,normalized_quarter,16,0.25,0.5,0.25
36,0,True,normalized_midpoint,32,1.0,,
36,0,True,normalized_three_quarter,48,0.75,0.75,0.0
36,0,True,confidence_low,8,0.5,0.75,0.25
36,0,True,entropy_high,48,0.75,0.75,0.0
36,0,True,mask_ratio,8,0.5,0.75,0.25
36,0,True,oof_state_value,8,0.5,0.75,0.25
36,0,True,oracle_localization,56,1.0,1.0,0.0
36,1,False,random_checkpoint,40,0.125,0.125,0.0
36,1,False,earliest_eligible,8,0.25,0.625,0.375
36,1,False,normalized_quarter,16,0.5,0.5,0.0
36,1,False,normalized_midpoint,32,0.0,,
36,1,False,normalized_three_quarter,48,0.0,0.125,0.125
36,1,False,confidence_low,8,0.25,0.625,0.375
36,1,False,entropy_high,48,0.0,0.125,0.125
36,1,False,mask_ratio,8,0.25,0.625,0.375
36,1,False,oof_state_value,8,0.25,0.625,0.375
36,1,False,oracle_localization,8,0.25,0.625,0.375
37,0,True,random_checkpoint,56,1.0,1.0,0.0
37,0,True,earliest_eligible,8,1.0,1.0,0.0
37,0,True,normalized_quarter,16,1.0,1.0,0.0
37,0,True,normalized_midpoint,32,1.0,,
37,0,True,normalized_three_quarter,48,1.0,1.0,0.0
37,0,True,confidence_low,48,1.0,1.0,0.0
37,0,True,entropy_high,8,1.0,1.0,0.0
37,0,True,mask_ratio,8,1.0,1.0,0.0
37,0,True,oof_state_value,16,1.0,1.0,0.0
37,0,True,oracle_localization,8,1.0,1.0,0.0
38,0,True,random_checkpoint,64,1.0,,
38,0,True,earliest_eligible,8,1.0,1.0,0.0
38,0,True,normalized_quarter,16,1.0,1.0,0.0
38,0,True,normalized_midpoint,32,1.0,,
38,0,True,normalized_three_quarter,48,1.0,1.0,0.0
38,0,True,confidence_low,56,1.0,1.0,0.0
38,0,True,entropy_high,48,1.0,1.0,0.0
38,0,True,mask_ratio,8,1.0,1.0,0.0
38,0,True,oof_state_value,48,1.0,1.0,0.0
38,0,True,oracle_localization,8,1.0,1.0,0.0
39,0,True,random_checkpoint,32,1.0,,
39,0,True,earliest_eligible,8,1.0,1.0,0.0
39,0,True,normalized_quarter,16,1.0,1.0,0.0
39,0,True,normalized_midpoint,32,1.0,,
39,0,True,normalized_three_quarter,48,1.0,1.0,0.0
39,0,True,confidence_low,64,1.0,,
39,0,True,entropy_high,40,1.0,1.0,0.0
39,0,True,mask_ratio,8,1.0,1.0,0.0
39,0,True,oof_state_value,40,1.0,1.0,0.0
39,0,True,oracle_localization,8,1.0,1.0,0.0
40,0,True,random_checkpoint,56,1.0,1.0,0.0
40,0,True,earliest_eligible,8,1.0,0.875,-0.125
40,0,True,normalized_quarter,16,0.875,0.625,-0.25
40,0,True,normalized_midpoint,32,1.0,,
40,0,True,normalized_three_quarter,48,1.0,1.0,0.0
40,0,True,confidence_low,8,1.0,0.875,-0.125
40,0,True,entropy_high,40,1.0,1.0,0.0
40,0,True,mask_ratio,8,1.0,0.875,-0.125
40,0,True,oof_state_value,8,1.0,0.875,-0.125
40,0,True,oracle_localization,8,1.0,0.875,-0.125
40,3,False,random_checkpoint,48,0.0,0.0,0.0
40,3,False,earliest_eligible,8,0.0,0.0,0.0
40,3,False,normalized_quarter,16,0.0,0.0,0.0
40,3,False,normalized_midpoint,32,0.0,,
40,3,False,normalized_three_quarter,48,0.0,0.0,0.0
40,3,False,confidence_low,8,0.0,0.0,0.0
40,3,False,entropy_high,8,0.0,0.0,0.0
40,3,False,mask_ratio,8,0.0,0.0,0.0
40,3,False,oof_state_value,8,0.0,0.0,0.0
40,3,False,oracle_localization,8,0.0,0.0,0.0
41,0,False,random_checkpoint,32,0.0,,
41,0,False,earliest_eligible,8,0.0,0.0,0.0
41,0,False,normalized_quarter,16,0.0,0.125,0.125
41,0,False,normalized_midpoint,32,0.0,,
41,0,False,normalized_three_quarter,48,0.0,0.0,0.0
41,0,False,confidence_low,32,0.0,,
41,0,False,entropy_high,8,0.0,0.0,0.0
41,0,False,mask_ratio,8,0.0,0.0,0.0
41,0,False,oof_state_value,8,0.0,0.0,0.0
41,0,False,oracle_localization,8,0.0,0.0,0.0
42,0,True,random_checkpoint,40,1.0,1.0,0.0
42,0,True,earliest_eligible,8,1.0,1.0,0.0
42,0,True,normalized_quarter,16,1.0,1.0,0.0
42,0,True,normalized_midpoint,32,1.0,,
42,0,True,normalized_three_quarter,48,1.0,1.0,0.0
42,0,True,confidence_low,8,1.0,1.0,0.0
42,0,True,entropy_high,40,1.0,1.0,0.0
42,0,True,mask_ratio,8,1.0,1.0,0.0
42,0,True,oof_state_value,56,1.0,1.0,0.0
42,0,True,oracle_localization,8,1.0,1.0,0.0
43,0,True,random_checkpoint,16,1.0,1.0,0.0
43,0,True,earliest_eligible,8,1.0,1.0,0.0
43,0,True,normalized_quarter,16,1.0,1.0,0.0
43,0,True,normalized_midpoint,32,1.0,,
43,0,True,normalized_three_quarter,48,1.0,1.0,0.0
43,0,True,confidence_low,64,1.0,,
43,0,True,entropy_high,48,1.0,1.0,0.0
43,0,True,mask_ratio,8,1.0,1.0,0.0
43,0,True,oof_state_value,8,1.0,1.0,0.0
43,0,True,oracle_localization,8,1.0,1.0,0.0
43,3,False,random_checkpoint,8,0.125,0.0,-0.125
43,3,False,earliest_eligible,8,0.125,0.0,-0.125
43,3,False,normalized_quarter,16,0.0,0.0,0.0
43,3,False,normalized_midpoint,32,0.0,,
43,3,False,normalized_three_quarter,48,0.0,0.0,0.0
43,3,False,confidence_low,8,0.125,0.0,-0.125
43,3,False,entropy_high,16,0.0,0.0,0.0
43,3,False,mask_ratio,8,0.125,0.0,-0.125
43,3,False,oof_state_value,8,0.125,0.0,-0.125
43,3,False,oracle_localization,24,0.0,1.0,1.0
44,0,True,random_checkpoint,56,1.0,1.0,0.0
44,0,True,earliest_eligible,8,1.0,1.0,0.0
44,0,True,normalized_quarter,16,1.0,1.0,0.0
44,0,True,normalized_midpoint,32,1.0,,
44,0,True,normalized_three_quarter,48,1.0,1.0,0.0
44,0,True,confidence_low,56,1.0,1.0,0.0
44,0,True,entropy_high,48,1.0,1.0,0.0
44,0,True,mask_ratio,8,1.0,1.0,0.0
44,0,True,oof_state_value,48,1.0,1.0,0.0
44,0,True,oracle_localization,8,1.0,1.0,0.0
45,0,False,random_checkpoint,48,0.0,0.0,0.0
45,0,False,earliest_eligible,8,0.0,0.0,0.0
45,0,False,normalized_quarter,16,0.0,0.375,0.375
45,0,False,normalized_midpoint,32,0.0,,
45,0,False,normalized_three_quarter,48,0.0,0.0,0.0
45,0,False,confidence_low,8,0.0,0.0,0.0
45,0,False,entropy_high,56,0.0,0.0,0.0
45,0,False,mask_ratio,8,0.0,0.0,0.0
45,0,False,oof_state_value,8,0.0,0.0,0.0
45,0,False,oracle_localization,24,0.0,0.75,0.75
45,6,True,random_checkpoint,64,1.0,,
45,6,True,earliest_eligible,8,1.0,1.0,0.0
45,6,True,normalized_quarter,16,1.0,0.625,-0.375
45,6,True,normalized_midpoint,32,1.0,,
45,6,True,normalized_three_quarter,48,1.0,1.0,0.0
45,6,True,confidence_low,8,1.0,1.0,0.0
45,6,True,entropy_high,16,1.0,0.625,-0.375
45,6,True,mask_ratio,8,1.0,1.0,0.0
45,6,True,oof_state_value,8,1.0,1.0,0.0
45,6,True,oracle_localization,8,1.0,1.0,0.0
46,0,False,random_checkpoint,56,0.0,0.0,0.0
46,0,False,earliest_eligible,8,0.25,0.0,-0.25
46,0,False,normalized_quarter,16,0.125,0.125,0.0
46,0,False,normalized_midpoint,32,0.0,,
46,0,False,normalized_three_quarter,48,0.0,0.0,0.0
46,0,False,confidence_low,8,0.25,0.0,-0.25
46,0,False,entropy_high,32,0.0,,
46,0,False,mask_ratio,8,0.25,0.0,-0.25
46,0,False,oof_state_value,24,0.125,0.0,-0.125
46,0,False,oracle_localization,8,0.25,0.0,-0.25
46,4,True,random_checkpoint,32,0.0,,
46,4,True,earliest_eligible,8,0.0,0.125,0.125
46,4,True,normalized_quarter,16,0.25,0.375,0.125
46,4,True,normalized_midpoint,32,0.0,,
46,4,True,normalized_three_quarter,48,1.0,0.875,-0.125
46,4,True,confidence_low,56,1.0,1.0,0.0
46,4,True,entropy_high,48,1.0,0.875,-0.125
46,4,True,mask_ratio,8,0.0,0.125,0.125
46,4,True,oof_state_value,56,1.0,1.0,0.0
46,4,True,oracle_localization,40,1.0,1.0,0.0
47,0,False,random_checkpoint,64,0.0,,
47,0,False,earliest_eligible,8,0.375,0.5,0.125
47,0,False,normalized_quarter,16,0.0,0.0,0.0
47,0,False,normalized_midpoint,32,0.0,,
47,0,False,normalized_three_quarter,48,0.0,0.0,0.0
47,0,False,confidence_low,56,0.125,0.0,-0.125
47,0,False,entropy_high,8,0.375,0.5,0.125
47,0,False,mask_ratio,8,0.375,0.5,0.125
47,0,False,oof_state_value,8,0.375,0.5,0.125
47,0,False,oracle_localization,8,0.375,0.5,0.125
47,3,True,random_checkpoint,40,0.25,0.25,0.0
47,3,True,earliest_eligible,8,0.625,0.375,-0.25
47,3,True,normalized_quarter,16,0.375,0.375,0.0
47,3,True,normalized_midpoint,32,0.625,,
47,3,True,normalized_three_quarter,48,0.25,0.125,-0.125
47,3,True,confidence_low,64,1.0,,
47,3,True,entropy_high,56,1.0,1.0,0.0
47,3,True,mask_ratio,8,0.625,0.375,-0.25
47,3,True,oof_state_value,56,1.0,1.0,0.0
47,3,True,oracle_localization,24,0.5,0.875,0.375
48,0,True,random_checkpoint,32,1.0,,
48,0,True,earliest_eligible,8,0.75,1.0,0.25
48,0,True,normalized_quarter,16,1.0,0.75,-0.25
48,0,True,normalized_midpoint,32,1.0,,
48,0,True,normalized_three_quarter,48,1.0,1.0,0.0
48,0,True,confidence_low,40,0.875,1.0,0.125
48,0,True,entropy_high,48,1.0,1.0,0.0
48,0,True,mask_ratio,8,0.75,1.0,0.25
48,0,True,oof_state_value,8,0.75,1.0,0.25
48,0,True,oracle_localization,8,0.75,1.0,0.25
49,0,False,random_checkpoint,8,0.0,0.0,0.0
49,0,False,earliest_eligible,8,0.0,0.0,0.0
49,0,False,normalized_quarter,16,0.0,0.0,0.0
49,0,False,normalized_midpoint,32,0.0,,
49,0,False,normalized_three_quarter,48,0.0,0.0,0.0
49,0,False,confidence_low,8,0.0,0.0,0.0
49,0,False,entropy_high,8,0.0,0.0,0.0
49,0,False,mask_ratio,8,0.0,0.0,0.0
49,0,False,oof_state_value,8,0.0,0.0,0.0
49,0,False,oracle_localization,8,0.0,0.0,0.0
50,0,False,random_checkpoint,56,0.0,0.0,0.0
50,0,False,earliest_eligible,8,0.0,0.0,0.0
50,0,False,normalized_quarter,16,0.0,0.0,0.0
50,0,False,normalized_midpoint,32,0.0,,
50,0,False,normalized_three_quarter,48,0.0,0.0,0.0
50,0,False,confidence_low,32,0.0,,
50,0,False,entropy_high,8,0.0,0.0,0.0
50,0,False,mask_ratio,8,0.0,0.0,0.0
50,0,False,oof_state_value,8,0.0,0.0,0.0
50,0,False,oracle_localization,8,0.0,0.0,0.0
51,0,False,random_checkpoint,24,0.0,0.125,0.125
51,0,False,earliest_eligible,8,0.0,0.0,0.0
51,0,False,normalized_quarter,16,0.0,0.0,0.0
51,0,False,normalized_midpoint,32,0.0,,
51,0,False,normalized_three_quarter,48,0.0,0.0,0.0
51,0,False,confidence_low,32,0.0,,
51,0,False,entropy_high,32,0.0,,
51,0,False,mask_ratio,8,0.0,0.0,0.0
51,0,False,oof_state_value,56,0.0,0.0,0.0
51,0,False,oracle_localization,8,0.0,0.0,0.0
51,6,True,random_checkpoint,24,0.0,0.0,0.0
51,6,True,earliest_eligible,8,0.125,0.0,-0.125
51,6,True,normalized_quarter,16,0.0,0.0,0.0
51,6,True,normalized_midpoint,32,0.0,,
51,6,True,normalized_three_quarter,48,1.0,1.0,0.0
51,6,True,confidence_low,64,1.0,,
51,6,True,entropy_high,48,1.0,1.0,0.0
51,6,True,mask_ratio,8,0.125,0.0,-0.125
51,6,True,oof_state_value,16,0.0,0.0,0.0
51,6,True,oracle_localization,48,1.0,1.0,0.0
52,0,False,random_checkpoint,8,0.0,0.125,0.125
52,0,False,earliest_eligible,8,0.0,0.125,0.125
52,0,False,normalized_quarter,16,0.0,0.0,0.0
52,0,False,normalized_midpoint,32,0.0,,
52,0,False,normalized_three_quarter,48,0.0,0.0,0.0
52,0,False,confidence_low,56,0.0,0.0,0.0
52,0,False,entropy_high,40,0.0,0.0,0.0
52,0,False,mask_ratio,8,0.0,0.125,0.125
52,0,False,oof_state_value,56,0.0,0.0,0.0
52,0,False,oracle_localization,8,0.0,0.125,0.125
52,5,True,random_checkpoint,48,1.0,1.0,0.0
52,5,True,earliest_eligible,8,0.0,0.125,0.125
52,5,True,normalized_quarter,16,0.25,0.0,-0.25
52,5,True,normalized_midpoint,32,0.0,,
52,5,True,normalized_three_quarter,48,1.0,1.0,0.0
52,5,True,confidence_low,64,1.0,,
52,5,True,entropy_high,40,0.0,0.0,0.0
52,5,True,mask_ratio,8,0.0,0.125,0.125
52,5,True,oof_state_value,56,1.0,1.0,0.0
52,5,True,oracle_localization,48,1.0,1.0,0.0
53,0,False,random_checkpoint,40,0.0,0.0,0.0
53,0,False,earliest_eligible,8,0.125,0.375,0.25
53,0,False,normalized_quarter,16,0.0,0.625,0.625
53,0,False,normalized_midpoint,32,0.0,,
53,0,False,normalized_three_quarter,48,0.0,0.0,0.0
53,0,False,confidence_low,56,0.0,0.0,0.0
53,0,False,entropy_high,48,0.0,0.0,0.0
53,0,False,mask_ratio,8,0.125,0.375,0.25
53,0,False,oof_state_value,40,0.0,0.0,0.0
53,0,False,oracle_localization,16,0.0,0.625,0.625
53,5,True,random_checkpoint,56,1.0,1.0,0.0
53,5,True,earliest_eligible,8,0.125,0.375,0.25
53,5,True,normalized_quarter,16,0.0,0.0,0.0
53,5,True,normalized_midpoint,32,0.0,,
53,5,True,normalized_three_quarter,48,1.0,1.0,0.0
53,5,True,confidence_low,56,1.0,1.0,0.0
53,5,True,entropy_high,48,1.0,1.0,0.0
53,5,True,mask_ratio,8,0.125,0.375,0.25
53,5,True,oof_state_value,16,0.0,0.0,0.0
53,5,True,oracle_localization,48,1.0,1.0,0.0
54,0,False,random_checkpoint,24,0.125,0.125,0.0
54,0,False,earliest_eligible,8,0.125,0.0,-0.125
54,0,False,normalized_quarter,16,0.0,0.25,0.25
54,0,False,normalized_midpoint,32,0.0,,
54,0,False,normalized_three_quarter,48,0.0,0.0,0.0
54,0,False,confidence_low,32,0.0,,
54,0,False,entropy_high,32,0.0,,
54,0,False,mask_ratio,8,0.125,0.0,-0.125
54,0,False,oof_state_value,40,0.0,0.0,0.0
54,0,False,oracle_localization,8,0.125,0.0,-0.125
55,0,True,random_checkpoint,24,0.125,0.5,0.375
55,0,True,earliest_eligible,8,0.5,0.625,0.125
55,0,True,normalized_quarter,16,0.0,0.75,0.75
55,0,True,normalized_midpoint,32,0.25,,
55,0,True,normalized_three_quarter,48,0.375,0.375,0.0
55,0,True,confidence_low,64,1.0,,
55,0,True,entropy_high,56,0.125,0.0,-0.125
55,0,True,mask_ratio,8,0.5,0.625,0.125
55,0,True,oof_state_value,56,0.125,0.0,-0.125
55,0,True,oracle_localization,8,0.5,0.625,0.125
55,1,False,random_checkpoint,8,0.0,0.0,0.0
55,1,False,earliest_eligible,8,0.0,0.0,0.0
55,1,False,normalized_quarter,16,0.0,0.0,0.0
55,1,False,normalized_midpoint,32,0.0,,
55,1,False,normalized_three_quarter,48,0.0,0.0,0.0
55,1,False,confidence_low,8,0.0,0.0,0.0
55,1,False,entropy_high,8,0.0,0.0,0.0
55,1,False,mask_ratio,8,0.0,0.0,0.0
55,1,False,oof_state_value,8,0.0,0.0,0.0
55,1,False,oracle_localization,8,0.0,0.0,0.0
56,0,False,random_checkpoint,16,0.0,0.0,0.0
56,0,False,earliest_eligible,8,0.0,0.0,0.0
56,0,False,normalized_quarter,16,0.0,0.0,0.0
56,0,False,normalized_midpoint,32,0.0,,
56,0,False,normalized_three_quarter,48,0.0,0.0,0.0
56,0,False,confidence_low,64,0.0,,
56,0,False,entropy_high,16,0.0,0.0,0.0
56,0,False,mask_ratio,8,0.0,0.0,0.0
56,0,False,oof_state_value,40,0.0,0.0,0.0
56,0,False,oracle_localization,8,0.0,0.0,0.0
57,0,False,random_checkpoint,40,0.0,0.0,0.0
57,0,False,earliest_eligible,8,0.125,0.125,0.0
57,0,False,normalized_quarter,16,0.375,0.25,-0.125
57,0,False,normalized_midpoint,32,0.0,,
57,0,False,normalized_three_quarter,48,0.0,0.0,0.0
57,0,False,confidence_low,8,0.125,0.125,0.0
57,0,False,entropy_high,8,0.125,0.125,0.0
57,0,False,mask_ratio,8,0.125,0.125,0.0
57,0,False,oof_state_value,16,0.375,0.25,-0.125
57,0,False,oracle_localization,8,0.125,0.125,0.0
57,6,True,random_checkpoint,8,0.5,0.5,0.0
57,6,True,earliest_eligible,8,0.5,0.5,0.0
57,6,True,normalized_quarter,16,0.5,0.375,-0.125
57,6,True,normalized_midpoint,32,1.0,,
57,6,True,normalized_three_quarter,48,1.0,1.0,0.0
57,6,True,confidence_low,8,0.5,0.5,0.0
57,6,True,entropy_high,8,0.5,0.5,0.0
57,6,True,mask_ratio,8,0.5,0.5,0.0
57,6,True,oof_state_value,8,0.5,0.5,0.0
57,6,True,oracle_localization,40,1.0,1.0,0.0
58,0,False,random_checkpoint,8,0.0,0.0,0.0
58,0,False,earliest_eligible,8,0.0,0.0,0.0
58,0,False,normalized_quarter,16,0.0,0.0,0.0
58,0,False,normalized_midpoint,32,0.0,,
58,0,False,normalized_three_quarter,48,0.0,0.0,0.0
58,0,False,confidence_low,56,0.0,0.0,0.0
58,0,False,entropy_high,8,0.0,0.0,0.0
58,0,False,mask_ratio,8,0.0,0.0,0.0
58,0,False,oof_state_value,8,0.0,0.0,0.0
58,0,False,oracle_localization,8,0.0,0.0,0.0
59,0,False,random_checkpoint,16,0.5,0.75,0.25
59,0,False,earliest_eligible,8,0.125,0.75,0.625
59,0,False,normalized_quarter,16,0.5,0.75,0.25
59,0,False,normalized_midpoint,32,0.0,,
59,0,False,normalized_three_quarter,48,0.0,0.0,0.0
59,0,False,confidence_low,32,0.0,,
59,0,False,entropy_high,8,0.125,0.75,0.625
59,0,False,mask_ratio,8,0.125,0.75,0.625
59,0,False,oof_state_value,24,0.25,0.875,0.625
59,0,False,oracle_localization,8,0.125,0.75,0.625
59,1,True,random_checkpoint,40,1.0,1.0,0.0
59,1,True,earliest_eligible,8,1.0,1.0,0.0
59,1,True,normalized_quarter,16,0.75,0.625,-0.125
59,1,True,normalized_midpoint,32,1.0,,
59,1,True,normalized_three_quarter,48,1.0,1.0,0.0
59,1,True,confidence_low,32,1.0,,
59,1,True,entropy_high,16,0.75,0.625,-0.125
59,1,True,mask_ratio,8,1.0,1.0,0.0
59,1,True,oof_state_value,8,1.0,1.0,0.0
59,1,True,oracle_localization,8,1.0,1.0,0.0
60,0,False,random_checkpoint,24,0.0,0.0,0.0
60,0,False,earliest_eligible,8,0.0,0.0,0.0
60,0,False,normalized_quarter,16,0.0,0.0,0.0
60,0,False,normalized_midpoint,32,0.0,,
60,0,False,normalized_three_quarter,48,0.0,0.0,0.0
60,0,False,confidence_low,64,0.0,,
60,0,False,entropy_high,48,0.0,0.0,0.0
60,0,False,mask_ratio,8,0.0,0.0,0.0
60,0,False,oof_state_value,48,0.0,0.0,0.0
60,0,False,oracle_localization,8,0.0,0.0,0.0
61,0,False,random_checkpoint,24,1.0,0.875,-0.125
61,0,False,earliest_eligible,8,1.0,1.0,0.0
61,0,False,normalized_quarter,16,1.0,0.75,-0.25
61,0,False,normalized_midpoint,32,0.0,,
61,0,False,normalized_three_quarter,48,0.0,0.0,0.0
61,0,False,confidence_low,8,1.0,1.0,0.0
61,0,False,entropy_high,56,0.0,0.0,0.0
61,0,False,mask_ratio,8,1.0,1.0,0.0
61,0,False,oof_state_value,8,1.0,1.0,0.0
61,0,False,oracle_localization,8,1.0,1.0,0.0
61,1,True,random_checkpoint,56,1.0,1.0,0.0
61,1,True,earliest_eligible,8,1.0,1.0,0.0
61,1,True,normalized_quarter,16,0.875,0.75,-0.125
61,1,True,normalized_midpoint,32,1.0,,
61,1,True,normalized_three_quarter,48,1.0,1.0,0.0
61,1,True,confidence_low,8,1.0,1.0,0.0
61,1,True,entropy_high,56,1.0,1.0,0.0
61,1,True,mask_ratio,8,1.0,1.0,0.0
61,1,True,oof_state_value,8,1.0,1.0,0.0
61,1,True,oracle_localization,8,1.0,1.0,0.0
62,0,False,random_checkpoint,64,0.0,,
62,0,False,earliest_eligible,8,0.125,0.125,0.0
62,0,False,normalized_quarter,16,0.125,0.0,-0.125
62,0,False,normalized_midpoint,32,0.0,,
62,0,False,normalized_three_quarter,48,0.125,0.0,-0.125
62,0,False,confidence_low,56,0.0,0.125,0.125
62,0,False,entropy_high,8,0.125,0.125,0.0
62,0,False,mask_ratio,8,0.125,0.125,0.0
62,0,False,oof_state_value,16,0.125,0.0,-0.125
62,0,False,oracle_localization,16,0.125,0.0,-0.125
62,5,True,random_checkpoint,16,0.75,0.75,0.0
62,5,True,earliest_eligible,8,0.5,0.375,-0.125
62,5,True,normalized_quarter,16,0.75,0.75,0.0
62,5,True,normalized_midpoint,32,0.0,,
62,5,True,normalized_three_quarter,48,0.0,0.0,0.0
62,5,True,confidence_low,8,0.5,0.375,-0.125
62,5,True,entropy_high,8,0.5,0.375,-0.125
62,5,True,mask_ratio,8,0.5,0.375,-0.125
62,5,True,oof_state_value,8,0.5,0.375,-0.125
62,5,True,oracle_localization,16,0.75,0.75,0.0
63,0,True,random_checkpoint,16,1.0,1.0,0.0
63,0,True,earliest_eligible,8,0.875,1.0,0.125
63,0,True,normalized_quarter,16,1.0,1.0,0.0
63,0,True,normalized_midpoint,32,1.0,,
63,0,True,normalized_three_quarter,48,1.0,1.0,0.0
63,0,True,confidence_low,40,0.875,0.875,0.0
63,0,True,entropy_high,8,0.875,1.0,0.125
63,0,True,mask_ratio,8,0.875,1.0,0.125
63,0,True,oof_state_value,16,1.0,1.0,0.0
63,0,True,oracle_localization,8,0.875,1.0,0.125
64,0,False,random_checkpoint,40,0.375,0.0,-0.375
64,0,False,earliest_eligible,8,0.25,0.125,-0.125
64,0,False,normalized_quarter,16,0.0,0.25,0.25
64,0,False,normalized_midpoint,32,0.375,,
64,0,False,normalized_three_quarter,48,0.25,0.25,0.0
64,0,False,confidence_low,56,0.0,0.0,0.0
64,0,False,entropy_high,40,0.375,0.0,-0.375
64,0,False,mask_ratio,8,0.25,0.125,-0.125
64,0,False,oof_state_value,8,0.25,0.125,-0.125
64,0,False,oracle_localization,16,0.0,0.25,0.25
65,0,False,random_checkpoint,40,0.0,0.0,0.0
65,0,False,earliest_eligible,8,0.125,0.5,0.375
65,0,False,normalized_quarter,16,0.25,0.5,0.25
65,0,False,normalized_midpoint,32,0.0,,
65,0,False,normalized_three_quarter,48,0.0,0.0,0.0
65,0,False,confidence_low,56,0.0,0.0,0.0
65,0,False,entropy_high,48,0.0,0.0,0.0
65,0,False,mask_ratio,8,0.125,0.5,0.375
65,0,False,oof_state_value,8,0.125,0.5,0.375
65,0,False,oracle_localization,24,0.0,0.125,0.125
65,1,True,random_checkpoint,56,1.0,1.0,0.0
65,1,True,earliest_eligible,8,0.375,0.25,-0.125
65,1,True,normalized_quarter,16,0.125,0.125,0.0
65,1,True,normalized_midpoint,32,0.625,,
65,1,True,normalized_three_quarter,48,1.0,1.0,0.0
65,1,True,confidence_low,64,1.0,,
65,1,True,entropy_high,8,0.375,0.25,-0.125
65,1,True,mask_ratio,8,0.375,0.25,-0.125
65,1,True,oof_state_value,8,0.375,0.25,-0.125
65,1,True,oracle_localization,8,0.375,0.25,-0.125
66,0,True,random_checkpoint,48,1.0,1.0,0.0
66,0,True,earliest_eligible,8,1.0,1.0,0.0
66,0,True,normalized_quarter,16,1.0,1.0,0.0
66,0,True,normalized_midpoint,32,0.875,,
66,0,True,normalized_three_quarter,48,1.0,1.0,0.0
66,0,True,confidence_low,64,1.0,,
66,0,True,entropy_high,40,1.0,1.0,0.0
66,0,True,mask_ratio,8,1.0,1.0,0.0
66,0,True,oof_state_value,24,1.0,1.0,0.0
66,0,True,oracle_localization,8,1.0,1.0,0.0
67,0,True,random_checkpoint,40,1.0,1.0,0.0
67,0,True,earliest_eligible,8,1.0,1.0,0.0
67,0,True,normalized_quarter,16,1.0,1.0,0.0
67,0,True,normalized_midpoint,32,1.0,,
67,0,True,normalized_three_quarter,48,1.0,1.0,0.0
67,0,True,confidence_low,16,1.0,1.0,0.0
67,0,True,entropy_high,48,1.0,1.0,0.0
67,0,True,mask_ratio,8,1.0,1.0,0.0
67,0,True,oof_state_value,16,1.0,1.0,0.0
67,0,True,oracle_localization,8,1.0,1.0,0.0
68,0,False,random_checkpoint,48,0.0,0.0,0.0
68,0,False,earliest_eligible,8,0.75,0.375,-0.375
68,0,False,normalized_quarter,16,0.25,0.0,-0.25
68,0,False,normalized_midpoint,32,0.875,,
68,0,False,normalized_three_quarter,48,0.0,0.0,0.0
68,0,False,confidence_low,64,0.0,,
68,0,False,entropy_high,8,0.75,0.375,-0.375
68,0,False,mask_ratio,8,0.75,0.375,-0.375
68,0,False,oof_state_value,8,0.75,0.375,-0.375
68,0,False,oracle_localization,8,0.75,0.375,-0.375
68,5,True,random_checkpoint,8,0.125,0.0,-0.125
68,5,True,earliest_eligible,8,0.125,0.0,-0.125
68,5,True,normalized_quarter,16,0.0,0.0,0.0
68,5,True,normalized_midpoint,32,0.25,,
68,5,True,normalized_three_quarter,48,1.0,1.0,0.0
68,5,True,confidence_low,48,1.0,1.0,0.0
68,5,True,entropy_high,40,0.625,0.875,0.25
68,5,True,mask_ratio,8,0.125,0.0,-0.125
68,5,True,oof_state_value,48,1.0,1.0,0.0
68,5,True,oracle_localization,48,1.0,1.0,0.0
69,0,False,random_checkpoint,8,0.0,0.0,0.0
69,0,False,earliest_eligible,8,0.0,0.0,0.0
69,0,False,normalized_quarter,16,0.0,0.0,0.0
69,0,False,normalized_midpoint,32,0.0,,
69,0,False,normalized_three_quarter,48,0.0,0.0,0.0
69,0,False,confidence_low,32,0.0,,
69,0,False,entropy_high,56,0.0,0.0,0.0
69,0,False,mask_ratio,8,0.0,0.0,0.0
69,0,False,oof_state_value,8,0.0,0.0,0.0
69,0,False,oracle_localization,8,0.0,0.0,0.0
70,0,False,random_checkpoint,8,0.0,0.0,0.0
70,0,False,earliest_eligible,8,0.0,0.0,0.0
70,0,False,normalized_quarter,16,0.0,0.0,0.0
70,0,False,normalized_midpoint,32,0.0,,
70,0,False,normalized_three_quarter,48,0.0,0.0,0.0
70,0,False,confidence_low,8,0.0,0.0,0.0
70,0,False,entropy_high,16,0.0,0.0,0.0
70,0,False,mask_ratio,8,0.0,0.0,0.0
70,0,False,oof_state_value,8,0.0,0.0,0.0
70,0,False,oracle_localization,8,0.0,0.0,0.0
70,1,True,random_checkpoint,8,1.0,1.0,0.0
70,1,True,earliest_eligible,8,1.0,1.0,0.0
70,1,True,normalized_quarter,16,1.0,1.0,0.0
70,1,True,normalized_midpoint,32,1.0,,
70,1,True,normalized_three_quarter,48,1.0,1.0,0.0
70,1,True,confidence_low,64,1.0,,
70,1,True,entropy_high,8,1.0,1.0,0.0
70,1,True,mask_ratio,8,1.0,1.0,0.0
70,1,True,oof_state_value,8,1.0,1.0,0.0
70,1,True,oracle_localization,8,1.0,1.0,0.0
71,0,False,random_checkpoint,8,0.0,0.0,0.0
71,0,False,earliest_eligible,8,0.0,0.0,0.0
71,0,False,normalized_quarter,16,0.0,0.0,0.0
71,0,False,normalized_midpoint,32,0.0,,
71,0,False,normalized_three_quarter,48,0.0,0.125,0.125
71,0,False,confidence_low,64,0.0,,
71,0,False,entropy_high,56,0.0,0.0,0.0
71,0,False,mask_ratio,8,0.0,0.0,0.0
71,0,False,oof_state_value,56,0.0,0.0,0.0
71,0,False,oracle_localization,8,0.0,0.0,0.0
72,0,True,random_checkpoint,48,1.0,1.0,0.0
72,0,True,earliest_eligible,8,1.0,1.0,0.0
72,0,True,normalized_quarter,16,1.0,1.0,0.0
72,0,True,normalized_midpoint,32,1.0,,
72,0,True,normalized_three_quarter,48,1.0,1.0,0.0
72,0,True,confidence_low,64,1.0,,
72,0,True,entropy_high,8,1.0,1.0,0.0
72,0,True,mask_ratio,8,1.0,1.0,0.0
72,0,True,oof_state_value,40,1.0,1.0,0.0
72,0,True,oracle_localization,16,1.0,1.0,0.0
73,0,False,random_checkpoint,8,0.0,0.0,0.0
73,0,False,earliest_eligible,8,0.0,0.0,0.0
73,0,False,normalized_quarter,16,0.0,0.0,0.0
73,0,False,normalized_midpoint,32,0.0,,
73,0,False,normalized_three_quarter,48,0.0,0.0,0.0
73,0,False,confidence_low,56,0.0,0.0,0.0
73,0,False,entropy_high,48,0.0,0.0,0.0
73,0,False,mask_ratio,8,0.0,0.0,0.0
73,0,False,oof_state_value,8,0.0,0.0,0.0
73,0,False,oracle_localization,8,0.0,0.0,0.0
73,4,True,random_checkpoint,48,0.375,0.5,0.125
73,4,True,earliest_eligible,8,0.125,0.0,-0.125
73,4,True,normalized_quarter,16,0.0,0.0,0.0
73,4,True,normalized_midpoint,32,0.875,,
73,4,True,normalized_three_quarter,48,0.375,0.5,0.125
73,4,True,confidence_low,64,1.0,,
73,4,True,entropy_high,8,0.125,0.0,-0.125
73,4,True,mask_ratio,8,0.125,0.0,-0.125
73,4,True,oof_state_value,56,1.0,0.875,-0.125
73,4,True,oracle_localization,40,0.375,1.0,0.625
74,0,False,random_checkpoint,40,0.0,0.0,0.0
74,0,False,earliest_eligible,8,0.625,0.0,-0.625
74,0,False,normalized_quarter,16,0.125,0.625,0.5
74,0,False,normalized_midpoint,32,0.0,,
74,0,False,normalized_three_quarter,48,0.0,0.0,0.0
74,0,False,confidence_low,56,0.0,0.0,0.0
74,0,False,entropy_high,48,0.0,0.0,0.0
74,0,False,mask_ratio,8,0.625,0.0,-0.625
74,0,False,oof_state_value,8,0.625,0.0,-0.625
74,0,False,oracle_localization,16,0.125,0.625,0.5
74,6,True,random_checkpoint,56,1.0,1.0,0.0
74,6,True,earliest_eligible,8,0.75,0.25,-0.5
74,6,True,normalized_quarter,16,0.75,0.125,-0.625
74,6,True,normalized_midpoint,32,0.625,,
74,6,True,normalized_three_quarter,48,1.0,0.0,-1.0
74,6,True,confidence_low,48,1.0,0.0,-1.0
74,6,True,entropy_high,48,1.0,0.0,-1.0
74,6,True,mask_ratio,8,0.75,0.25,-0.5
74,6,True,oof_state_value,8,0.75,0.25,-0.5
74,6,True,oracle_localization,40,1.0,1.0,0.0
75,0,False,random_checkpoint,56,0.0,0.0,0.0
75,0,False,earliest_eligible,8,0.0,0.0,0.0
75,0,False,normalized_quarter,16,0.125,0.0,-0.125
75,0,False,normalized_midpoint,32,0.0,,
75,0,False,normalized_three_quarter,48,0.0,0.0,0.0
75,0,False,confidence_low,56,0.0,0.0,0.0
75,0,False,entropy_high,8,0.0,0.0,0.0
75,0,False,mask_ratio,8,0.0,0.0,0.0
75,0,False,oof_state_value,24,0.0,0.0,0.0
75,0,False,oracle_localization,8,0.0,0.0,0.0
76,0,False,random_checkpoint,56,0.0,0.0,0.0
76,0,False,earliest_eligible,8,0.25,0.125,-0.125
76,0,False,normalized_quarter,16,0.125,0.0,-0.125
76,0,False,normalized_midpoint,32,0.0,,
76,0,False,normalized_three_quarter,48,0.0,0.0,0.0
76,0,False,confidence_low,32,0.0,,
76,0,False,entropy_high,8,0.25,0.125,-0.125
76,0,False,mask_ratio,8,0.25,0.125,-0.125
76,0,False,oof_state_value,8,0.25,0.125,-0.125
76,0,False,oracle_localization,8,0.25,0.125,-0.125
77,0,True,random_checkpoint,56,1.0,1.0,0.0
77,0,True,earliest_eligible,8,0.125,0.125,0.0
77,0,True,normalized_quarter,16,0.125,0.125,0.0
77,0,True,normalized_midpoint,32,1.0,,
77,0,True,normalized_three_quarter,48,1.0,1.0,0.0
77,0,True,confidence_low,32,1.0,,
77,0,True,entropy_high,48,1.0,1.0,0.0
77,0,True,mask_ratio,8,0.125,0.125,0.0
77,0,True,oof_state_value,8,0.125,0.125,0.0
77,0,True,oracle_localization,40,1.0,1.0,0.0
78,0,True,random_checkpoint,16,1.0,1.0,0.0
78,0,True,earliest_eligible,8,1.0,1.0,0.0
78,0,True,normalized_quarter,16,1.0,1.0,0.0
78,0,True,normalized_midpoint,32,1.0,,
78,0,True,normalized_three_quarter,48,1.0,1.0,0.0
78,0,True,confidence_low,64,1.0,,
78,0,True,entropy_high,56,1.0,1.0,0.0
78,0,True,mask_ratio,8,1.0,1.0,0.0
78,0,True,oof_state_value,8,1.0,1.0,0.0
78,0,True,oracle_localization,8,1.0,1.0,0.0
79,0,True,random_checkpoint,8,1.0,1.0,0.0
79,0,True,earliest_eligible,8,1.0,1.0,0.0
79,0,True,normalized_quarter,16,1.0,1.0,0.0
79,0,True,normalized_midpoint,32,1.0,,
79,0,True,normalized_three_quarter,48,1.0,1.0,0.0
79,0,True,confidence_low,32,1.0,,
79,0,True,entropy_high,40,1.0,1.0,0.0
79,0,True,mask_ratio,8,1.0,1.0,0.0
79,0,True,oof_state_value,56,1.0,1.0,0.0
79,0,True,oracle_localization,8,1.0,1.0,0.0
80,0,False,random_checkpoint,24,0.125,0.125,0.0
80,0,False,earliest_eligible,8,0.125,0.875,0.75
80,0,False,normalized_quarter,16,0.375,0.375,0.0
80,0,False,normalized_midpoint,32,0.125,,
80,0,False,normalized_three_quarter,48,0.0,0.0,0.0
80,0,False,confidence_low,32,0.125,,
80,0,False,entropy_high,32,0.125,,
80,0,False,mask_ratio,8,0.125,0.875,0.75
80,0,False,oof_state_value,8,0.125,0.875,0.75
80,0,False,oracle_localization,8,0.125,0.875,0.75
80,1,True,random_checkpoint,24,0.625,0.625,0.0
80,1,True,earliest_eligible,8,1.0,0.625,-0.375
80,1,True,normalized_quarter,16,0.75,0.75,0.0
80,1,True,normalized_midpoint,32,0.5,,
80,1,True,normalized_three_quarter,48,1.0,1.0,0.0
80,1,True,confidence_low,32,0.5,,
80,1,True,entropy_high,32,0.5,,
80,1,True,mask_ratio,8,1.0,0.625,-0.375
80,1,True,oof_state_value,16,0.75,0.75,0.0
80,1,True,oracle_localization,8,1.0,0.625,-0.375
81,0,True,random_checkpoint,40,1.0,1.0,0.0
81,0,True,earliest_eligible,8,1.0,1.0,0.0
81,0,True,normalized_quarter,16,1.0,1.0,0.0
81,0,True,normalized_midpoint,32,1.0,,
81,0,True,normalized_three_quarter,48,1.0,1.0,0.0
81,0,True,confidence_low,32,1.0,,
81,0,True,entropy_high,16,1.0,1.0,0.0
81,0,True,mask_ratio,8,1.0,1.0,0.0
81,0,True,oof_state_value,16,1.0,1.0,0.0
81,0,True,oracle_localization,8,1.0,1.0,0.0
82,0,False,random_checkpoint,64,0.0,,
82,0,False,earliest_eligible,8,0.0,0.0,0.0
82,0,False,normalized_quarter,16,0.0,0.0,0.0
82,0,False,normalized_midpoint,32,0.0,,
82,0,False,normalized_three_quarter,48,0.0,0.0,0.0
82,0,False,confidence_low,32,0.0,,
82,0,False,entropy_high,8,0.0,0.0,0.0
82,0,False,mask_ratio,8,0.0,0.0,0.0
82,0,False,oof_state_value,16,0.0,0.0,0.0
82,0,False,oracle_localization,8,0.0,0.0,0.0
83,0,False,random_checkpoint,64,0.0,,
83,0,False,earliest_eligible,8,0.0,0.125,0.125
83,0,False,normalized_quarter,16,0.125,0.125,0.0
83,0,False,normalized_midpoint,32,0.125,,
83,0,False,normalized_three_quarter,48,0.25,0.75,0.5
83,0,False,confidence_low,48,0.25,0.75,0.5
83,0,False,entropy_high,8,0.0,0.125,0.125
83,0,False,mask_ratio,8,0.0,0.125,0.125
83,0,False,oof_state_value,48,0.25,0.75,0.5
83,0,False,oracle_localization,48,0.25,0.75,0.5
83,5,True,random_checkpoint,16,0.25,0.125,-0.125
83,5,True,earliest_eligible,8,0.25,0.25,0.0
83,5,True,normalized_quarter,16,0.25,0.125,-0.125
83,5,True,normalized_midpoint,32,0.125,,
83,5,True,normalized_three_quarter,48,0.375,0.375,0.0
83,5,True,confidence_low,48,0.375,0.375,0.0
83,5,True,entropy_high,8,0.25,0.25,0.0
83,5,True,mask_ratio,8,0.25,0.25,0.0
83,5,True,oof_state_value,40,0.25,0.5,0.25
83,5,True,oracle_localization,48,0.375,0.375,0.0
84,0,True,random_checkpoint,48,1.0,1.0,0.0
84,0,True,earliest_eligible,8,1.0,1.0,0.0
84,0,True,normalized_quarter,16,1.0,1.0,0.0
84,0,True,normalized_midpoint,32,1.0,,
84,0,True,normalized_three_quarter,48,1.0,1.0,0.0
84,0,True,confidence_low,64,1.0,,
84,0,True,entropy_high,40,1.0,1.0,0.0
84,0,True,mask_ratio,8,1.0,1.0,0.0
84,0,True,oof_state_value,56,1.0,1.0,0.0
84,0,True,oracle_localization,8,1.0,1.0,0.0
85,0,False,random_checkpoint,24,0.0,0.0,0.0
85,0,False,earliest_eligible,8,0.0,0.0,0.0
85,0,False,normalized_quarter,16,0.0,0.0,0.0
85,0,False,normalized_midpoint,32,0.0,,
85,0,False,normalized_three_quarter,48,0.0,0.0,0.0
85,0,False,confidence_low,64,0.0,,
85,0,False,entropy_high,48,0.0,0.0,0.0
85,0,False,mask_ratio,8,0.0,0.0,0.0
85,0,False,oof_state_value,8,0.0,0.0,0.0
85,0,False,oracle_localization,8,0.0,0.0,0.0
86,0,False,random_checkpoint,48,0.125,0.875,0.75
86,0,False,earliest_eligible,8,0.75,0.875,0.125
86,0,False,normalized_quarter,16,0.625,1.0,0.375
86,0,False,normalized_midpoint,32,0.25,,
86,0,False,normalized_three_quarter,48,0.125,0.875,0.75
86,0,False,confidence_low,64,0.0,,
86,0,False,entropy_high,8,0.75,0.875,0.125
86,0,False,mask_ratio,8,0.75,0.875,0.125
86,0,False,oof_state_value,24,0.375,1.0,0.625
86,0,False,oracle_localization,16,0.625,1.0,0.375
86,3,True,random_checkpoint,24,0.75,1.0,0.25
86,3,True,earliest_eligible,8,1.0,1.0,0.0
86,3,True,normalized_quarter,16,0.625,0.875,0.25
86,3,True,normalized_midpoint,32,1.0,,
86,3,True,normalized_three_quarter,48,1.0,1.0,0.0
86,3,True,confidence_low,64,1.0,,
86,3,True,entropy_high,8,1.0,1.0,0.0
86,3,True,mask_ratio,8,1.0,1.0,0.0
86,3,True,oof_state_value,24,0.75,1.0,0.25
86,3,True,oracle_localization,16,0.625,0.875,0.25
87,0,True,random_checkpoint,8,1.0,1.0,0.0
87,0,True,earliest_eligible,8,1.0,1.0,0.0
87,0,True,normalized_quarter,16,0.875,0.875,0.0
87,0,True,normalized_midpoint,32,1.0,,
87,0,True,normalized_three_quarter,48,1.0,1.0,0.0
87,0,True,confidence_low,8,1.0,1.0,0.0
87,0,True,entropy_high,8,1.0,1.0,0.0
87,0,True,mask_ratio,8,1.0,1.0,0.0
87,0,True,oof_state_value,8,1.0,1.0,0.0
87,0,True,oracle_localization,8,1.0,1.0,0.0
87,4,False,random_checkpoint,8,0.0,1.0,1.0
87,4,False,earliest_eligible,8,0.0,1.0,1.0
87,4,False,normalized_quarter,16,0.0,1.0,1.0
87,4,False,normalized_midpoint,32,0.0,,
87,4,False,normalized_three_quarter,48,0.0,0.0,0.0
87,4,False,confidence_low,8,0.0,1.0,1.0
87,4,False,entropy_high,8,0.0,1.0,1.0
87,4,False,mask_ratio,8,0.0,1.0,1.0
87,4,False,oof_state_value,8,0.0,1.0,1.0
87,4,False,oracle_localization,8,0.0,1.0,1.0
88,0,False,random_checkpoint,56,0.0,0.0,0.0
88,0,False,earliest_eligible,8,0.0,0.0,0.0
88,0,False,normalized_quarter,16,0.0,0.0,0.0
88,0,False,normalized_midpoint,32,0.0,,
88,0,False,normalized_three_quarter,48,0.0,0.0,0.0
88,0,False,confidence_low,8,0.0,0.0,0.0
88,0,False,entropy_high,8,0.0,0.0,0.0
88,0,False,mask_ratio,8,0.0,0.0,0.0
88,0,False,oof_state_value,16,0.0,0.0,0.0
88,0,False,oracle_localization,16,0.0,0.0,0.0
89,0,False,random_checkpoint,8,0.75,0.625,-0.125
89,0,False,earliest_eligible,8,0.75,0.625,-0.125
89,0,False,normalized_quarter,16,0.5,0.5,0.0
89,0,False,normalized_midpoint,32,0.75,,
89,0,False,normalized_three_quarter,48,0.625,0.625,0.0
89,0,False,confidence_low,32,0.75,,
89,0,False,entropy_high,8,0.75,0.625,-0.125
89,0,False,mask_ratio,8,0.75,0.625,-0.125
89,0,False,oof_state_value,16,0.5,0.5,0.0
89,0,False,oracle_localization,24,0.25,0.25,0.0
89,2,True,random_checkpoint,24,1.0,1.0,0.0
89,2,True,earliest_eligible,8,1.0,1.0,0.0
89,2,True,normalized_quarter,16,1.0,1.0,0.0
89,2,True,normalized_midpoint,32,1.0,,
89,2,True,normalized_three_quarter,48,1.0,0.75,-0.25
89,2,True,confidence_low,56,1.0,1.0,0.0
89,2,True,entropy_high,8,1.0,1.0,0.0
89,2,True,mask_ratio,8,1.0,1.0,0.0
89,2,True,oof_state_value,8,1.0,1.0,0.0
89,2,True,oracle_localization,8,1.0,1.0,0.0
90,0,True,random_checkpoint,48,1.0,1.0,0.0
90,0,True,earliest_eligible,8,0.0,0.25,0.25
90,0,True,normalized_quarter,16,0.5,0.125,-0.375
90,0,True,normalized_midpoint,32,0.5,,
90,0,True,normalized_three_quarter,48,1.0,1.0,0.0
90,0,True,confidence_low,56,1.0,1.0,0.0
90,0,True,entropy_high,40,0.625,0.875,0.25
90,0,True,mask_ratio,8,0.0,0.25,0.25
90,0,True,oof_state_value,8,0.0,0.25,0.25
90,0,True,oracle_localization,48,1.0,1.0,0.0
90,2,False,random_checkpoint,56,0.0,0.0,0.0
90,2,False,earliest_eligible,8,0.25,0.25,0.0
90,2,False,normalized_quarter,16,0.0,0.125,0.125
90,2,False,normalized_midpoint,32,0.25,,
90,2,False,normalized_three_quarter,48,0.5,0.125,-0.375
90,2,False,confidence_low,56,0.0,0.0,0.0
90,2,False,entropy_high,40,0.125,0.125,0.0
90,2,False,mask_ratio,8,0.25,0.25,0.0
90,2,False,oof_state_value,40,0.125,0.125,0.0
90,2,False,oracle_localization,8,0.25,0.25,0.0
91,0,False,random_checkpoint,40,0.0,0.0,0.0
91,0,False,earliest_eligible,8,0.0,0.0,0.0
91,0,False,normalized_quarter,16,0.0,0.0,0.0
91,0,False,normalized_midpoint,32,0.0,,
91,0,False,normalized_three_quarter,48,0.0,0.0,0.0
91,0,False,confidence_low,64,0.0,,
91,0,False,entropy_high,56,0.0,0.0,0.0
91,0,False,mask_ratio,8,0.0,0.0,0.0
91,0,False,oof_state_value,56,0.0,0.0,0.0
91,0,False,oracle_localization,8,0.0,0.0,0.0
92,0,True,random_checkpoint,48,1.0,1.0,0.0
92,0,True,earliest_eligible,8,1.0,1.0,0.0
92,0,True,normalized_quarter,16,1.0,1.0,0.0
92,0,True,normalized_midpoint,32,1.0,,
92,0,True,normalized_three_quarter,48,1.0,1.0,0.0
92,0,True,confidence_low,8,1.0,1.0,0.0
92,0,True,entropy_high,8,1.0,1.0,0.0
92,0,True,mask_ratio,8,1.0,1.0,0.0
92,0,True,oof_state_value,8,1.0,1.0,0.0
92,0,True,oracle_localization,8,1.0,1.0,0.0
93,0,False,random_checkpoint,32,0.0,,
93,0,False,earliest_eligible,8,0.0,0.0,0.0
93,0,False,normalized_quarter,16,0.0,0.0,0.0
93,0,False,normalized_midpoint,32,0.0,,
93,0,False,normalized_three_quarter,48,0.0,0.0,0.0
93,0,False,confidence_low,32,0.0,,
93,0,False,entropy_high,24,0.0,0.0,0.0
93,0,False,mask_ratio,8,0.0,0.0,0.0
93,0,False,oof_state_value,8,0.0,0.0,0.0
93,0,False,oracle_localization,8,0.0,0.0,0.0
94,0,True,random_checkpoint,56,1.0,1.0,0.0
94,0,True,earliest_eligible,8,1.0,1.0,0.0
94,0,True,normalized_quarter,16,1.0,1.0,0.0
94,0,True,normalized_midpoint,32,1.0,,
94,0,True,normalized_three_quarter,48,1.0,0.875,-0.125
94,0,True,confidence_low,32,1.0,,
94,0,True,entropy_high,32,1.0,,
94,0,True,mask_ratio,8,1.0,1.0,0.0
94,0,True,oof_state_value,8,1.0,1.0,0.0
94,0,True,oracle_localization,8,1.0,1.0,0.0
95,0,True,random_checkpoint,48,1.0,1.0,0.0
95,0,True,earliest_eligible,8,0.75,1.0,0.25
95,0,True,normalized_quarter,16,1.0,0.875,-0.125
95,0,True,normalized_midpoint,32,1.0,,
95,0,True,normalized_three_quarter,48,1.0,1.0,0.0
95,0,True,confidence_low,64,1.0,,
95,0,True,entropy_high,40,1.0,1.0,0.0
95,0,True,mask_ratio,8,0.75,1.0,0.25
95,0,True,oof_state_value,48,1.0,1.0,0.0
95,0,True,oracle_localization,8,0.75,1.0,0.25
95,5,False,random_checkpoint,24,0.875,0.75,-0.125
95,5,False,earliest_eligible,8,0.375,0.375,0.0
95,5,False,normalized_quarter,16,1.0,0.875,-0.125
95,5,False,normalized_midpoint,32,0.5,,
95,5,False,normalized_three_quarter,48,0.0,0.0,0.0
95,5,False,confidence_low,40,0.375,0.875,0.5
95,5,False,entropy_high,48,0.0,0.0,0.0
95,5,False,mask_ratio,8,0.375,0.375,0.0
95,5,False,oof_state_value,40,0.375,0.875,0.5
95,5,False,oracle_localization,24,0.875,0.75,-0.125
96,0,True,random_checkpoint,40,1.0,1.0,0.0
96,0,True,earliest_eligible,8,1.0,1.0,0.0
96,0,True,normalized_quarter,16,0.875,0.875,0.0
96,0,True,normalized_midpoint,32,1.0,,
96,0,True,normalized_three_quarter,48,1.0,1.0,0.0
96,0,True,confidence_low,8,1.0,1.0,0.0
96,0,True,entropy_high,16,0.875,0.875,0.0
96,0,True,mask_ratio,8,1.0,1.0,0.0
96,0,True,oof_state_value,8,1.0,1.0,0.0
96,0,True,oracle_localization,8,1.0,1.0,0.0
96,4,False,random_checkpoint,40,0.0,0.0,0.0
96,4,False,earliest_eligible,8,0.75,0.75,0.0
96,4,False,normalized_quarter,16,0.625,0.625,0.0
96,4,False,normalized_midpoint,32,0.0,,
96,4,False,normalized_three_quarter,48,0.0,0.0,0.0
96,4,False,confidence_low,8,0.75,0.75,0.0
96,4,False,entropy_high,16,0.625,0.625,0.0
96,4,False,mask_ratio,8,0.75,0.75,0.0
96,4,False,oof_state_value,8,0.75,0.75,0.0
96,4,False,oracle_localization,8,0.75,0.75,0.0
97,0,False,random_checkpoint,8,0.0,0.0,0.0
97,0,False,earliest_eligible,8,0.0,0.0,0.0
97,0,False,normalized_quarter,16,0.0,0.0,0.0
97,0,False,normalized_midpoint,32,0.0,,
97,0,False,normalized_three_quarter,48,0.0,0.0,0.0
97,0,False,confidence_low,56,0.0,0.0,0.0
97,0,False,entropy_high,40,0.0,0.0,0.0
97,0,False,mask_ratio,8,0.0,0.0,0.0
97,0,False,oof_state_value,16,0.0,0.0,0.0
97,0,False,oracle_localization,8,0.0,0.0,0.0
98,0,True,random_checkpoint,48,1.0,1.0,0.0
98,0,True,earliest_eligible,8,1.0,1.0,0.0
98,0,True,normalized_quarter,16,1.0,1.0,0.0
98,0,True,normalized_midpoint,32,1.0,,
98,0,True,normalized_three_quarter,48,1.0,1.0,0.0
98,0,True,confidence_low,64,1.0,,
98,0,True,entropy_high,40,1.0,1.0,0.0
98,0,True,mask_ratio,8,1.0,1.0,0.0
98,0,True,oof_state_value,48,1.0,1.0,0.0
98,0,True,oracle_localization,8,1.0,1.0,0.0
99,0,True,random_checkpoint,8,0.875,0.125,-0.75
99,0,True,earliest_eligible,8,0.875,0.125,-0.75
99,0,True,normalized_quarter,16,0.75,1.0,0.25
99,0,True,normalized_midpoint,32,1.0,,
99,0,True,normalized_three_quarter,48,1.0,1.0,0.0
99,0,True,confidence_low,64,1.0,,
99,0,True,entropy_high,48,1.0,1.0,0.0
99,0,True,mask_ratio,8,0.875,0.125,-0.75
99,0,True,oof_state_value,56,1.0,1.0,0.0
99,0,True,oracle_localization,40,1.0,1.0,0.0
99,1,False,random_checkpoint,32,0.0,,
99,1,False,earliest_eligible,8,0.125,0.375,0.25
99,1,False,normalized_quarter,16,0.0,0.0,0.0
99,1,False,normalized_midpoint,32,0.0,,
99,1,False,normalized_three_quarter,48,0.0,0.0,0.0
99,1,False,confidence_low,64,0.0,,
99,1,False,entropy_high,8,0.125,0.375,0.25
99,1,False,mask_ratio,8,0.125,0.375,0.25
99,1,False,oof_state_value,24,0.0,0.0,0.0
99,1,False,oracle_localization,8,0.125,0.375,0.25
100,0,True,random_checkpoint,32,1.0,,
100,0,True,earliest_eligible,8,1.0,1.0,0.0
100,0,True,normalized_quarter,16,1.0,1.0,0.0
100,0,True,normalized_midpoint,32,1.0,,
100,0,True,normalized_three_quarter,48,1.0,1.0,0.0
100,0,True,confidence_low,56,1.0,1.0,0.0
100,0,True,entropy_high,8,1.0,1.0,0.0
100,0,True,mask_ratio,8,1.0,1.0,0.0
100,0,True,oof_state_value,24,1.0,1.0,0.0
100,0,True,oracle_localization,8,1.0,1.0,0.0
101,0,False,random_checkpoint,48,0.0,0.0,0.0
101,0,False,earliest_eligible,8,0.0,0.0,0.0
101,0,False,normalized_quarter,16,0.125,0.125,0.0
101,0,False,normalized_midpoint,32,0.0,,
101,0,False,normalized_three_quarter,48,0.0,0.0,0.0
101,0,False,confidence_low,32,0.0,,
101,0,False,entropy_high,16,0.125,0.125,0.0
101,0,False,mask_ratio,8,0.0,0.0,0.0
101,0,False,oof_state_value,8,0.0,0.0,0.0
101,0,False,oracle_localization,8,0.0,0.0,0.0
102,0,True,random_checkpoint,64,1.0,,
102,0,True,earliest_eligible,8,1.0,1.0,0.0
102,0,True,normalized_quarter,16,1.0,0.875,-0.125
102,0,True,normalized_midpoint,32,1.0,,
102,0,True,normalized_three_quarter,48,1.0,1.0,0.0
102,0,True,confidence_low,8,1.0,1.0,0.0
102,0,True,entropy_high,56,1.0,1.0,0.0
102,0,True,mask_ratio,8,1.0,1.0,0.0
102,0,True,oof_state_value,8,1.0,1.0,0.0
102,0,True,oracle_localization,8,1.0,1.0,0.0
103,0,False,random_checkpoint,48,0.0,0.0,0.0
103,0,False,earliest_eligible,8,0.0,0.0,0.0
103,0,False,normalized_quarter,16,0.0,0.0,0.0
103,0,False,normalized_midpoint,32,0.0,,
103,0,False,normalized_three_quarter,48,0.0,0.0,0.0
103,0,False,confidence_low,32,0.0,,
103,0,False,entropy_high,16,0.0,0.0,0.0
103,0,False,mask_ratio,8,0.0,0.0,0.0
103,0,False,oof_state_value,8,0.0,0.0,0.0
103,0,False,oracle_localization,8,0.0,0.0,0.0
103,6,True,random_checkpoint,64,1.0,,
103,6,True,earliest_eligible,8,0.375,0.375,0.0
103,6,True,normalized_quarter,16,0.0,0.0,0.0
103,6,True,normalized_midpoint,32,1.0,,
103,6,True,normalized_three_quarter,48,1.0,1.0,0.0
103,6,True,confidence_low,32,1.0,,
103,6,True,entropy_high,56,1.0,1.0,0.0
103,6,True,mask_ratio,8,0.375,0.375,0.0
103,6,True,oof_state_value,8,0.375,0.375,0.0
103,6,True,oracle_localization,40,1.0,1.0,0.0
104,0,True,random_checkpoint,64,1.0,,
104,0,True,earliest_eligible,8,1.0,1.0,0.0
104,0,True,normalized_quarter,16,1.0,1.0,0.0
104,0,True,normalized_midpoint,32,1.0,,
104,0,True,normalized_three_quarter,48,1.0,1.0,0.0
104,0,True,confidence_low,64,1.0,,
104,0,True,entropy_high,8,1.0,1.0,0.0
104,0,True,mask_ratio,8,1.0,1.0,0.0
104,0,True,oof_state_value,8,1.0,1.0,0.0
104,0,True,oracle_localization,8,1.0,1.0,0.0
105,0,True,random_checkpoint,8,0.75,0.75,0.0
105,0,True,earliest_eligible,8,0.75,0.75,0.0
105,0,True,normalized_quarter,16,0.75,0.75,0.0
105,0,True,normalized_midpoint,32,1.0,,
105,0,True,normalized_three_quarter,48,1.0,1.0,0.0
105,0,True,confidence_low,8,0.75,0.75,0.0
105,0,True,entropy_high,16,0.75,0.75,0.0
105,0,True,mask_ratio,8,0.75,0.75,0.0
105,0,True,oof_state_value,24,0.75,0.75,0.0
105,0,True,oracle_localization,40,1.0,1.0,0.0
105,1,False,random_checkpoint,48,0.0,0.0,0.0
105,1,False,earliest_eligible,8,0.875,0.875,0.0
105,1,False,normalized_quarter,16,0.75,0.75,0.0
105,1,False,normalized_midpoint,32,0.0,,
105,1,False,normalized_three_quarter,48,0.0,0.0,0.0
105,1,False,confidence_low,32,0.0,,
105,1,False,entropy_high,16,0.75,0.75,0.0
105,1,False,mask_ratio,8,0.875,0.875,0.0
105,1,False,oof_state_value,24,0.75,0.75,0.0
105,1,False,oracle_localization,24,0.75,0.75,0.0
106,0,False,random_checkpoint,48,0.75,0.875,0.125
106,0,False,earliest_eligible,8,0.5,0.125,-0.375
106,0,False,normalized_quarter,16,0.875,0.75,-0.125
106,0,False,normalized_midpoint,32,0.875,,
106,0,False,normalized_three_quarter,48,0.75,0.875,0.125
106,0,False,confidence_low,64,0.0,,
106,0,False,entropy_high,56,0.0,0.0,0.0
106,0,False,mask_ratio,8,0.5,0.125,-0.375
106,0,False,oof_state_value,24,0.5,0.5,0.0
106,0,False,oracle_localization,8,0.5,0.125,-0.375
106,1,True,random_checkpoint,40,0.75,0.125,-0.625
106,1,True,earliest_eligible,8,0.875,0.375,-0.5
106,1,True,normalized_quarter,16,0.75,0.75,0.0
106,1,True,normalized_midpoint,32,0.875,,
106,1,True,normalized_three_quarter,48,1.0,1.0,0.0
106,1,True,confidence_low,56,1.0,1.0,0.0
106,1,True,entropy_high,56,1.0,1.0,0.0
106,1,True,mask_ratio,8,0.875,0.375,-0.5
106,1,True,oof_state_value,24,0.875,0.875,0.0
106,1,True,oracle_localization,8,0.875,0.375,-0.5
107,0,True,random_checkpoint,16,1.0,1.0,0.0
107,0,True,earliest_eligible,8,1.0,1.0,0.0
107,0,True,normalized_quarter,16,1.0,1.0,0.0
107,0,True,normalized_midpoint,32,1.0,,
107,0,True,normalized_three_quarter,48,1.0,1.0,0.0
107,0,True,confidence_low,64,1.0,,
107,0,True,entropy_high,48,1.0,1.0,0.0
107,0,True,mask_ratio,8,1.0,1.0,0.0
107,0,True,oof_state_value,8,1.0,1.0,0.0
107,0,True,oracle_localization,8,1.0,1.0,0.0
107,1,False,random_checkpoint,24,0.0,0.0,0.0
107,1,False,earliest_eligible,8,0.0,1.0,1.0
107,1,False,normalized_quarter,16,0.0,0.0,0.0
107,1,False,normalized_midpoint,32,0.0,,
107,1,False,normalized_three_quarter,48,0.0,0.0,0.0
107,1,False,confidence_low,16,0.0,0.0,0.0
107,1,False,entropy_high,24,0.0,0.0,0.0
107,1,False,mask_ratio,8,0.0,1.0,1.0
107,1,False,oof_state_value,8,0.0,1.0,1.0
107,1,False,oracle_localization,8,0.0,1.0,1.0
108,0,False,random_checkpoint,56,0.0,0.0,0.0
108,0,False,earliest_eligible,8,0.0,0.0,0.0
108,0,False,normalized_quarter,16,0.0,0.0,0.0
108,0,False,normalized_midpoint,32,0.0,,
108,0,False,normalized_three_quarter,48,0.0,0.0,0.0
108,0,False,confidence_low,64,0.0,,
108,0,False,entropy_high,40,0.0,0.125,0.125
108,0,False,mask_ratio,8,0.0,0.0,0.0
108,0,False,oof_state_value,16,0.0,0.0,0.0
108,0,False,oracle_localization,8,0.0,0.0,0.0
109,0,True,random_checkpoint,24,1.0,1.0,0.0
109,0,True,earliest_eligible,8,1.0,1.0,0.0
109,0,True,normalized_quarter,16,1.0,1.0,0.0
109,0,True,normalized_midpoint,32,1.0,,
109,0,True,normalized_three_quarter,48,1.0,1.0,0.0
109,0,True,confidence_low,8,1.0,1.0,0.0
109,0,True,entropy_high,16,1.0,1.0,0.0
109,0,True,mask_ratio,8,1.0,1.0,0.0
109,0,True,oof_state_value,8,1.0,1.0,0.0
109,0,True,oracle_localization,8,1.0,1.0,0.0
109,1,False,random_checkpoint,24,0.0,0.625,0.625
109,1,False,earliest_eligible,8,0.0,0.0,0.0
109,1,False,normalized_quarter,16,0.0,0.75,0.75
109,1,False,normalized_midpoint,32,0.0,,
109,1,False,normalized_three_quarter,48,0.0,0.0,0.0
109,1,False,confidence_low,8,0.0,0.0,0.0
109,1,False,entropy_high,24,0.0,0.625,0.625
109,1,False,mask_ratio,8,0.0,0.0,0.0
109,1,False,oof_state_value,8,0.0,0.0,0.0
109,1,False,oracle_localization,24,0.0,0.625,0.625
110,0,False,random_checkpoint,56,0.0,0.0,0.0
110,0,False,earliest_eligible,8,0.0,0.0,0.0
110,0,False,normalized_quarter,16,0.0,0.0,0.0
110,0,False,normalized_midpoint,32,0.0,,
110,0,False,normalized_three_quarter,48,0.0,0.0,0.0
110,0,False,confidence_low,8,0.0,0.0,0.0
110,0,False,entropy_high,16,0.0,0.0,0.0
110,0,False,mask_ratio,8,0.0,0.0,0.0
110,0,False,oof_state_value,8,0.0,0.0,0.0
110,0,False,oracle_localization,24,0.0,0.125,0.125
111,0,True,random_checkpoint,24,0.875,0.75,-0.125
111,0,True,earliest_eligible,8,0.875,0.75,-0.125
111,0,True,normalized_quarter,16,0.875,0.875,0.0
111,0,True,normalized_midpoint,32,1.0,,
111,0,True,normalized_three_quarter,48,1.0,1.0,0.0
111,0,True,confidence_low,48,1.0,1.0,0.0
111,0,True,entropy_high,48,1.0,1.0,0.0
111,0,True,mask_ratio,8,0.875,0.75,-0.125
111,0,True,oof_state_value,8,0.875,0.75,-0.125
111,0,True,oracle_localization,48,1.0,1.0,0.0
111,1,False,random_checkpoint,8,0.75,0.375,-0.375
111,1,False,earliest_eligible,8,0.75,0.375,-0.375
111,1,False,normalized_quarter,16,0.5,0.75,0.25
111,1,False,normalized_midpoint,32,0.25,,
111,1,False,normalized_three_quarter,48,0.0,0.0,0.0
111,1,False,confidence_low,64,0.0,,
111,1,False,entropy_high,48,0.0,0.0,0.0
111,1,False,mask_ratio,8,0.75,0.375,-0.375
111,1,False,oof_state_value,8,0.75,0.375,-0.375
111,1,False,oracle_localization,8,0.75,0.375,-0.375
112,0,True,random_checkpoint,16,1.0,1.0,0.0
112,0,True,earliest_eligible,8,1.0,1.0,0.0
112,0,True,normalized_quarter,16,1.0,1.0,0.0
112,0,True,normalized_midpoint,32,1.0,,
112,0,True,normalized_three_quarter,48,1.0,1.0,0.0
112,0,True,confidence_low,40,1.0,1.0,0.0
112,0,True,entropy_high,24,1.0,1.0,0.0
112,0,True,mask_ratio,8,1.0,1.0,0.0
112,0,True,oof_state_value,8,1.0,1.0,0.0
112,0,True,oracle_localization,8,1.0,1.0,0.0
113,0,False,random_checkpoint,48,0.0,0.0,0.0
113,0,False,earliest_eligible,8,0.0,0.125,0.125
113,0,False,normalized_quarter,16,0.0,0.0,0.0
113,0,False,normalized_midpoint,32,0.0,,
113,0,False,normalized_three_quarter,48,0.0,0.0,0.0
113,0,False,confidence_low,48,0.0,0.0,0.0
113,0,False,entropy_high,40,0.0,0.0,0.0
113,0,False,mask_ratio,8,0.0,0.125,0.125
113,0,False,oof_state_value,16,0.0,0.0,0.0
113,0,False,oracle_localization,8,0.0,0.125,0.125
113,2,True,random_checkpoint,8,0.625,0.5,-0.125
113,2,True,earliest_eligible,8,0.625,0.5,-0.125
113,2,True,normalized_quarter,16,0.625,0.375,-0.25
113,2,True,normalized_midpoint,32,0.875,,
113,2,True,normalized_three_quarter,48,0.875,0.875,0.0
113,2,True,confidence_low,64,1.0,,
113,2,True,entropy_high,40,0.75,0.75,0.0
113,2,True,mask_ratio,8,0.625,0.5,-0.125
113,2,True,oof_state_value,8,0.625,0.5,-0.125
113,2,True,oracle_localization,24,0.5,0.5,0.0
114,0,True,random_checkpoint,32,1.0,,
114,0,True,earliest_eligible,8,1.0,1.0,0.0
114,0,True,normalized_quarter,16,1.0,1.0,0.0
114,0,True,normalized_midpoint,32,1.0,,
114,0,True,normalized_three_quarter,48,1.0,1.0,0.0
114,0,True,confidence_low,32,1.0,,
114,0,True,entropy_high,16,1.0,1.0,0.0
114,0,True,mask_ratio,8,1.0,1.0,0.0
114,0,True,oof_state_value,8,1.0,1.0,0.0
114,0,True,oracle_localization,8,1.0,1.0,0.0
115,0,True,random_checkpoint,56,1.0,1.0,0.0
115,0,True,earliest_eligible,8,1.0,1.0,0.0
115,0,True,normalized_quarter,16,1.0,1.0,0.0
115,0,True,normalized_midpoint,32,1.0,,
115,0,True,normalized_three_quarter,48,1.0,1.0,0.0
115,0,True,confidence_low,8,1.0,1.0,0.0
115,0,True,entropy_high,8,1.0,1.0,0.0
115,0,True,mask_ratio,8,1.0,1.0,0.0
115,0,True,oof_state_value,16,1.0,1.0,0.0
115,0,True,oracle_localization,8,1.0,1.0,0.0
115,2,False,random_checkpoint,40,0.0,0.0,0.0
115,2,False,earliest_eligible,8,0.625,1.0,0.375
115,2,False,normalized_quarter,16,0.25,0.25,0.0
115,2,False,normalized_midpoint,32,0.0,,
115,2,False,normalized_three_quarter,48,0.0,0.0,0.0
115,2,False,confidence_low,32,0.0,,
115,2,False,entropy_high,16,0.25,0.25,0.0
115,2,False,mask_ratio,8,0.625,1.0,0.375
115,2,False,oof_state_value,24,0.125,0.125,0.0
115,2,False,oracle_localization,8,0.625,1.0,0.375
116,0,True,random_checkpoint,56,1.0,1.0,0.0
116,0,True,earliest_eligible,8,1.0,1.0,0.0
116,0,True,normalized_quarter,16,1.0,1.0,0.0
116,0,True,normalized_midpoint,32,1.0,,
116,0,True,normalized_three_quarter,48,1.0,1.0,0.0
116,0,True,confidence_low,56,1.0,1.0,0.0
116,0,True,entropy_high,8,1.0,1.0,0.0
116,0,True,mask_ratio,8,1.0,1.0,0.0
116,0,True,oof_state_value,16,1.0,1.0,0.0
116,0,True,oracle_localization,8,1.0,1.0,0.0
117,0,True,random_checkpoint,16,0.125,0.25,0.125
117,0,True,earliest_eligible,8,0.0,0.0,0.0
117,0,True,normalized_quarter,16,0.125,0.25,0.125
117,0,True,normalized_midpoint,32,0.875,,
117,0,True,normalized_three_quarter,48,0.875,0.0,-0.875
117,0,True,confidence_low,64,1.0,,
117,0,True,entropy_high,8,0.0,0.0,0.0
117,0,True,mask_ratio,8,0.0,0.0,0.0
117,0,True,oof_state_value,48,0.875,0.0,-0.875
117,0,True,oracle_localization,40,0.875,0.875,0.0
117,1,False,random_checkpoint,64,0.0,,
117,1,False,earliest_eligible,8,0.0,0.0,0.0
117,1,False,normalized_quarter,16,0.0,0.125,0.125
117,1,False,normalized_midpoint,32,0.0,,
117,1,False,normalized_three_quarter,48,0.0,0.0,0.0
117,1,False,confidence_low,56,0.0,0.0,0.0
117,1,False,entropy_high,32,0.0,,
117,1,False,mask_ratio,8,0.0,0.0,0.0
117,1,False,oof_state_value,40,0.0,0.0,0.0
117,1,False,oracle_localization,8,0.0,0.0,0.0
118,0,True,random_checkpoint,8,0.75,0.75,0.0
118,0,True,earliest_eligible,8,0.75,0.75,0.0
118,0,True,normalized_quarter,16,0.875,1.0,0.125
118,0,True,normalized_midpoint,32,1.0,,
118,0,True,normalized_three_quarter,48,1.0,1.0,0.0
118,0,True,confidence_low,48,1.0,1.0,0.0
118,0,True,entropy_high,48,1.0,1.0,0.0
118,0,True,mask_ratio,8,0.75,0.75,0.0
118,0,True,oof_state_value,8,0.75,0.75,0.0
118,0,True,oracle_localization,40,1.0,1.0,0.0
118,2,False,random_checkpoint,8,0.625,0.75,0.125
118,2,False,earliest_eligible,8,0.625,0.75,0.125
118,2,False,normalized_quarter,16,0.875,0.875,0.0
118,2,False,normalized_midpoint,32,0.0,,
118,2,False,normalized_three_quarter,48,0.375,0.375,0.0
118,2,False,confidence_low,64,0.0,,
118,2,False,entropy_high,40,0.125,0.125,0.0
118,2,False,mask_ratio,8,0.625,0.75,0.125
118,2,False,oof_state_value,40,0.125,0.125,0.0
118,2,False,oracle_localization,8,0.625,0.75,0.125
119,0,True,random_checkpoint,40,1.0,0.5,-0.5
119,0,True,earliest_eligible,8,1.0,0.625,-0.375
119,0,True,normalized_quarter,16,0.875,1.0,0.125
119,0,True,normalized_midpoint,32,0.875,,
119,0,True,normalized_three_quarter,48,1.0,1.0,0.0
119,0,True,confidence_low,56,1.0,1.0,0.0
119,0,True,entropy_high,24,1.0,1.0,0.0
119,0,True,mask_ratio,8,1.0,0.625,-0.375
119,0,True,oof_state_value,40,1.0,0.5,-0.5
119,0,True,oracle_localization,16,0.875,1.0,0.125
119,1,False,random_checkpoint,8,0.875,1.0,0.125
119,1,False,earliest_eligible,8,0.875,1.0,0.125
119,1,False,normalized_quarter,16,0.5,1.0,0.5
119,1,False,normalized_midpoint,32,0.375,,
119,1,False,normalized_three_quarter,48,0.625,0.625,0.0
119,1,False,confidence_low,48,0.625,0.625,0.0
119,1,False,entropy_high,16,0.5,1.0,0.5
119,1,False,mask_ratio,8,0.875,1.0,0.125
119,1,False,oof_state_value,48,0.625,0.625,0.0
119,1,False,oracle_localization,8,0.875,1.0,0.125
120,0,True,random_checkpoint,16,1.0,1.0,0.0
120,0,True,earliest_eligible,8,1.0,1.0,0.0
120,0,True,normalized_quarter,16,1.0,1.0,0.0
120,0,True,normalized_midpoint,32,1.0,,
120,0,True,normalized_three_quarter,48,1.0,1.0,0.0
120,0,True,confidence_low,32,1.0,,
120,0,True,entropy_high,48,1.0,1.0,0.0
120,0,True,mask_ratio,8,1.0,1.0,0.0
120,0,True,oof_state_value,8,1.0,1.0,0.0
120,0,True,oracle_localization,8,1.0,1.0,0.0
121,0,True,random_checkpoint,16,1.0,1.0,0.0
121,0,True,earliest_eligible,8,1.0,1.0,0.0
121,0,True,normalized_quarter,16,1.0,1.0,0.0
121,0,True,normalized_midpoint,32,1.0,,
121,0,True,normalized_three_quarter,48,1.0,1.0,0.0
121,0,True,confidence_low,64,1.0,,
121,0,True,entropy_high,40,1.0,1.0,0.0
121,0,True,mask_ratio,8,1.0,1.0,0.0
121,0,True,oof_state_value,24,0.875,0.875,0.0
121,0,True,oracle_localization,8,1.0,1.0,0.0
121,5,False,random_checkpoint,32,1.0,,
121,5,False,earliest_eligible,8,1.0,1.0,0.0
121,5,False,normalized_quarter,16,1.0,1.0,0.0
121,5,False,normalized_midpoint,32,1.0,,
121,5,False,normalized_three_quarter,48,0.0,0.0,0.0
121,5,False,confidence_low,64,0.0,,
121,5,False,entropy_high,40,0.0,0.0,0.0
121,5,False,mask_ratio,8,1.0,1.0,0.0
121,5,False,oof_state_value,56,0.0,0.0,0.0
121,5,False,oracle_localization,16,1.0,1.0,0.0
122,0,False,random_checkpoint,64,0.0,,
122,0,False,earliest_eligible,8,0.0,0.0,0.0
122,0,False,normalized_quarter,16,0.0,0.0,0.0
122,0,False,normalized_midpoint,32,0.0,,
122,0,False,normalized_three_quarter,48,0.0,0.0,0.0
122,0,False,confidence_low,8,0.0,0.0,0.0
122,0,False,entropy_high,8,0.0,0.0,0.0
122,0,False,mask_ratio,8,0.0,0.0,0.0
122,0,False,oof_state_value,24,0.0,1.0,1.0
122,0,False,oracle_localization,24,0.0,1.0,1.0
122,3,True,random_checkpoint,24,0.75,1.0,0.25
122,3,True,earliest_eligible,8,0.5,1.0,0.5
122,3,True,normalized_quarter,16,0.875,1.0,0.125
122,3,True,normalized_midpoint,32,1.0,,
122,3,True,normalized_three_quarter,48,1.0,1.0,0.0
122,3,True,confidence_low,8,0.5,1.0,0.5
122,3,True,entropy_high,8,0.5,1.0,0.5
122,3,True,mask_ratio,8,0.5,1.0,0.5
122,3,True,oof_state_value,8,0.5,1.0,0.5
122,3,True,oracle_localization,8,0.5,1.0,0.5
123,0,True,random_checkpoint,56,1.0,1.0,0.0
123,0,True,earliest_eligible,8,0.875,0.75,-0.125
123,0,True,normalized_quarter,16,1.0,1.0,0.0
123,0,True,normalized_midpoint,32,1.0,,
123,0,True,normalized_three_quarter,48,1.0,1.0,0.0
123,0,True,confidence_low,56,1.0,1.0,0.0
123,0,True,entropy_high,40,1.0,1.0,0.0
123,0,True,mask_ratio,8,0.875,0.75,-0.125
123,0,True,oof_state_value,56,1.0,1.0,0.0
123,0,True,oracle_localization,8,0.875,0.75,-0.125
124,0,True,random_checkpoint,56,1.0,1.0,0.0
124,0,True,earliest_eligible,8,1.0,1.0,0.0
124,0,True,normalized_quarter,16,1.0,1.0,0.0
124,0,True,normalized_midpoint,32,1.0,,
124,0,True,normalized_three_quarter,48,1.0,1.0,0.0
124,0,True,confidence_low,64,1.0,,
124,0,True,entropy_high,40,1.0,1.0,0.0
124,0,True,mask_ratio,8,1.0,1.0,0.0
124,0,True,oof_state_value,8,1.0,1.0,0.0
124,0,True,oracle_localization,8,1.0,1.0,0.0
125,0,True,random_checkpoint,48,1.0,1.0,0.0
125,0,True,earliest_eligible,8,0.5,0.125,-0.375
125,0,True,normalized_quarter,16,0.625,0.375,-0.25
125,0,True,normalized_midpoint,32,1.0,,
125,0,True,normalized_three_quarter,48,1.0,1.0,0.0
125,0,True,confidence_low,32,1.0,,
125,0,True,entropy_high,8,0.5,0.125,-0.375
125,0,True,mask_ratio,8,0.5,0.125,-0.375
125,0,True,oof_state_value,8,0.5,0.125,-0.375
125,0,True,oracle_localization,40,1.0,1.0,0.0
125,2,False,random_checkpoint,48,0.0,0.0,0.0
125,2,False,earliest_eligible,8,0.5,0.5,0.0
125,2,False,normalized_quarter,16,0.375,0.5,0.125
125,2,False,normalized_midpoint,32,0.0,,
125,2,False,normalized_three_quarter,48,0.0,0.0,0.0
125,2,False,confidence_low,48,0.0,0.0,0.0
125,2,False,entropy_high,32,0.0,,
125,2,False,mask_ratio,8,0.5,0.5,0.0
125,2,False,oof_state_value,8,0.5,0.5,0.0
125,2,False,oracle_localization,8,0.5,0.5,0.0
126,0,False,random_checkpoint,48,0.0,0.0,0.0
126,0,False,earliest_eligible,8,0.0,0.0,0.0
126,0,False,normalized_quarter,16,0.0,0.0,0.0
126,0,False,normalized_midpoint,32,0.0,,
126,0,False,normalized_three_quarter,48,0.0,0.0,0.0
126,0,False,confidence_low,48,0.0,0.0,0.0
126,0,False,entropy_high,40,0.0,0.0,0.0
126,0,False,mask_ratio,8,0.0,0.0,0.0
126,0,False,oof_state_value,8,0.0,0.0,0.0
126,0,False,oracle_localization,8,0.0,0.0,0.0
127,0,False,random_checkpoint,56,0.0,0.0,0.0
127,0,False,earliest_eligible,8,0.0,0.0,0.0
127,0,False,normalized_quarter,16,0.0,0.0,0.0
127,0,False,normalized_midpoint,32,0.0,,
127,0,False,normalized_three_quarter,48,0.0,0.0,0.0
127,0,False,confidence_low,56,0.0,0.0,0.0
127,0,False,entropy_high,48,0.0,0.0,0.0
127,0,False,mask_ratio,8,0.0,0.0,0.0
127,0,False,oof_state_value,40,0.0,0.0,0.0
127,0,False,oracle_localization,8,0.0,0.0,0.0
128,0,True,random_checkpoint,32,1.0,,
128,0,True,earliest_eligible,8,0.875,1.0,0.125
128,0,True,normalized_quarter,16,1.0,1.0,0.0
128,0,True,normalized_midpoint,32,1.0,,
128,0,True,normalized_three_quarter,48,1.0,1.0,0.0
128,0,True,confidence_low,56,1.0,1.0,0.0
128,0,True,entropy_high,48,1.0,1.0,0.0
128,0,True,mask_ratio,8,0.875,1.0,0.125
128,0,True,oof_state_value,24,1.0,1.0,0.0
128,0,True,oracle_localization,8,0.875,1.0,0.125
128,3,False,random_checkpoint,8,0.625,1.0,0.375
128,3,False,earliest_eligible,8,0.625,1.0,0.375
128,3,False,normalized_quarter,16,0.625,0.625,0.0
128,3,False,normalized_midpoint,32,0.125,,
128,3,False,normalized_three_quarter,48,0.0,0.0,0.0
128,3,False,confidence_low,56,0.0,0.0,0.0
128,3,False,entropy_high,8,0.625,1.0,0.375
128,3,False,mask_ratio,8,0.625,1.0,0.375
128,3,False,oof_state_value,8,0.625,1.0,0.375
128,3,False,oracle_localization,8,0.625,1.0,0.375
129,0,True,random_checkpoint,48,1.0,1.0,0.0
129,0,True,earliest_eligible,8,1.0,1.0,0.0
129,0,True,normalized_quarter,16,1.0,1.0,0.0
129,0,True,normalized_midpoint,32,1.0,,
129,0,True,normalized_three_quarter,48,1.0,1.0,0.0
129,0,True,confidence_low,56,1.0,1.0,0.0
129,0,True,entropy_high,48,1.0,1.0,0.0
129,0,True,mask_ratio,8,1.0,1.0,0.0
129,0,True,oof_state_value,48,1.0,1.0,0.0
129,0,True,oracle_localization,8,1.0,1.0,0.0
130,0,False,random_checkpoint,8,0.0,0.0,0.0
130,0,False,earliest_eligible,8,0.0,0.0,0.0
130,0,False,normalized_quarter,16,0.0,0.0,0.0
130,0,False,normalized_midpoint,32,0.0,,
130,0,False,normalized_three_quarter,48,0.0,0.0,0.0
130,0,False,confidence_low,64,0.0,,
130,0,False,entropy_high,8,0.0,0.0,0.0
130,0,False,mask_ratio,8,0.0,0.0,0.0
130,0,False,oof_state_value,24,0.0,0.0,0.0
130,0,False,oracle_localization,8,0.0,0.0,0.0
131,0,False,random_checkpoint,8,0.25,0.0,-0.25
131,0,False,earliest_eligible,8,0.25,0.0,-0.25
131,0,False,normalized_quarter,16,0.125,0.0,-0.125
131,0,False,normalized_midpoint,32,0.0,,
131,0,False,normalized_three_quarter,48,0.0,0.0,0.0
131,0,False,confidence_low,56,0.0,0.0,0.0
131,0,False,entropy_high,40,0.0,0.0,0.0
131,0,False,mask_ratio,8,0.25,0.0,-0.25
131,0,False,oof_state_value,8,0.25,0.0,-0.25
131,0,False,oracle_localization,24,0.0,0.125,0.125
131,6,True,random_checkpoint,8,0.125,0.125,0.0
131,6,True,earliest_eligible,8,0.125,0.125,0.0
131,6,True,normalized_quarter,16,0.125,0.125,0.0
131,6,True,normalized_midpoint,32,0.125,,
131,6,True,normalized_three_quarter,48,1.0,1.0,0.0
131,6,True,confidence_low,56,1.0,1.0,0.0
131,6,True,entropy_high,40,0.375,0.25,-0.125
131,6,True,mask_ratio,8,0.125,0.125,0.0
131,6,True,oof_state_value,8,0.125,0.125,0.0
131,6,True,oracle_localization,48,1.0,1.0,0.0
132,0,True,random_checkpoint,64,1.0,,
132,0,True,earliest_eligible,8,1.0,1.0,0.0
132,0,True,normalized_quarter,16,1.0,1.0,0.0
132,0,True,normalized_midpoint,32,1.0,,
132,0,True,normalized_three_quarter,48,1.0,1.0,0.0
132,0,True,confidence_low,8,1.0,1.0,0.0
132,0,True,entropy_high,8,1.0,1.0,0.0
132,0,True,mask_ratio,8,1.0,1.0,0.0
132,0,True,oof_state_value,8,1.0,1.0,0.0
132,0,True,oracle_localization,8,1.0,1.0,0.0
133,0,True,random_checkpoint,8,1.0,0.875,-0.125
133,0,True,earliest_eligible,8,1.0,0.875,-0.125
133,0,True,normalized_quarter,16,1.0,1.0,0.0
133,0,True,normalized_midpoint,32,1.0,,
133,0,True,normalized_three_quarter,48,1.0,1.0,0.0
133,0,True,confidence_low,56,1.0,0.125,-0.875
133,0,True,entropy_high,16,1.0,1.0,0.0
133,0,True,mask_ratio,8,1.0,0.875,-0.125
133,0,True,oof_state_value,56,1.0,0.125,-0.875
133,0,True,oracle_localization,8,1.0,0.875,-0.125
133,2,False,random_checkpoint,40,0.125,0.75,0.625
133,2,False,earliest_eligible,8,0.625,0.75,0.125
133,2,False,normalized_quarter,16,0.75,0.75,0.0
133,2,False,normalized_midpoint,32,0.125,,
133,2,False,normalized_three_quarter,48,0.0,0.125,0.125
133,2,False,confidence_low,48,0.0,0.125,0.125
133,2,False,entropy_high,48,0.0,0.125,0.125
133,2,False,mask_ratio,8,0.625,0.75,0.125
133,2,False,oof_state_value,8,0.625,0.75,0.125
133,2,False,oracle_localization,8,0.625,0.75,0.125
134,0,True,random_checkpoint,8,1.0,1.0,0.0
134,0,True,earliest_eligible,8,1.0,1.0,0.0
134,0,True,normalized_quarter,16,1.0,0.875,-0.125
134,0,True,normalized_midpoint,32,1.0,,
134,0,True,normalized_three_quarter,48,1.0,1.0,0.0
134,0,True,confidence_low,40,1.0,1.0,0.0
134,0,True,entropy_high,40,1.0,1.0,0.0
134,0,True,mask_ratio,8,1.0,1.0,0.0
134,0,True,oof_state_value,40,1.0,1.0,0.0
134,0,True,oracle_localization,8,1.0,1.0,0.0
135,0,True,random_checkpoint,40,1.0,1.0,0.0
135,0,True,earliest_eligible,8,1.0,1.0,0.0
135,0,True,normalized_quarter,16,1.0,1.0,0.0
135,0,True,normalized_midpoint,32,1.0,,
135,0,True,normalized_three_quarter,48,1.0,1.0,0.0
135,0,True,confidence_low,64,1.0,,
135,0,True,entropy_high,56,1.0,1.0,0.0
135,0,True,mask_ratio,8,1.0,1.0,0.0
135,0,True,oof_state_value,8,1.0,1.0,0.0
135,0,True,oracle_localization,8,1.0,1.0,0.0
136,0,False,random_checkpoint,64,0.0,,
136,0,False,earliest_eligible,8,0.0,0.0,0.0
136,0,False,normalized_quarter,16,0.0,0.0,0.0
136,0,False,normalized_midpoint,32,0.0,,
136,0,False,normalized_three_quarter,48,0.0,0.0,0.0
136,0,False,confidence_low,48,0.0,0.0,0.0
136,0,False,entropy_high,40,0.0,0.0,0.0
136,0,False,mask_ratio,8,0.0,0.0,0.0
136,0,False,oof_state_value,48,0.0,0.0,0.0
136,0,False,oracle_localization,8,0.0,0.0,0.0
137,0,True,random_checkpoint,16,1.0,1.0,0.0
137,0,True,earliest_eligible,8,1.0,1.0,0.0
137,0,True,normalized_quarter,16,1.0,1.0,0.0
137,0,True,normalized_midpoint,32,1.0,,
137,0,True,normalized_three_quarter,48,1.0,1.0,0.0
137,0,True,confidence_low,8,1.0,1.0,0.0
137,0,True,entropy_high,56,1.0,1.0,0.0
137,0,True,mask_ratio,8,1.0,1.0,0.0
137,0,True,oof_state_value,56,1.0,1.0,0.0
137,0,True,oracle_localization,8,1.0,1.0,0.0
138,0,False,random_checkpoint,32,0.0,,
138,0,False,earliest_eligible,8,0.0,0.0,0.0
138,0,False,normalized_quarter,16,0.0,0.25,0.25
138,0,False,normalized_midpoint,32,0.0,,
138,0,False,normalized_three_quarter,48,0.0,0.0,0.0
138,0,False,confidence_low,64,0.0,,
138,0,False,entropy_high,8,0.0,0.0,0.0
138,0,False,mask_ratio,8,0.0,0.0,0.0
138,0,False,oof_state_value,8,0.0,0.0,0.0
138,0,False,oracle_localization,8,0.0,0.0,0.0
139,0,True,random_checkpoint,16,1.0,0.875,-0.125
139,0,True,earliest_eligible,8,0.875,0.875,0.0
139,0,True,normalized_quarter,16,1.0,0.875,-0.125
139,0,True,normalized_midpoint,32,1.0,,
139,0,True,normalized_three_quarter,48,1.0,1.0,0.0
139,0,True,confidence_low,56,1.0,1.0,0.0
139,0,True,entropy_high,40,1.0,1.0,0.0
139,0,True,mask_ratio,8,0.875,0.875,0.0
139,0,True,oof_state_value,16,1.0,0.875,-0.125
139,0,True,oracle_localization,8,0.875,0.875,0.0
140,0,False,random_checkpoint,24,0.0,0.25,0.25
140,0,False,earliest_eligible,8,0.0,0.0,0.0
140,0,False,normalized_quarter,16,0.0,0.0,0.0
140,0,False,normalized_midpoint,32,0.0,,
140,0,False,normalized_three_quarter,48,0.0,0.0,0.0
140,0,False,confidence_low,32,0.0,,
140,0,False,entropy_high,8,0.0,0.0,0.0
140,0,False,mask_ratio,8,0.0,0.0,0.0
140,0,False,oof_state_value,8,0.0,0.0,0.0
140,0,False,oracle_localization,8,0.0,0.0,0.0
140,2,True,random_checkpoint,24,0.25,0.125,-0.125
140,2,True,earliest_eligible,8,0.0,0.0,0.0
140,2,True,normalized_quarter,16,0.25,0.0,-0.25
140,2,True,normalized_midpoint,32,1.0,,
140,2,True,normalized_three_quarter,48,1.0,1.0,0.0
140,2,True,confidence_low,32,1.0,,
140,2,True,entropy_high,16,0.25,0.0,-0.25
140,2,True,mask_ratio,8,0.0,0.0,0.0
140,2,True,oof_state_value,8,0.0,0.0,0.0
140,2,True,oracle_localization,40,1.0,1.0,0.0
141,0,True,random_checkpoint,8,0.5,0.25,-0.25
141,0,True,earliest_eligible,8,0.5,0.25,-0.25
141,0,True,normalized_quarter,16,0.75,0.375,-0.375
141,0,True,normalized_midpoint,32,0.25,,
141,0,True,normalized_three_quarter,48,0.5,0.5,0.0
141,0,True,confidence_low,40,0.5,0.5,0.0
141,0,True,entropy_high,24,0.25,0.0,-0.25
141,0,True,mask_ratio,8,0.5,0.25,-0.25
141,0,True,oof_state_value,8,0.5,0.25,-0.25
141,0,True,oracle_localization,8,0.5,0.25,-0.25
141,3,False,random_checkpoint,40,0.0,0.0,0.0
141,3,False,earliest_eligible,8,0.625,0.25,-0.375
141,3,False,normalized_quarter,16,0.375,0.375,0.0
141,3,False,normalized_midpoint,32,0.0,,
141,3,False,normalized_three_quarter,48,0.0,0.0,0.0
141,3,False,confidence_low,32,0.0,,
141,3,False,entropy_high,8,0.625,0.25,-0.375
141,3,False,mask_ratio,8,0.625,0.25,-0.375
141,3,False,oof_state_value,8,0.625,0.25,-0.375
141,3,False,oracle_localization,8,0.625,0.25,-0.375
142,0,False,random_checkpoint,16,0.0,0.25,0.25
142,0,False,earliest_eligible,8,0.375,0.5,0.125
142,0,False,normalized_quarter,16,0.0,0.25,0.25
142,0,False,normalized_midpoint,32,0.0,,
142,0,False,normalized_three_quarter,48,0.0,0.0,0.0
142,0,False,confidence_low,16,0.0,0.25,0.25
142,0,False,entropy_high,16,0.0,0.25,0.25
142,0,False,mask_ratio,8,0.375,0.5,0.125
142,0,False,oof_state_value,8,0.375,0.5,0.125
142,0,False,oracle_localization,24,0.0,0.0,0.0
142,1,True,random_checkpoint,8,0.625,0.375,-0.25
142,1,True,earliest_eligible,8,0.625,0.375,-0.25
142,1,True,normalized_quarter,16,0.75,0.875,0.125
142,1,True,normalized_midpoint,32,1.0,,
142,1,True,normalized_three_quarter,48,1.0,1.0,0.0
142,1,True,confidence_low,56,1.0,1.0,0.0
142,1,True,entropy_high,48,1.0,1.0,0.0
142,1,True,mask_ratio,8,0.625,0.375,-0.25
142,1,True,oof_state_value,8,0.625,0.375,-0.25
142,1,True,oracle_localization,40,0.75,0.75,0.0
143,0,True,random_checkpoint,56,1.0,1.0,0.0
143,0,True,earliest_eligible,8,0.125,0.5,0.375
143,0,True,normalized_quarter,16,0.0,0.125,0.125
143,0,True,normalized_midpoint,32,0.25,,
143,0,True,normalized_three_quarter,48,0.625,0.5,-0.125
143,0,True,confidence_low,56,1.0,1.0,0.0
143,0,True,entropy_high,56,1.0,1.0,0.0
143,0,True,mask_ratio,8,0.125,0.5,0.375
143,0,True,oof_state_value,8,0.125,0.5,0.375
143,0,True,oracle_localization,56,1.0,1.0,0.0
143,1,False,random_checkpoint,64,0.0,,
143,1,False,earliest_eligible,8,0.0,0.25,0.25
143,1,False,normalized_quarter,16,0.0,0.0,0.0
143,1,False,normalized_midpoint,32,0.125,,
143,1,False,normalized_three_quarter,48,0.125,0.0,-0.125
143,1,False,confidence_low,56,0.0,0.0,0.0
143,1,False,entropy_high,8,0.0,0.25,0.25
143,1,False,mask_ratio,8,0.0,0.25,0.25
143,1,False,oof_state_value,8,0.0,0.25,0.25
143,1,False,oracle_localization,24,0.25,0.125,-0.125
144,0,True,random_checkpoint,56,1.0,1.0,0.0
144,0,True,earliest_eligible,8,0.375,0.0,-0.375
144,0,True,normalized_quarter,16,0.0,0.125,0.125
144,0,True,normalized_midpoint,32,0.375,,
144,0,True,normalized_three_quarter,48,1.0,1.0,0.0
144,0,True,confidence_low,56,1.0,1.0,0.0
144,0,True,entropy_high,40,1.0,1.0,0.0
144,0,True,mask_ratio,8,0.375,0.0,-0.375
144,0,True,oof_state_value,56,1.0,1.0,0.0
144,0,True,oracle_localization,40,1.0,1.0,0.0
144,1,False,random_checkpoint,40,0.0,0.0,0.0
144,1,False,earliest_eligible,8,0.0,0.125,0.125
144,1,False,normalized_quarter,16,0.125,0.0,-0.125
144,1,False,normalized_midpoint,32,0.0,,
144,1,False,normalized_three_quarter,48,0.0,0.0,0.0
144,1,False,confidence_low,64,0.0,,
144,1,False,entropy_high,40,0.0,0.0,0.0
144,1,False,mask_ratio,8,0.0,0.125,0.125
144,1,False,oof_state_value,24,0.25,0.125,-0.125
144,1,False,oracle_localization,24,0.25,0.125,-0.125
145,0,False,random_checkpoint,40,0.0,0.0,0.0
145,0,False,earliest_eligible,8,0.0,0.75,0.75
145,0,False,normalized_quarter,16,0.0,0.0,0.0
145,0,False,normalized_midpoint,32,0.0,,
145,0,False,normalized_three_quarter,48,0.0,0.0,0.0
145,0,False,confidence_low,8,0.0,0.75,0.75
145,0,False,entropy_high,16,0.0,0.0,0.0
145,0,False,mask_ratio,8,0.0,0.75,0.75
145,0,False,oof_state_value,8,0.0,0.75,0.75
145,0,False,oracle_localization,24,0.0,0.875,0.875
146,0,True,random_checkpoint,64,1.0,,
146,0,True,earliest_eligible,8,1.0,1.0,0.0
146,0,True,normalized_quarter,16,1.0,1.0,0.0
146,0,True,normalized_midpoint,32,1.0,,
146,0,True,normalized_three_quarter,48,1.0,1.0,0.0
146,0,True,confidence_low,16,1.0,1.0,0.0
146,0,True,entropy_high,40,1.0,1.0,0.0
146,0,True,mask_ratio,8,1.0,1.0,0.0
146,0,True,oof_state_value,16,1.0,1.0,0.0
146,0,True,oracle_localization,8,1.0,1.0,0.0
147,0,False,random_checkpoint,32,0.25,,
147,0,False,earliest_eligible,8,0.25,0.125,-0.125
147,0,False,normalized_quarter,16,0.5,0.5,0.0
147,0,False,normalized_midpoint,32,0.25,,
147,0,False,normalized_three_quarter,48,0.0,0.0,0.0
147,0,False,confidence_low,64,0.0,,
147,0,False,entropy_high,8,0.25,0.125,-0.125
147,0,False,mask_ratio,8,0.25,0.125,-0.125
147,0,False,oof_state_value,8,0.25,0.125,-0.125
147,0,False,oracle_localization,16,0.5,0.5,0.0
148,0,False,random_checkpoint,16,0.125,0.125,0.0
148,0,False,earliest_eligible,8,0.375,0.125,-0.25
148,0,False,normalized_quarter,16,0.125,0.125,0.0
148,0,False,normalized_midpoint,32,0.375,,
148,0,False,normalized_three_quarter,48,0.0,0.0,0.0
148,0,False,confidence_low,64,0.0,,
148,0,False,entropy_high,8,0.375,0.125,-0.25
148,0,False,mask_ratio,8,0.375,0.125,-0.25
148,0,False,oof_state_value,56,0.0,0.0,0.0
148,0,False,oracle_localization,24,0.125,0.875,0.75
148,2,True,random_checkpoint,16,0.125,0.375,0.25
148,2,True,earliest_eligible,8,0.0,0.25,0.25
148,2,True,normalized_quarter,16,0.125,0.375,0.25
148,2,True,normalized_midpoint,32,0.375,,
148,2,True,normalized_three_quarter,48,1.0,1.0,0.0
148,2,True,confidence_low,64,1.0,,
148,2,True,entropy_high,8,0.0,0.25,0.25
148,2,True,mask_ratio,8,0.0,0.25,0.25
148,2,True,oof_state_value,24,0.625,0.625,0.0
148,2,True,oracle_localization,48,1.0,1.0,0.0
149,0,False,random_checkpoint,56,0.0,0.0,0.0
149,0,False,earliest_eligible,8,0.0,0.875,0.875
149,0,False,normalized_quarter,16,0.0,0.5,0.5
149,0,False,normalized_midpoint,32,0.0,,
149,0,False,normalized_three_quarter,48,0.0,0.0,0.0
149,0,False,confidence_low,8,0.0,0.875,0.875
149,0,False,entropy_high,16,0.0,0.5,0.5
149,0,False,mask_ratio,8,0.0,0.875,0.875
149,0,False,oof_state_value,8,0.0,0.875,0.875
149,0,False,oracle_localization,16,0.0,0.5,0.5
149,1,True,random_checkpoint,32,1.0,,
149,1,True,earliest_eligible,8,0.375,0.375,0.0
149,1,True,normalized_quarter,16,0.75,0.625,-0.125
149,1,True,normalized_midpoint,32,1.0,,
149,1,True,normalized_three_quarter,48,1.0,1.0,0.0
149,1,True,confidence_low,32,1.0,,
149,1,True,entropy_high,8,0.375,0.375,0.0
149,1,True,mask_ratio,8,0.375,0.375,0.0
149,1,True,oof_state_value,16,0.75,0.625,-0.125
149,1,True,oracle_localization,8,0.375,0.375,0.0
150,0,True,random_checkpoint,8,1.0,0.875,-0.125
150,0,True,earliest_eligible,8,1.0,0.875,-0.125
150,0,True,normalized_quarter,16,1.0,1.0,0.0
150,0,True,normalized_midpoint,32,1.0,,
150,0,True,normalized_three_quarter,48,0.875,1.0,0.125
150,0,True,confidence_low,56,1.0,1.0,0.0
150,0,True,entropy_high,8,1.0,0.875,-0.125
150,0,True,mask_ratio,8,1.0,0.875,-0.125
150,0,True,oof_state_value,16,1.0,1.0,0.0
150,0,True,oracle_localization,8,1.0,0.875,-0.125
150,1,False,random_checkpoint,16,1.0,0.875,-0.125
150,1,False,earliest_eligible,8,1.0,1.0,0.0
150,1,False,normalized_quarter,16,1.0,0.875,-0.125
150,1,False,normalized_midpoint,32,0.25,,
150,1,False,normalized_three_quarter,48,0.375,0.375,0.0
150,1,False,confidence_low,32,0.25,,
150,1,False,entropy_high,16,1.0,0.875,-0.125
150,1,False,mask_ratio,8,1.0,1.0,0.0
150,1,False,oof_state_value,8,1.0,1.0,0.0
150,1,False,oracle_localization,24,1.0,1.0,0.0
151,0,True,random_checkpoint,64,1.0,,
151,0,True,earliest_eligible,8,1.0,1.0,0.0
151,0,True,normalized_quarter,16,1.0,1.0,0.0
151,0,True,normalized_midpoint,32,1.0,,
151,0,True,normalized_three_quarter,48,1.0,1.0,0.0
151,0,True,confidence_low,64,1.0,,
151,0,True,entropy_high,40,1.0,1.0,0.0
151,0,True,mask_ratio,8,1.0,1.0,0.0
151,0,True,oof_state_value,24,1.0,1.0,0.0
151,0,True,oracle_localization,8,1.0,1.0,0.0
152,0,True,random_checkpoint,8,0.75,1.0,0.25
152,0,True,earliest_eligible,8,0.75,1.0,0.25
152,0,True,normalized_quarter,16,0.375,0.875,0.5
152,0,True,normalized_midpoint,32,1.0,,
152,0,True,normalized_three_quarter,48,1.0,1.0,0.0
152,0,True,confidence_low,64,1.0,,
152,0,True,entropy_high,40,1.0,1.0,0.0
152,0,True,mask_ratio,8,0.75,1.0,0.25
152,0,True,oof_state_value,48,1.0,1.0,0.0
152,0,True,oracle_localization,16,0.375,0.875,0.5
153,0,False,random_checkpoint,40,0.0,0.0,0.0
153,0,False,earliest_eligible,8,0.25,0.25,0.0
153,0,False,normalized_quarter,16,0.25,0.0,-0.25
153,0,False,normalized_midpoint,32,0.25,,
153,0,False,normalized_three_quarter,48,0.125,0.125,0.0
153,0,False,confidence_low,56,0.0,0.0,0.0
153,0,False,entropy_high,40,0.0,0.0,0.0
153,0,False,mask_ratio,8,0.25,0.25,0.0
153,0,False,oof_state_value,56,0.0,0.0,0.0
153,0,False,oracle_localization,8,0.25,0.25,0.0
153,3,True,random_checkpoint,40,0.25,0.0,-0.25
153,3,True,earliest_eligible,8,0.125,0.0,-0.125
153,3,True,normalized_quarter,16,0.125,0.25,0.125
153,3,True,normalized_midpoint,32,0.125,,
153,3,True,normalized_three_quarter,48,0.0,0.0,0.0
153,3,True,confidence_low,40,0.25,0.0,-0.25
153,3,True,entropy_high,40,0.25,0.0,-0.25
153,3,True,mask_ratio,8,0.125,0.0,-0.125
153,3,True,oof_state_value,40,0.25,0.0,-0.25
153,3,True,oracle_localization,16,0.125,0.25,0.125
154,0,False,random_checkpoint,24,0.0,0.0,0.0
154,0,False,earliest_eligible,8,0.0,0.0,0.0
154,0,False,normalized_quarter,16,0.0,0.0,0.0
154,0,False,normalized_midpoint,32,0.0,,
154,0,False,normalized_three_quarter,48,0.0,0.0,0.0
154,0,False,confidence_low,8,0.0,0.0,0.0
154,0,False,entropy_high,8,0.0,0.0,0.0
154,0,False,mask_ratio,8,0.0,0.0,0.0
154,0,False,oof_state_value,8,0.0,0.0,0.0
154,0,False,oracle_localization,24,0.0,0.0,0.0
155,0,True,random_checkpoint,16,0.25,0.25,0.0
155,0,True,earliest_eligible,8,0.25,0.375,0.125
155,0,True,normalized_quarter,16,0.25,0.25,0.0
155,0,True,normalized_midpoint,32,0.125,,
155,0,True,normalized_three_quarter,48,0.375,0.5,0.125
155,0,True,confidence_low,56,1.0,0.75,-0.25
155,0,True,entropy_high,8,0.25,0.375,0.125
155,0,True,mask_ratio,8,0.25,0.375,0.125
155,0,True,oof_state_value,56,1.0,0.75,-0.25
155,0,True,oracle_localization,56,1.0,0.75,-0.25
155,1,False,random_checkpoint,32,0.0,,
155,1,False,earliest_eligible,8,0.125,0.125,0.0
155,1,False,normalized_quarter,16,0.25,0.375,0.125
155,1,False,normalized_midpoint,32,0.0,,
155,1,False,normalized_three_quarter,48,0.125,0.125,0.0
155,1,False,confidence_low,64,0.0,,
155,1,False,entropy_high,8,0.125,0.125,0.0
155,1,False,mask_ratio,8,0.125,0.125,0.0
155,1,False,oof_state_value,56,0.0,0.0,0.0
155,1,False,oracle_localization,16,0.25,0.375,0.125
156,0,True,random_checkpoint,56,1.0,1.0,0.0
156,0,True,earliest_eligible,8,1.0,1.0,0.0
156,0,True,normalized_quarter,16,1.0,1.0,0.0
156,0,True,normalized_midpoint,32,1.0,,
156,0,True,normalized_three_quarter,48,1.0,1.0,0.0
156,0,True,confidence_low,8,1.0,1.0,0.0
156,0,True,entropy_high,8,1.0,1.0,0.0
156,0,True,mask_ratio,8,1.0,1.0,0.0
156,0,True,oof_state_value,8,1.0,1.0,0.0
156,0,True,oracle_localization,8,1.0,1.0,0.0
156,1,False,random_checkpoint,48,0.0,0.0,0.0
156,1,False,earliest_eligible,8,0.0,0.0,0.0
156,1,False,normalized_quarter,16,0.0,0.0,0.0
156,1,False,normalized_midpoint,32,0.0,,
156,1,False,normalized_three_quarter,48,0.0,0.0,0.0
156,1,False,confidence_low,8,0.0,0.0,0.0
156,1,False,entropy_high,8,0.0,0.0,0.0
156,1,False,mask_ratio,8,0.0,0.0,0.0
156,1,False,oof_state_value,8,0.0,0.0,0.0
156,1,False,oracle_localization,24,0.0,1.0,1.0
157,0,False,random_checkpoint,40,0.0,0.0,0.0
157,0,False,earliest_eligible,8,0.0,0.0,0.0
157,0,False,normalized_quarter,16,0.0,0.0,0.0
157,0,False,normalized_midpoint,32,0.0,,
157,0,False,normalized_three_quarter,48,0.0,0.0,0.0
157,0,False,confidence_low,56,0.0,0.0,0.0
157,0,False,entropy_high,40,0.0,0.0,0.0
157,0,False,mask_ratio,8,0.0,0.0,0.0
157,0,False,oof_state_value,56,0.0,0.0,0.0
157,0,False,oracle_localization,8,0.0,0.0,0.0
158,0,False,random_checkpoint,8,0.0,0.0,0.0
158,0,False,earliest_eligible,8,0.0,0.0,0.0
158,0,False,normalized_quarter,16,0.125,0.0,-0.125
158,0,False,normalized_midpoint,32,0.0,,
158,0,False,normalized_three_quarter,48,0.0,0.0,0.0
158,0,False,confidence_low,8,0.0,0.0,0.0
158,0,False,entropy_high,8,0.0,0.0,0.0
158,0,False,mask_ratio,8,0.0,0.0,0.0
158,0,False,oof_state_value,8,0.0,0.0,0.0
158,0,False,oracle_localization,8,0.0,0.0,0.0
158,7,True,random_checkpoint,8,0.125,0.0,-0.125
158,7,True,earliest_eligible,8,0.125,0.0,-0.125
158,7,True,normalized_quarter,16,0.375,0.375,0.0
158,7,True,normalized_midpoint,32,0.25,,
158,7,True,normalized_three_quarter,48,0.875,0.875,0.0
158,7,True,confidence_low,64,1.0,,
158,7,True,entropy_high,56,1.0,1.0,0.0
158,7,True,mask_ratio,8,0.125,0.0,-0.125
158,7,True,oof_state_value,8,0.125,0.0,-0.125
158,7,True,oracle_localization,56,1.0,1.0,0.0
159,0,False,random_checkpoint,16,0.125,0.375,0.25
159,0,False,earliest_eligible,8,0.0,0.625,0.625
159,0,False,normalized_quarter,16,0.125,0.375,0.25
159,0,False,normalized_midpoint,32,0.0,,
159,0,False,normalized_three_quarter,48,0.0,0.0,0.0
159,0,False,confidence_low,64,0.0,,
159,0,False,entropy_high,8,0.0,0.625,0.625
159,0,False,mask_ratio,8,0.0,0.625,0.625
159,0,False,oof_state_value,8,0.0,0.625,0.625
159,0,False,oracle_localization,8,0.0,0.625,0.625
159,3,True,random_checkpoint,8,0.375,0.375,0.0
159,3,True,earliest_eligible,8,0.375,0.375,0.0
159,3,True,normalized_quarter,16,1.0,0.25,-0.75
159,3,True,normalized_midpoint,32,0.5,,
159,3,True,normalized_three_quarter,48,1.0,1.0,0.0
159,3,True,confidence_low,64,1.0,,
159,3,True,entropy_high,8,0.375,0.375,0.0
159,3,True,mask_ratio,8,0.375,0.375,0.0
159,3,True,oof_state_value,8,0.375,0.375,0.0
159,3,True,oracle_localization,48,1.0,1.0,0.0
160,0,True,random_checkpoint,40,1.0,1.0,0.0
160,0,True,earliest_eligible,8,1.0,1.0,0.0
160,0,True,normalized_quarter,16,1.0,1.0,0.0
160,0,True,normalized_midpoint,32,1.0,,
160,0,True,normalized_three_quarter,48,1.0,1.0,0.0
160,0,True,confidence_low,8,1.0,1.0,0.0
160,0,True,entropy_high,48,1.0,1.0,0.0
160,0,True,mask_ratio,8,1.0,1.0,0.0
160,0,True,oof_state_value,48,1.0,1.0,0.0
160,0,True,oracle_localization,8,1.0,1.0,0.0
161,0,True,random_checkpoint,64,1.0,,
161,0,True,earliest_eligible,8,1.0,1.0,0.0
161,0,True,normalized_quarter,16,1.0,1.0,0.0
161,0,True,normalized_midpoint,32,1.0,,
161,0,True,normalized_three_quarter,48,1.0,1.0,0.0
161,0,True,confidence_low,64,1.0,,
161,0,True,entropy_high,8,1.0,1.0,0.0
161,0,True,mask_ratio,8,1.0,1.0,0.0
161,0,True,oof_state_value,16,1.0,1.0,0.0
161,0,True,oracle_localization,8,1.0,1.0,0.0
162,0,False,random_checkpoint,56,0.5,1.0,0.5
162,0,False,earliest_eligible,8,0.875,0.75,-0.125
162,0,False,normalized_quarter,16,0.75,0.75,0.0
162,0,False,normalized_midpoint,32,0.75,,
162,0,False,normalized_three_quarter,48,0.625,0.625,0.0
162,0,False,confidence_low,48,0.625,0.625,0.0
162,0,False,entropy_high,8,0.875,0.75,-0.125
162,0,False,mask_ratio,8,0.875,0.75,-0.125
162,0,False,oof_state_value,40,0.625,0.625,0.0
162,0,False,oracle_localization,24,1.0,1.0,0.0
162,1,True,random_checkpoint,56,1.0,1.0,0.0
162,1,True,earliest_eligible,8,0.75,1.0,0.25
162,1,True,normalized_quarter,16,0.75,0.875,0.125
162,1,True,normalized_midpoint,32,1.0,,
162,1,True,normalized_three_quarter,48,1.0,1.0,0.0
162,1,True,confidence_low,64,1.0,,
162,1,True,entropy_high,8,0.75,1.0,0.25
162,1,True,mask_ratio,8,0.75,1.0,0.25
162,1,True,oof_state_value,40,1.0,1.0,0.0
162,1,True,oracle_localization,8,0.75,1.0,0.25
163,0,False,random_checkpoint,24,0.0,0.125,0.125
163,0,False,earliest_eligible,8,0.0,0.0,0.0
163,0,False,normalized_quarter,16,0.0,0.0,0.0
163,0,False,normalized_midpoint,32,0.0,,
163,0,False,normalized_three_quarter,48,0.0,0.0,0.0
163,0,False,confidence_low,8,0.0,0.0,0.0
163,0,False,entropy_high,8,0.0,0.0,0.0
163,0,False,mask_ratio,8,0.0,0.0,0.0
163,0,False,oof_state_value,8,0.0,0.0,0.0
163,0,False,oracle_localization,24,0.0,0.125,0.125
164,0,True,random_checkpoint,32,1.0,,
164,0,True,earliest_eligible,8,0.75,0.625,-0.125
164,0,True,normalized_quarter,16,0.75,0.375,-0.375
164,0,True,normalized_midpoint,32,1.0,,
164,0,True,normalized_three_quarter,48,1.0,1.0,0.0
164,0,True,confidence_low,56,1.0,1.0,0.0
164,0,True,entropy_high,32,1.0,,
164,0,True,mask_ratio,8,0.75,0.625,-0.125
164,0,True,oof_state_value,16,0.75,0.375,-0.375
164,0,True,oracle_localization,8,0.75,0.625,-0.125
164,2,False,random_checkpoint,48,0.0,0.0,0.0
164,2,False,earliest_eligible,8,0.5,0.0,-0.5
164,2,False,normalized_quarter,16,0.375,0.375,0.0
164,2,False,normalized_midpoint,32,0.0,,
164,2,False,normalized_three_quarter,48,0.0,0.0,0.0
164,2,False,confidence_low,48,0.0,0.0,0.0
164,2,False,entropy_high,8,0.5,0.0,-0.5
164,2,False,mask_ratio,8,0.5,0.0,-0.5
164,2,False,oof_state_value,16,0.375,0.375,0.0
164,2,False,oracle_localization,8,0.5,0.0,-0.5
165,0,True,random_checkpoint,40,1.0,1.0,0.0
165,0,True,earliest_eligible,8,1.0,1.0,0.0
165,0,True,normalized_quarter,16,1.0,1.0,0.0
165,0,True,normalized_midpoint,32,1.0,,
165,0,True,normalized_three_quarter,48,1.0,1.0,0.0
165,0,True,confidence_low,56,1.0,1.0,0.0
165,0,True,entropy_high,40,1.0,1.0,0.0
165,0,True,mask_ratio,8,1.0,1.0,0.0
165,0,True,oof_state_value,56,1.0,1.0,0.0
165,0,True,oracle_localization,8,1.0,1.0,0.0
166,0,True,random_checkpoint,64,1.0,,
166,0,True,earliest_eligible,8,1.0,1.0,0.0
166,0,True,normalized_quarter,16,1.0,1.0,0.0
166,0,True,normalized_midpoint,32,1.0,,
166,0,True,normalized_three_quarter,48,1.0,1.0,0.0
166,0,True,confidence_low,8,1.0,1.0,0.0
166,0,True,entropy_high,8,1.0,1.0,0.0
166,0,True,mask_ratio,8,1.0,1.0,0.0
166,0,True,oof_state_value,8,1.0,1.0,0.0
166,0,True,oracle_localization,8,1.0,1.0,0.0
167,0,False,random_checkpoint,24,0.0,0.0,0.0
167,0,False,earliest_eligible,8,0.25,0.0,-0.25
167,0,False,normalized_quarter,16,0.0,0.0,0.0
167,0,False,normalized_midpoint,32,0.0,,
167,0,False,normalized_three_quarter,48,0.0,0.0,0.0
167,0,False,confidence_low,64,0.0,,
167,0,False,entropy_high,32,0.0,,
167,0,False,mask_ratio,8,0.25,0.0,-0.25
167,0,False,oof_state_value,16,0.0,0.0,0.0
167,0,False,oracle_localization,24,0.0,0.0,0.0
168,0,True,random_checkpoint,40,1.0,1.0,0.0
168,0,True,earliest_eligible,8,1.0,1.0,0.0
168,0,True,normalized_quarter,16,1.0,1.0,0.0
168,0,True,normalized_midpoint,32,1.0,,
168,0,True,normalized_three_quarter,48,1.0,1.0,0.0
168,0,True,confidence_low,64,1.0,,
168,0,True,entropy_high,48,1.0,1.0,0.0
168,0,True,mask_ratio,8,1.0,1.0,0.0
168,0,True,oof_state_value,8,1.0,1.0,0.0
168,0,True,oracle_localization,8,1.0,1.0,0.0
169,0,True,random_checkpoint,32,1.0,,
169,0,True,earliest_eligible,8,1.0,1.0,0.0
169,0,True,normalized_quarter,16,1.0,1.0,0.0
169,0,True,normalized_midpoint,32,1.0,,
169,0,True,normalized_three_quarter,48,1.0,1.0,0.0
169,0,True,confidence_low,64,1.0,,
169,0,True,entropy_high,8,1.0,1.0,0.0
169,0,True,mask_ratio,8,1.0,1.0,0.0
169,0,True,oof_state_value,8,1.0,1.0,0.0
169,0,True,oracle_localization,8,1.0,1.0,0.0
169,3,False,random_checkpoint,64,0.0,,
169,3,False,earliest_eligible,8,0.75,0.875,0.125
169,3,False,normalized_quarter,16,0.25,0.5,0.25
169,3,False,normalized_midpoint,32,0.0,,
169,3,False,normalized_three_quarter,48,0.0,0.0,0.0
169,3,False,confidence_low,56,0.0,0.0,0.0
169,3,False,entropy_high,16,0.25,0.5,0.25
169,3,False,mask_ratio,8,0.75,0.875,0.125
169,3,False,oof_state_value,24,0.125,0.0,-0.125
169,3,False,oracle_localization,8,0.75,0.875,0.125
170,0,False,random_checkpoint,32,0.25,,
170,0,False,earliest_eligible,8,0.625,0.375,-0.25
170,0,False,normalized_quarter,16,0.5,0.375,-0.125
170,0,False,normalized_midpoint,32,0.25,,
170,0,False,normalized_three_quarter,48,0.0,0.0,0.0
170,0,False,confidence_low,8,0.625,0.375,-0.25
170,0,False,entropy_high,48,0.0,0.0,0.0
170,0,False,mask_ratio,8,0.625,0.375,-0.25
170,0,False,oof_state_value,8,0.625,0.375,-0.25
170,0,False,oracle_localization,8,0.625,0.375,-0.25
170,1,True,random_checkpoint,32,0.375,,
170,1,True,earliest_eligible,8,0.25,0.0,-0.25
170,1,True,normalized_quarter,16,0.375,0.375,0.0
170,1,True,normalized_midpoint,32,0.375,,
170,1,True,normalized_three_quarter,48,1.0,1.0,0.0
170,1,True,confidence_low,64,1.0,,
170,1,True,entropy_high,48,1.0,1.0,0.0
170,1,True,mask_ratio,8,0.25,0.0,-0.25
170,1,True,oof_state_value,56,1.0,1.0,0.0
170,1,True,oracle_localization,40,1.0,1.0,0.0
171,0,True,random_checkpoint,64,1.0,,
171,0,True,earliest_eligible,8,1.0,1.0,0.0
171,0,True,normalized_quarter,16,1.0,1.0,0.0
171,0,True,normalized_midpoint,32,1.0,,
171,0,True,normalized_three_quarter,48,1.0,1.0,0.0
171,0,True,confidence_low,8,1.0,1.0,0.0
171,0,True,entropy_high,16,1.0,1.0,0.0
171,0,True,mask_ratio,8,1.0,1.0,0.0
171,0,True,oof_state_value,8,1.0,1.0,0.0
171,0,True,oracle_localization,8,1.0,1.0,0.0
171,5,False,random_checkpoint,64,0.0,,
171,5,False,earliest_eligible,8,0.0,1.0,1.0
171,5,False,normalized_quarter,16,0.0,1.0,1.0
171,5,False,normalized_midpoint,32,0.0,,
171,5,False,normalized_three_quarter,48,0.0,0.0,0.0
171,5,False,confidence_low,8,0.0,1.0,1.0
171,5,False,entropy_high,24,0.0,1.0,1.0
171,5,False,mask_ratio,8,0.0,1.0,1.0
171,5,False,oof_state_value,8,0.0,1.0,1.0
171,5,False,oracle_localization,8,0.0,1.0,1.0
172,0,True,random_checkpoint,32,1.0,,
172,0,True,earliest_eligible,8,1.0,1.0,0.0
172,0,True,normalized_quarter,16,0.875,1.0,0.125
172,0,True,normalized_midpoint,32,1.0,,
172,0,True,normalized_three_quarter,48,1.0,1.0,0.0
172,0,True,confidence_low,56,1.0,1.0,0.0
172,0,True,entropy_high,40,1.0,1.0,0.0
172,0,True,mask_ratio,8,1.0,1.0,0.0
172,0,True,oof_state_value,40,1.0,1.0,0.0
172,0,True,oracle_localization,8,1.0,1.0,0.0
172,2,False,random_checkpoint,16,1.0,1.0,0.0
172,2,False,earliest_eligible,8,1.0,0.875,-0.125
172,2,False,normalized_quarter,16,1.0,1.0,0.0
172,2,False,normalized_midpoint,32,0.625,,
172,2,False,normalized_three_quarter,48,0.0,0.0,0.0
172,2,False,confidence_low,56,0.0,0.0,0.0
172,2,False,entropy_high,40,0.625,0.5,-0.125
172,2,False,mask_ratio,8,1.0,0.875,-0.125
172,2,False,oof_state_value,48,0.0,0.0,0.0
172,2,False,oracle_localization,8,1.0,0.875,-0.125
173,0,False,random_checkpoint,16,0.0,0.0,0.0
173,0,False,earliest_eligible,8,0.0,0.0,0.0
173,0,False,normalized_quarter,16,0.0,0.0,0.0
173,0,False,normalized_midpoint,32,0.0,,
173,0,False,normalized_three_quarter,48,0.0,0.0,0.0
173,0,False,confidence_low,40,0.0,0.0,0.0
173,0,False,entropy_high,32,0.0,,
173,0,False,mask_ratio,8,0.0,0.0,0.0
173,0,False,oof_state_value,16,0.0,0.0,0.0
173,0,False,oracle_localization,8,0.0,0.0,0.0
173,5,True,random_checkpoint,48,1.0,1.0,0.0
173,5,True,earliest_eligible,8,0.0,0.0,0.0
173,5,True,normalized_quarter,16,0.0,0.0,0.0
173,5,True,normalized_midpoint,32,0.0,,
173,5,True,normalized_three_quarter,48,1.0,1.0,0.0
173,5,True,confidence_low,56,1.0,1.0,0.0
173,5,True,entropy_high,48,1.0,1.0,0.0
173,5,True,mask_ratio,8,0.0,0.0,0.0
173,5,True,oof_state_value,56,1.0,1.0,0.0
173,5,True,oracle_localization,48,1.0,1.0,0.0
174,0,True,random_checkpoint,8,0.875,0.875,0.0
174,0,True,earliest_eligible,8,0.875,0.875,0.0
174,0,True,normalized_quarter,16,1.0,1.0,0.0
174,0,True,normalized_midpoint,32,1.0,,
174,0,True,normalized_three_quarter,48,1.0,1.0,0.0
174,0,True,confidence_low,8,0.875,0.875,0.0
174,0,True,entropy_high,8,0.875,0.875,0.0
174,0,True,mask_ratio,8,0.875,0.875,0.0
174,0,True,oof_state_value,8,0.875,0.875,0.0
174,0,True,oracle_localization,16,1.0,1.0,0.0
174,3,False,random_checkpoint,24,0.0,0.0,0.0
174,3,False,earliest_eligible,8,0.125,0.0,-0.125
174,3,False,normalized_quarter,16,0.0,0.25,0.25
174,3,False,normalized_midpoint,32,0.0,,
174,3,False,normalized_three_quarter,48,0.0,0.0,0.0
174,3,False,confidence_low,64,0.0,,
174,3,False,entropy_high,8,0.125,0.0,-0.125
174,3,False,mask_ratio,8,0.125,0.0,-0.125
174,3,False,oof_state_value,48,0.0,0.0,0.0
174,3,False,oracle_localization,8,0.125,0.0,-0.125
175,0,True,random_checkpoint,8,1.0,0.875,-0.125
175,0,True,earliest_eligible,8,1.0,0.875,-0.125
175,0,True,normalized_quarter,16,1.0,1.0,0.0
175,0,True,normalized_midpoint,32,1.0,,
175,0,True,normalized_three_quarter,48,1.0,1.0,0.0
175,0,True,confidence_low,64,1.0,,
175,0,True,entropy_high,8,1.0,0.875,-0.125
175,0,True,mask_ratio,8,1.0,0.875,-0.125
175,0,True,oof_state_value,16,1.0,1.0,0.0
175,0,True,oracle_localization,8,1.0,0.875,-0.125
176,0,False,random_checkpoint,64,0.0,,
176,0,False,earliest_eligible,8,0.0,0.0,0.0
176,0,False,normalized_quarter,16,0.0,0.0,0.0
176,0,False,normalized_midpoint,32,0.0,,
176,0,False,normalized_three_quarter,48,0.0,0.0,0.0
176,0,False,confidence_low,64,0.0,,
176,0,False,entropy_high,16,0.0,0.0,0.0
176,0,False,mask_ratio,8,0.0,0.0,0.0
176,0,False,oof_state_value,16,0.0,0.0,0.0
176,0,False,oracle_localization,8,0.0,0.0,0.0
177,0,True,random_checkpoint,16,1.0,1.0,0.0
177,0,True,earliest_eligible,8,1.0,1.0,0.0
177,0,True,normalized_quarter,16,1.0,1.0,0.0
177,0,True,normalized_midpoint,32,1.0,,
177,0,True,normalized_three_quarter,48,1.0,1.0,0.0
177,0,True,confidence_low,64,1.0,,
177,0,True,entropy_high,48,1.0,1.0,0.0
177,0,True,mask_ratio,8,1.0,1.0,0.0
177,0,True,oof_state_value,8,1.0,1.0,0.0
177,0,True,oracle_localization,8,1.0,1.0,0.0
177,1,False,random_checkpoint,32,0.0,,
177,1,False,earliest_eligible,8,0.0,0.0,0.0
177,1,False,normalized_quarter,16,0.0,0.0,0.0
177,1,False,normalized_midpoint,32,0.0,,
177,1,False,normalized_three_quarter,48,0.0,0.0,0.0
177,1,False,confidence_low,8,0.0,0.0,0.0
177,1,False,entropy_high,16,0.0,0.0,0.0
177,1,False,mask_ratio,8,0.0,0.0,0.0
177,1,False,oof_state_value,8,0.0,0.0,0.0
177,1,False,oracle_localization,8,0.0,0.0,0.0
178,0,False,random_checkpoint,16,0.125,0.375,0.25
178,0,False,earliest_eligible,8,0.25,0.375,0.125
178,0,False,normalized_quarter,16,0.125,0.375,0.25
178,0,False,normalized_midpoint,32,0.25,,
178,0,False,normalized_three_quarter,48,0.0,0.0,0.0
178,0,False,confidence_low,56,0.0,0.0,0.0
178,0,False,entropy_high,40,0.0,0.125,0.125
178,0,False,mask_ratio,8,0.25,0.375,0.125
178,0,False,oof_state_value,24,0.125,0.25,0.125
178,0,False,oracle_localization,24,0.125,0.25,0.125
178,7,True,random_checkpoint,24,0.5,0.75,0.25
178,7,True,earliest_eligible,8,0.625,0.125,-0.5
178,7,True,normalized_quarter,16,0.125,0.125,0.0
178,7,True,normalized_midpoint,32,0.0,,
178,7,True,normalized_three_quarter,48,1.0,1.0,0.0
178,7,True,confidence_low,64,1.0,,
178,7,True,entropy_high,40,0.75,0.375,-0.375
178,7,True,mask_ratio,8,0.625,0.125,-0.5
178,7,True,oof_state_value,24,0.5,0.75,0.25
178,7,True,oracle_localization,48,1.0,1.0,0.0
179,0,True,random_checkpoint,16,0.75,0.875,0.125
179,0,True,earliest_eligible,8,0.875,0.5,-0.375
179,0,True,normalized_quarter,16,0.75,0.875,0.125
179,0,True,normalized_midpoint,32,0.75,,
179,0,True,normalized_three_quarter,48,1.0,1.0,0.0
179,0,True,confidence_low,64,1.0,,
179,0,True,entropy_high,8,0.875,0.5,-0.375
179,0,True,mask_ratio,8,0.875,0.5,-0.375
179,0,True,oof_state_value,8,0.875,0.5,-0.375
179,0,True,oracle_localization,16,0.75,0.875,0.125
179,2,False,random_checkpoint,64,0.0,,
179,2,False,earliest_eligible,8,0.0,0.125,0.125
179,2,False,normalized_quarter,16,0.0,0.125,0.125
179,2,False,normalized_midpoint,32,0.0,,
179,2,False,normalized_three_quarter,48,0.0,0.0,0.0
179,2,False,confidence_low,8,0.0,0.125,0.125
179,2,False,entropy_high,16,0.0,0.125,0.125
179,2,False,mask_ratio,8,0.0,0.125,0.125
179,2,False,oof_state_value,8,0.0,0.125,0.125
179,2,False,oracle_localization,16,0.0,0.125,0.125
180,0,False,random_checkpoint,24,0.0,0.125,0.125
180,0,False,earliest_eligible,8,0.0,0.0,0.0
180,0,False,normalized_quarter,16,0.0,0.0,0.0
180,0,False,normalized_midpoint,32,0.0,,
180,0,False,normalized_three_quarter,48,0.0,0.0,0.0
180,0,False,confidence_low,24,0.0,0.125,0.125
180,0,False,entropy_high,40,0.0,0.0,0.0
180,0,False,mask_ratio,8,0.0,0.0,0.0
180,0,False,oof_state_value,24,0.0,0.125,0.125
180,0,False,oracle_localization,8,0.0,0.0,0.0
180,6,True,random_checkpoint,40,1.0,1.0,0.0
180,6,True,earliest_eligible,8,0.25,0.375,0.125
180,6,True,normalized_quarter,16,0.375,0.0,-0.375
180,6,True,normalized_midpoint,32,0.875,,
180,6,True,normalized_three_quarter,48,0.875,0.875,0.0
180,6,True,confidence_low,8,0.25,0.375,0.125
180,6,True,entropy_high,8,0.25,0.375,0.125
180,6,True,mask_ratio,8,0.25,0.375,0.125
180,6,True,oof_state_value,56,1.0,1.0,0.0
180,6,True,oracle_localization,40,1.0,1.0,0.0
181,0,False,random_checkpoint,56,0.0,0.0,0.0
181,0,False,earliest_eligible,8,0.0,0.0,0.0
181,0,False,normalized_quarter,16,0.0,0.0,0.0
181,0,False,normalized_midpoint,32,0.0,,
181,0,False,normalized_three_quarter,48,0.0,0.0,0.0
181,0,False,confidence_low,56,0.0,0.0,0.0
181,0,False,entropy_high,40,0.0,0.0,0.0
181,0,False,mask_ratio,8,0.0,0.0,0.0
181,0,False,oof_state_value,56,0.0,0.0,0.0
181,0,False,oracle_localization,8,0.0,0.0,0.0
182,0,False,random_checkpoint,64,0.0,,
182,0,False,earliest_eligible,8,0.0,0.0,0.0
182,0,False,normalized_quarter,16,0.25,0.125,-0.125
182,0,False,normalized_midpoint,32,0.0,,
182,0,False,normalized_three_quarter,48,0.0,0.0,0.0
182,0,False,confidence_low,64,0.0,,
182,0,False,entropy_high,40,0.0,0.0,0.0
182,0,False,mask_ratio,8,0.0,0.0,0.0
182,0,False,oof_state_value,40,0.0,0.0,0.0
182,0,False,oracle_localization,56,0.0,1.0,1.0
183,0,True,random_checkpoint,64,1.0,,
183,0,True,earliest_eligible,8,1.0,1.0,0.0
183,0,True,normalized_quarter,16,1.0,1.0,0.0
183,0,True,normalized_midpoint,32,1.0,,
183,0,True,normalized_three_quarter,48,1.0,0.875,-0.125
183,0,True,confidence_low,24,1.0,1.0,0.0
183,0,True,entropy_high,32,1.0,,
183,0,True,mask_ratio,8,1.0,1.0,0.0
183,0,True,oof_state_value,8,1.0,1.0,0.0
183,0,True,oracle_localization,8,1.0,1.0,0.0
184,0,False,random_checkpoint,48,0.0,0.0,0.0
184,0,False,earliest_eligible,8,0.0,0.0,0.0
184,0,False,normalized_quarter,16,0.0,0.0,0.0
184,0,False,normalized_midpoint,32,0.0,,
184,0,False,normalized_three_quarter,48,0.0,0.0,0.0
184,0,False,confidence_low,8,0.0,0.0,0.0
184,0,False,entropy_high,24,0.0,0.0,0.0
184,0,False,mask_ratio,8,0.0,0.0,0.0
184,0,False,oof_state_value,8,0.0,0.0,0.0
184,0,False,oracle_localization,8,0.0,0.0,0.0
185,0,True,random_checkpoint,64,1.0,,
185,0,True,earliest_eligible,8,1.0,1.0,0.0
185,0,True,normalized_quarter,16,1.0,1.0,0.0
185,0,True,normalized_midpoint,32,1.0,,
185,0,True,normalized_three_quarter,48,1.0,1.0,0.0
185,0,True,confidence_low,32,1.0,,
185,0,True,entropy_high,48,1.0,1.0,0.0
185,0,True,mask_ratio,8,1.0,1.0,0.0
185,0,True,oof_state_value,40,1.0,1.0,0.0
185,0,True,oracle_localization,8,1.0,1.0,0.0
186,0,True,random_checkpoint,40,1.0,1.0,0.0
186,0,True,earliest_eligible,8,0.875,1.0,0.125
186,0,True,normalized_quarter,16,0.375,0.875,0.5
186,0,True,normalized_midpoint,32,0.75,,
186,0,True,normalized_three_quarter,48,1.0,1.0,0.0
186,0,True,confidence_low,64,1.0,,
186,0,True,entropy_high,48,1.0,1.0,0.0
186,0,True,mask_ratio,8,0.875,1.0,0.125
186,0,True,oof_state_value,56,1.0,1.0,0.0
186,0,True,oracle_localization,24,0.75,1.0,0.25
187,0,False,random_checkpoint,64,0.0,,
187,0,False,earliest_eligible,8,0.0,0.0,0.0
187,0,False,normalized_quarter,16,0.0,0.0,0.0
187,0,False,normalized_midpoint,32,0.0,,
187,0,False,normalized_three_quarter,48,0.0,0.0,0.0
187,0,False,confidence_low,64,0.0,,
187,0,False,entropy_high,40,0.0,0.0,0.0
187,0,False,mask_ratio,8,0.0,0.0,0.0
187,0,False,oof_state_value,40,0.0,0.0,0.0
187,0,False,oracle_localization,8,0.0,0.0,0.0
188,0,True,random_checkpoint,32,1.0,,
188,0,True,earliest_eligible,8,1.0,0.875,-0.125
188,0,True,normalized_quarter,16,1.0,1.0,0.0
188,0,True,normalized_midpoint,32,1.0,,
188,0,True,normalized_three_quarter,48,1.0,1.0,0.0
188,0,True,confidence_low,64,1.0,,
188,0,True,entropy_high,8,1.0,0.875,-0.125
188,0,True,mask_ratio,8,1.0,0.875,-0.125
188,0,True,oof_state_value,56,1.0,1.0,0.0
188,0,True,oracle_localization,8,1.0,0.875,-0.125
189,0,False,random_checkpoint,56,0.0,0.0,0.0
189,0,False,earliest_eligible,8,0.0,0.0,0.0
189,0,False,normalized_quarter,16,0.0,0.0,0.0
189,0,False,normalized_midpoint,32,0.0,,
189,0,False,normalized_three_quarter,48,0.0,0.0,0.0
189,0,False,confidence_low,32,0.0,,
189,0,False,entropy_high,8,0.0,0.0,0.0
189,0,False,mask_ratio,8,0.0,0.0,0.0
189,0,False,oof_state_value,24,0.0,0.0,0.0
189,0,False,oracle_localization,8,0.0,0.0,0.0
190,0,True,random_checkpoint,56,1.0,1.0,0.0
190,0,True,earliest_eligible,8,0.875,0.875,0.0
190,0,True,normalized_quarter,16,1.0,0.875,-0.125
190,0,True,normalized_midpoint,32,1.0,,
190,0,True,normalized_three_quarter,48,1.0,1.0,0.0
190,0,True,confidence_low,64,1.0,,
190,0,True,entropy_high,56,1.0,1.0,0.0
190,0,True,mask_ratio,8,0.875,0.875,0.0
190,0,True,oof_state_value,8,0.875,0.875,0.0
190,0,True,oracle_localization,8,0.875,0.875,0.0
190,3,False,random_checkpoint,32,0.25,,
190,3,False,earliest_eligible,8,1.0,1.0,0.0
190,3,False,normalized_quarter,16,1.0,1.0,0.0
190,3,False,normalized_midpoint,32,0.25,,
190,3,False,normalized_three_quarter,48,0.125,1.0,0.875
190,3,False,confidence_low,48,0.125,1.0,0.875
190,3,False,entropy_high,24,1.0,0.75,-0.25
190,3,False,mask_ratio,8,1.0,1.0,0.0
190,3,False,oof_state_value,8,1.0,1.0,0.0
190,3,False,oracle_localization,16,1.0,1.0,0.0
191,0,False,random_checkpoint,24,0.0,0.0,0.0
191,0,False,earliest_eligible,8,0.0,0.0,0.0
191,0,False,normalized_quarter,16,0.0,0.25,0.25
191,0,False,normalized_midpoint,32,0.0,,
191,0,False,normalized_three_quarter,48,0.0,0.0,0.0
191,0,False,confidence_low,64,0.0,,
191,0,False,entropy_high,8,0.0,0.0,0.0
191,0,False,mask_ratio,8,0.0,0.0,0.0
191,0,False,oof_state_value,56,0.0,0.0,0.0
191,0,False,oracle_localization,16,0.0,0.25,0.25
191,1,True,random_checkpoint,8,0.375,0.125,-0.25
191,1,True,earliest_eligible,8,0.375,0.125,-0.25
191,1,True,normalized_quarter,16,0.125,0.25,0.125
191,1,True,normalized_midpoint,32,0.75,,
191,1,True,normalized_three_quarter,48,1.0,1.0,0.0
191,1,True,confidence_low,64,1.0,,
191,1,True,entropy_high,8,0.375,0.125,-0.25
191,1,True,mask_ratio,8,0.375,0.125,-0.25
191,1,True,oof_state_value,24,0.375,0.25,-0.125
191,1,True,oracle_localization,56,1.0,1.0,0.0
192,0,True,random_checkpoint,24,1.0,1.0,0.0
192,0,True,earliest_eligible,8,1.0,1.0,0.0
192,0,True,normalized_quarter,16,1.0,1.0,0.0
192,0,True,normalized_midpoint,32,1.0,,
192,0,True,normalized_three_quarter,48,1.0,1.0,0.0
192,0,True,confidence_low,32,1.0,,
192,0,True,entropy_high,40,1.0,1.0,0.0
192,0,True,mask_ratio,8,1.0,1.0,0.0
192,0,True,oof_state_value,16,1.0,1.0,0.0
192,0,True,oracle_localization,8,1.0,1.0,0.0
192,1,False,random_checkpoint,40,0.0,0.0,0.0
192,1,False,earliest_eligible,8,0.0,1.0,1.0
192,1,False,normalized_quarter,16,0.0,0.875,0.875
192,1,False,normalized_midpoint,32,0.0,,
192,1,False,normalized_three_quarter,48,0.0,0.0,0.0
192,1,False,confidence_low,8,0.0,1.0,1.0
192,1,False,entropy_high,24,0.0,0.5,0.5
192,1,False,mask_ratio,8,0.0,1.0,1.0
192,1,False,oof_state_value,8,0.0,1.0,1.0
192,1,False,oracle_localization,8,0.0,1.0,1.0
193,0,False,random_checkpoint,40,0.0,0.0,0.0
193,0,False,earliest_eligible,8,0.125,0.0,-0.125
193,0,False,normalized_quarter,16,0.125,0.125,0.0
193,0,False,normalized_midpoint,32,0.0,,
193,0,False,normalized_three_quarter,48,0.5,0.5,0.0
193,0,False,confidence_low,56,0.5,0.625,0.125
193,0,False,entropy_high,8,0.125,0.0,-0.125
193,0,False,mask_ratio,8,0.125,0.0,-0.125
193,0,False,oof_state_value,8,0.125,0.0,-0.125
193,0,False,oracle_localization,48,0.5,0.5,0.0
193,2,True,random_checkpoint,32,1.0,,
193,2,True,earliest_eligible,8,0.0,0.125,0.125
193,2,True,normalized_quarter,16,0.5,0.0,-0.5
193,2,True,normalized_midpoint,32,1.0,,
193,2,True,normalized_three_quarter,48,0.875,0.875,0.0
193,2,True,confidence_low,40,1.0,1.0,0.0
193,2,True,entropy_high,8,0.0,0.125,0.125
193,2,True,mask_ratio,8,0.0,0.125,0.125
193,2,True,oof_state_value,24,0.875,0.125,-0.75
193,2,True,oracle_localization,48,0.875,0.875,0.0
194,0,True,random_checkpoint,64,1.0,,
194,0,True,earliest_eligible,8,1.0,1.0,0.0
194,0,True,normalized_quarter,16,1.0,1.0,0.0
194,0,True,normalized_midpoint,32,1.0,,
194,0,True,normalized_three_quarter,48,1.0,1.0,0.0
194,0,True,confidence_low,64,1.0,,
194,0,True,entropy_high,8,1.0,1.0,0.0
194,0,True,mask_ratio,8,1.0,1.0,0.0
194,0,True,oof_state_value,40,1.0,1.0,0.0
194,0,True,oracle_localization,8,1.0,1.0,0.0
194,4,False,random_checkpoint,48,0.0,0.0,0.0
194,4,False,earliest_eligible,8,1.0,1.0,0.0
194,4,False,normalized_quarter,16,0.875,1.0,0.125
194,4,False,normalized_midpoint,32,0.75,,
194,4,False,normalized_three_quarter,48,0.0,0.0,0.0
194,4,False,confidence_low,64,0.0,,
194,4,False,entropy_high,48,0.0,0.0,0.0
194,4,False,mask_ratio,8,1.0,1.0,0.0
194,4,False,oof_state_value,8,1.0,1.0,0.0
194,4,False,oracle_localization,8,1.0,1.0,0.0
195,0,False,random_checkpoint,56,0.0,0.0,0.0
195,0,False,earliest_eligible,8,0.0,0.0,0.0
195,0,False,normalized_quarter,16,0.0,0.0,0.0
195,0,False,normalized_midpoint,32,0.0,,
195,0,False,normalized_three_quarter,48,0.0,0.0,0.0
195,0,False,confidence_low,64,0.0,,
195,0,False,entropy_high,24,0.0,0.0,0.0
195,0,False,mask_ratio,8,0.0,0.0,0.0
195,0,False,oof_state_value,24,0.0,0.0,0.0
195,0,False,oracle_localization,8,0.0,0.0,0.0
196,0,True,random_checkpoint,64,1.0,,
196,0,True,earliest_eligible,8,1.0,1.0,0.0
196,0,True,normalized_quarter,16,1.0,1.0,0.0
196,0,True,normalized_midpoint,32,1.0,,
196,0,True,normalized_three_quarter,48,1.0,1.0,0.0
196,0,True,confidence_low,8,1.0,1.0,0.0
196,0,True,entropy_high,16,1.0,1.0,0.0
196,0,True,mask_ratio,8,1.0,1.0,0.0
196,0,True,oof_state_value,16,1.0,1.0,0.0
196,0,True,oracle_localization,8,1.0,1.0,0.0
196,3,False,random_checkpoint,40,0.0,0.0,0.0
196,3,False,earliest_eligible,8,0.125,0.0,-0.125
196,3,False,normalized_quarter,16,0.25,0.0,-0.25
196,3,False,normalized_midpoint,32,0.0,,
196,3,False,normalized_three_quarter,48,0.0,0.0,0.0
196,3,False,confidence_low,8,0.125,0.0,-0.125
196,3,False,entropy_high,8,0.125,0.0,-0.125
196,3,False,mask_ratio,8,0.125,0.0,-0.125
196,3,False,oof_state_value,8,0.125,0.0,-0.125
196,3,False,oracle_localization,8,0.125,0.0,-0.125
197,0,True,random_checkpoint,32,1.0,,
197,0,True,earliest_eligible,8,1.0,1.0,0.0
197,0,True,normalized_quarter,16,1.0,1.0,0.0
197,0,True,normalized_midpoint,32,1.0,,
197,0,True,normalized_three_quarter,48,1.0,1.0,0.0
197,0,True,confidence_low,8,1.0,1.0,0.0
197,0,True,entropy_high,48,1.0,1.0,0.0
197,0,True,mask_ratio,8,1.0,1.0,0.0
197,0,True,oof_state_value,8,1.0,1.0,0.0
197,0,True,oracle_localization,8,1.0,1.0,0.0
197,6,False,random_checkpoint,32,0.0,,
197,6,False,earliest_eligible,8,0.5,1.0,0.5
197,6,False,normalized_quarter,16,0.25,1.0,0.75
197,6,False,normalized_midpoint,32,0.0,,
197,6,False,normalized_three_quarter,48,0.0,0.0,0.0
197,6,False,confidence_low,8,0.5,1.0,0.5
197,6,False,entropy_high,8,0.5,1.0,0.5
197,6,False,mask_ratio,8,0.5,1.0,0.5
197,6,False,oof_state_value,8,0.5,1.0,0.5
197,6,False,oracle_localization,8,0.5,1.0,0.5
198,0,False,random_checkpoint,40,0.0,0.0,0.0
198,0,False,earliest_eligible,8,0.0,0.0,0.0
198,0,False,normalized_quarter,16,0.0,0.0,0.0
198,0,False,normalized_midpoint,32,0.0,,
198,0,False,normalized_three_quarter,48,0.0,0.0,0.0
198,0,False,confidence_low,8,0.0,0.0,0.0
198,0,False,entropy_high,56,0.0,0.0,0.0
198,0,False,mask_ratio,8,0.0,0.0,0.0
198,0,False,oof_state_value,8,0.0,0.0,0.0
198,0,False,oracle_localization,24,0.0,0.25,0.25
198,6,True,random_checkpoint,48,0.0,0.0,0.0
198,6,True,earliest_eligible,8,0.125,0.0,-0.125
198,6,True,normalized_quarter,16,0.0,0.125,0.125
198,6,True,normalized_midpoint,32,0.0,,
198,6,True,normalized_three_quarter,48,0.0,0.0,0.0
198,6,True,confidence_low,8,0.125,0.0,-0.125
198,6,True,entropy_high,8,0.125,0.0,-0.125
198,6,True,mask_ratio,8,0.125,0.0,-0.125
198,6,True,oof_state_value,8,0.125,0.0,-0.125
198,6,True,oracle_localization,8,0.125,0.0,-0.125
199,0,False,random_checkpoint,56,0.0,0.0,0.0
199,0,False,earliest_eligible,8,0.0,0.0,0.0
199,0,False,normalized_quarter,16,0.0,0.0,0.0
199,0,False,normalized_midpoint,32,0.0,,
199,0,False,normalized_three_quarter,48,0.0,0.0,0.0
199,0,False,confidence_low,32,0.0,,
199,0,False,entropy_high,16,0.0,0.0,0.0
199,0,False,mask_ratio,8,0.0,0.0,0.0
199,0,False,oof_state_value,8,0.0,0.0,0.0
199,0,False,oracle_localization,8,0.0,0.0,0.0
199,1,True,random_checkpoint,48,1.0,1.0,0.0
199,1,True,earliest_eligible,8,1.0,1.0,0.0
199,1,True,normalized_quarter,16,0.875,0.875,0.0
199,1,True,normalized_midpoint,32,1.0,,
199,1,True,normalized_three_quarter,48,1.0,1.0,0.0
199,1,True,confidence_low,8,1.0,1.0,0.0
199,1,True,entropy_high,8,1.0,1.0,0.0
199,1,True,mask_ratio,8,1.0,1.0,0.0
199,1,True,oof_state_value,8,1.0,1.0,0.0
199,1,True,oracle_localization,8,1.0,1.0,0.0
200,0,True,random_checkpoint,16,1.0,1.0,0.0
200,0,True,earliest_eligible,8,1.0,0.875,-0.125
200,0,True,normalized_quarter,16,1.0,1.0,0.0
200,0,True,normalized_midpoint,32,1.0,,
200,0,True,normalized_three_quarter,48,1.0,1.0,0.0
200,0,True,confidence_low,48,1.0,1.0,0.0
200,0,True,entropy_high,48,1.0,1.0,0.0
200,0,True,mask_ratio,8,1.0,0.875,-0.125
200,0,True,oof_state_value,56,1.0,1.0,0.0
200,0,True,oracle_localization,8,1.0,0.875,-0.125
200,3,False,random_checkpoint,8,1.0,1.0,0.0
200,3,False,earliest_eligible,8,1.0,1.0,0.0
200,3,False,normalized_quarter,16,0.875,1.0,0.125
200,3,False,normalized_midpoint,32,0.25,,
200,3,False,normalized_three_quarter,48,0.375,0.75,0.375
200,3,False,confidence_low,40,0.25,0.875,0.625
200,3,False,entropy_high,8,1.0,1.0,0.0
200,3,False,mask_ratio,8,1.0,1.0,0.0
200,3,False,oof_state_value,40,0.25,0.875,0.625
200,3,False,oracle_localization,8,1.0,1.0,0.0
201,0,False,random_checkpoint,48,0.0,0.0,0.0
201,0,False,earliest_eligible,8,0.0,0.0,0.0
201,0,False,normalized_quarter,16,0.0,0.0,0.0
201,0,False,normalized_midpoint,32,0.0,,
201,0,False,normalized_three_quarter,48,0.0,0.0,0.0
201,0,False,confidence_low,32,0.0,,
201,0,False,entropy_high,8,0.0,0.0,0.0
201,0,False,mask_ratio,8,0.0,0.0,0.0
201,0,False,oof_state_value,8,0.0,0.0,0.0
201,0,False,oracle_localization,16,0.0,0.0,0.0
202,0,True,random_checkpoint,40,1.0,1.0,0.0
202,0,True,earliest_eligible,8,1.0,1.0,0.0
202,0,True,normalized_quarter,16,1.0,1.0,0.0
202,0,True,normalized_midpoint,32,1.0,,
202,0,True,normalized_three_quarter,48,1.0,1.0,0.0
202,0,True,confidence_low,8,1.0,1.0,0.0
202,0,True,entropy_high,48,1.0,1.0,0.0
202,0,True,mask_ratio,8,1.0,1.0,0.0
202,0,True,oof_state_value,8,1.0,1.0,0.0
202,0,True,oracle_localization,8,1.0,1.0,0.0
203,0,True,random_checkpoint,8,1.0,1.0,0.0
203,0,True,earliest_eligible,8,1.0,1.0,0.0
203,0,True,normalized_quarter,16,0.875,0.875,0.0
203,0,True,normalized_midpoint,32,1.0,,
203,0,True,normalized_three_quarter,48,1.0,1.0,0.0
203,0,True,confidence_low,32,1.0,,
203,0,True,entropy_high,8,1.0,1.0,0.0
203,0,True,mask_ratio,8,1.0,1.0,0.0
203,0,True,oof_state_value,24,0.625,0.75,0.125
203,0,True,oracle_localization,24,0.625,0.75,0.125
203,2,False,random_checkpoint,48,0.0,0.0,0.0
203,2,False,earliest_eligible,8,1.0,0.875,-0.125
203,2,False,normalized_quarter,16,1.0,1.0,0.0
203,2,False,normalized_midpoint,32,0.0,,
203,2,False,normalized_three_quarter,48,0.0,0.0,0.0
203,2,False,confidence_low,32,0.0,,
203,2,False,entropy_high,8,1.0,0.875,-0.125
203,2,False,mask_ratio,8,1.0,0.875,-0.125
203,2,False,oof_state_value,24,0.875,1.0,0.125
203,2,False,oracle_localization,16,1.0,1.0,0.0
204,0,True,random_checkpoint,32,1.0,,
204,0,True,earliest_eligible,8,1.0,1.0,0.0
204,0,True,normalized_quarter,16,0.875,0.875,0.0
204,0,True,normalized_midpoint,32,1.0,,
204,0,True,normalized_three_quarter,48,1.0,1.0,0.0
204,0,True,confidence_low,64,1.0,,
204,0,True,entropy_high,48,1.0,1.0,0.0
204,0,True,mask_ratio,8,1.0,1.0,0.0
204,0,True,oof_state_value,8,1.0,1.0,0.0
204,0,True,oracle_localization,8,1.0,1.0,0.0
205,0,False,random_checkpoint,64,0.0,,
205,0,False,earliest_eligible,8,0.0,0.0,0.0
205,0,False,normalized_quarter,16,0.0,0.0,0.0
205,0,False,normalized_midpoint,32,0.0,,
205,0,False,normalized_three_quarter,48,0.0,0.0,0.0
205,0,False,confidence_low,8,0.0,0.0,0.0
205,0,False,entropy_high,16,0.0,0.0,0.0
205,0,False,mask_ratio,8,0.0,0.0,0.0
205,0,False,oof_state_value,8,0.0,0.0,0.0
205,0,False,oracle_localization,8,0.0,0.0,0.0
206,0,False,random_checkpoint,32,0.0,,
206,0,False,earliest_eligible,8,0.0,0.0,0.0
206,0,False,normalized_quarter,16,0.0,0.0,0.0
206,0,False,normalized_midpoint,32,0.0,,
206,0,False,normalized_three_quarter,48,0.0,0.0,0.0
206,0,False,confidence_low,8,0.0,0.0,0.0
206,0,False,entropy_high,8,0.0,0.0,0.0
206,0,False,mask_ratio,8,0.0,0.0,0.0
206,0,False,oof_state_value,8,0.0,0.0,0.0
206,0,False,oracle_localization,8,0.0,0.0,0.0
207,0,True,random_checkpoint,32,1.0,,
207,0,True,earliest_eligible,8,1.0,1.0,0.0
207,0,True,normalized_quarter,16,0.875,0.875,0.0
207,0,True,normalized_midpoint,32,1.0,,
207,0,True,normalized_three_quarter,48,1.0,1.0,0.0
207,0,True,confidence_low,8,1.0,1.0,0.0
207,0,True,entropy_high,24,1.0,1.0,0.0
207,0,True,mask_ratio,8,1.0,1.0,0.0
207,0,True,oof_state_value,24,1.0,1.0,0.0
207,0,True,oracle_localization,8,1.0,1.0,0.0
208,0,True,random_checkpoint,24,0.5,0.125,-0.375
208,0,True,earliest_eligible,8,0.125,0.125,0.0
208,0,True,normalized_quarter,16,0.375,0.25,-0.125
208,0,True,normalized_midpoint,32,0.375,,
208,0,True,normalized_three_quarter,48,1.0,1.0,0.0
208,0,True,confidence_low,64,1.0,,
208,0,True,entropy_high,48,1.0,1.0,0.0
208,0,True,mask_ratio,8,0.125,0.125,0.0
208,0,True,oof_state_value,56,1.0,1.0,0.0
208,0,True,oracle_localization,48,1.0,1.0,0.0
208,1,False,random_checkpoint,48,0.0,0.0,0.0
208,1,False,earliest_eligible,8,0.25,0.375,0.125
208,1,False,normalized_quarter,16,0.25,0.125,-0.125
208,1,False,normalized_midpoint,32,0.625,,
208,1,False,normalized_three_quarter,48,0.0,0.0,0.0
208,1,False,confidence_low,64,0.0,,
208,1,False,entropy_high,40,0.25,1.0,0.75
208,1,False,mask_ratio,8,0.25,0.375,0.125
208,1,False,oof_state_value,24,0.0,0.0,0.0
208,1,False,oracle_localization,40,0.25,1.0,0.75
209,0,False,random_checkpoint,16,0.0,0.0,0.0
209,0,False,earliest_eligible,8,0.0,0.125,0.125
209,0,False,normalized_quarter,16,0.0,0.0,0.0
209,0,False,normalized_midpoint,32,0.0,,
209,0,False,normalized_three_quarter,48,0.0,0.0,0.0
209,0,False,confidence_low,56,0.0,0.0,0.0
209,0,False,entropy_high,40,0.0,0.0,0.0
209,0,False,mask_ratio,8,0.0,0.125,0.125
209,0,False,oof_state_value,56,0.0,0.0,0.0
209,0,False,oracle_localization,8,0.0,0.125,0.125
210,0,False,random_checkpoint,48,0.0,0.0,0.0
210,0,False,earliest_eligible,8,0.0,0.0,0.0
210,0,False,normalized_quarter,16,0.0,0.0,0.0
210,0,False,normalized_midpoint,32,0.0,,
210,0,False,normalized_three_quarter,48,0.0,0.0,0.0
210,0,False,confidence_low,64,0.0,,
210,0,False,entropy_high,8,0.0,0.0,0.0
210,0,False,mask_ratio,8,0.0,0.0,0.0
210,0,False,oof_state_value,56,0.0,0.0,0.0
210,0,False,oracle_localization,8,0.0,0.0,0.0
210,4,True,random_checkpoint,32,1.0,,
210,4,True,earliest_eligible,8,0.25,0.25,0.0
210,4,True,normalized_quarter,16,0.0,0.0,0.0
210,4,True,normalized_midpoint,32,1.0,,
210,4,True,normalized_three_quarter,48,1.0,1.0,0.0
210,4,True,confidence_low,8,0.25,0.25,0.0
210,4,True,entropy_high,8,0.25,0.25,0.0
210,4,True,mask_ratio,8,0.25,0.25,0.0
210,4,True,oof_state_value,8,0.25,0.25,0.0
210,4,True,oracle_localization,40,1.0,1.0,0.0
211,0,True,random_checkpoint,32,1.0,,
211,0,True,earliest_eligible,8,1.0,1.0,0.0
211,0,True,normalized_quarter,16,1.0,1.0,0.0
211,0,True,normalized_midpoint,32,1.0,,
211,0,True,normalized_three_quarter,48,1.0,1.0,0.0
211,0,True,confidence_low,8,1.0,1.0,0.0
211,0,True,entropy_high,16,1.0,1.0,0.0
211,0,True,mask_ratio,8,1.0,1.0,0.0
211,0,True,oof_state_value,24,1.0,1.0,0.0
211,0,True,oracle_localization,8,1.0,1.0,0.0
212,0,True,random_checkpoint,32,1.0,,
212,0,True,earliest_eligible,8,1.0,1.0,0.0
212,0,True,normalized_quarter,16,1.0,1.0,0.0
212,0,True,normalized_midpoint,32,1.0,,
212,0,True,normalized_three_quarter,48,1.0,1.0,0.0
212,0,True,confidence_low,40,1.0,1.0,0.0
212,0,True,entropy_high,40,1.0,1.0,0.0
212,0,True,mask_ratio,8,1.0,1.0,0.0
212,0,True,oof_state_value,24,1.0,1.0,0.0
212,0,True,oracle_localization,8,1.0,1.0,0.0
213,0,True,random_checkpoint,64,1.0,,
213,0,True,earliest_eligible,8,1.0,1.0,0.0
213,0,True,normalized_quarter,16,1.0,1.0,0.0
213,0,True,normalized_midpoint,32,1.0,,
213,0,True,normalized_three_quarter,48,1.0,1.0,0.0
213,0,True,confidence_low,64,1.0,,
213,0,True,entropy_high,24,1.0,1.0,0.0
213,0,True,mask_ratio,8,1.0,1.0,0.0
213,0,True,oof_state_value,24,1.0,1.0,0.0
213,0,True,oracle_localization,8,1.0,1.0,0.0
214,0,True,random_checkpoint,24,1.0,1.0,0.0
214,0,True,earliest_eligible,8,1.0,1.0,0.0
214,0,True,normalized_quarter,16,1.0,1.0,0.0
214,0,True,normalized_midpoint,32,1.0,,
214,0,True,normalized_three_quarter,48,1.0,1.0,0.0
214,0,True,confidence_low,16,1.0,1.0,0.0
214,0,True,entropy_high,32,1.0,,
214,0,True,mask_ratio,8,1.0,1.0,0.0
214,0,True,oof_state_value,16,1.0,1.0,0.0
214,0,True,oracle_localization,8,1.0,1.0,0.0
215,0,True,random_checkpoint,24,1.0,1.0,0.0
215,0,True,earliest_eligible,8,1.0,1.0,0.0
215,0,True,normalized_quarter,16,1.0,1.0,0.0
215,0,True,normalized_midpoint,32,1.0,,
215,0,True,normalized_three_quarter,48,1.0,1.0,0.0
215,0,True,confidence_low,64,1.0,,
215,0,True,entropy_high,56,1.0,1.0,0.0
215,0,True,mask_ratio,8,1.0,1.0,0.0
215,0,True,oof_state_value,56,1.0,1.0,0.0
215,0,True,oracle_localization,8,1.0,1.0,0.0
216,0,False,random_checkpoint,24,0.0,0.0,0.0
216,0,False,earliest_eligible,8,0.0,0.0,0.0
216,0,False,normalized_quarter,16,0.0,0.0,0.0
216,0,False,normalized_midpoint,32,0.0,,
216,0,False,normalized_three_quarter,48,0.0,0.0,0.0
216,0,False,confidence_low,8,0.0,0.0,0.0
216,0,False,entropy_high,56,0.0,0.0,0.0
216,0,False,mask_ratio,8,0.0,0.0,0.0
216,0,False,oof_state_value,8,0.0,0.0,0.0
216,0,False,oracle_localization,8,0.0,0.0,0.0
217,0,True,random_checkpoint,40,1.0,1.0,0.0
217,0,True,earliest_eligible,8,1.0,1.0,0.0
217,0,True,normalized_quarter,16,1.0,1.0,0.0
217,0,True,normalized_midpoint,32,1.0,,
217,0,True,normalized_three_quarter,48,1.0,1.0,0.0
217,0,True,confidence_low,64,1.0,,
217,0,True,entropy_high,48,1.0,1.0,0.0
217,0,True,mask_ratio,8,1.0,1.0,0.0
217,0,True,oof_state_value,48,1.0,1.0,0.0
217,0,True,oracle_localization,8,1.0,1.0,0.0
218,0,False,random_checkpoint,48,0.0,0.0,0.0
218,0,False,earliest_eligible,8,0.125,0.125,0.0
218,0,False,normalized_quarter,16,0.125,0.125,0.0
218,0,False,normalized_midpoint,32,0.0,,
218,0,False,normalized_three_quarter,48,0.0,0.0,0.0
218,0,False,confidence_low,56,0.0,0.0,0.0
218,0,False,entropy_high,48,0.0,0.0,0.0
218,0,False,mask_ratio,8,0.125,0.125,0.0
218,0,False,oof_state_value,48,0.0,0.0,0.0
218,0,False,oracle_localization,16,0.125,0.125,0.0
218,1,True,random_checkpoint,8,0.0,0.0,0.0
218,1,True,earliest_eligible,8,0.0,0.0,0.0
218,1,True,normalized_quarter,16,0.0,0.0,0.0
218,1,True,normalized_midpoint,32,0.0,,
218,1,True,normalized_three_quarter,48,0.0,0.875,0.875
218,1,True,confidence_low,40,0.0,0.0,0.0
218,1,True,entropy_high,24,0.0,0.0,0.0
218,1,True,mask_ratio,8,0.0,0.0,0.0
218,1,True,oof_state_value,40,0.0,0.0,0.0
218,1,True,oracle_localization,48,0.0,0.875,0.875
219,0,False,random_checkpoint,32,0.125,,
219,0,False,earliest_eligible,8,0.375,0.375,0.0
219,0,False,normalized_quarter,16,0.375,0.375,0.0
219,0,False,normalized_midpoint,32,0.125,,
219,0,False,normalized_three_quarter,48,0.375,0.375,0.0
219,0,False,confidence_low,64,0.0,,
219,0,False,entropy_high,56,0.0,0.0,0.0
219,0,False,mask_ratio,8,0.375,0.375,0.0
219,0,False,oof_state_value,56,0.0,0.0,0.0
219,0,False,oracle_localization,48,0.375,0.375,0.0
219,2,True,random_checkpoint,16,0.25,0.25,0.0
219,2,True,earliest_eligible,8,0.25,0.25,0.0
219,2,True,normalized_quarter,16,0.25,0.25,0.0
219,2,True,normalized_midpoint,32,0.625,,
219,2,True,normalized_three_quarter,48,1.0,1.0,0.0
219,2,True,confidence_low,56,1.0,1.0,0.0
219,2,True,entropy_high,48,1.0,1.0,0.0
219,2,True,mask_ratio,8,0.25,0.25,0.0
219,2,True,oof_state_value,24,0.625,0.625,0.0
219,2,True,oracle_localization,48,1.0,1.0,0.0
220,0,True,random_checkpoint,56,1.0,1.0,0.0
220,0,True,earliest_eligible,8,1.0,1.0,0.0
220,0,True,normalized_quarter,16,1.0,1.0,0.0
220,0,True,normalized_midpoint,32,1.0,,
220,0,True,normalized_three_quarter,48,1.0,1.0,0.0
220,0,True,confidence_low,8,1.0,1.0,0.0
220,0,True,entropy_high,8,1.0,1.0,0.0
220,0,True,mask_ratio,8,1.0,1.0,0.0
220,0,True,oof_state_value,8,1.0,1.0,0.0
220,0,True,oracle_localization,8,1.0,1.0,0.0
221,0,True,random_checkpoint,56,1.0,1.0,0.0
221,0,True,earliest_eligible,8,1.0,1.0,0.0
221,0,True,normalized_quarter,16,1.0,1.0,0.0
221,0,True,normalized_midpoint,32,1.0,,
221,0,True,normalized_three_quarter,48,1.0,1.0,0.0
221,0,True,confidence_low,64,1.0,,
221,0,True,entropy_high,48,1.0,1.0,0.0
221,0,True,mask_ratio,8,1.0,1.0,0.0
221,0,True,oof_state_value,8,1.0,1.0,0.0
221,0,True,oracle_localization,8,1.0,1.0,0.0
221,2,False,random_checkpoint,32,0.0,,
221,2,False,earliest_eligible,8,1.0,1.0,0.0
221,2,False,normalized_quarter,16,1.0,1.0,0.0
221,2,False,normalized_midpoint,32,0.0,,
221,2,False,normalized_three_quarter,48,0.0,0.0,0.0
221,2,False,confidence_low,64,0.0,,
221,2,False,entropy_high,8,1.0,1.0,0.0
221,2,False,mask_ratio,8,1.0,1.0,0.0
221,2,False,oof_state_value,56,0.0,0.0,0.0
221,2,False,oracle_localization,8,1.0,1.0,0.0
222,0,False,random_checkpoint,32,0.75,,
222,0,False,earliest_eligible,8,0.75,0.875,0.125
222,0,False,normalized_quarter,16,0.625,0.625,0.0
222,0,False,normalized_midpoint,32,0.75,,
222,0,False,normalized_three_quarter,48,0.0,0.75,0.75
222,0,False,confidence_low,56,0.0,0.0,0.0
222,0,False,entropy_high,48,0.0,0.75,0.75
222,0,False,mask_ratio,8,0.75,0.875,0.125
222,0,False,oof_state_value,16,0.625,0.625,0.0
222,0,False,oracle_localization,16,0.625,0.625,0.0
222,1,True,random_checkpoint,64,1.0,,
222,1,True,earliest_eligible,8,1.0,1.0,0.0
222,1,True,normalized_quarter,16,0.75,0.75,0.0
222,1,True,normalized_midpoint,32,1.0,,
222,1,True,normalized_three_quarter,48,1.0,1.0,0.0
222,1,True,confidence_low,64,1.0,,
222,1,True,entropy_high,40,1.0,1.0,0.0
222,1,True,mask_ratio,8,1.0,1.0,0.0
222,1,True,oof_state_value,40,1.0,1.0,0.0
222,1,True,oracle_localization,8,1.0,1.0,0.0
223,0,True,random_checkpoint,56,1.0,1.0,0.0
223,0,True,earliest_eligible,8,1.0,1.0,0.0
223,0,True,normalized_quarter,16,1.0,1.0,0.0
223,0,True,normalized_midpoint,32,1.0,,
223,0,True,normalized_three_quarter,48,1.0,1.0,0.0
223,0,True,confidence_low,56,1.0,1.0,0.0
223,0,True,entropy_high,48,1.0,1.0,0.0
223,0,True,mask_ratio,8,1.0,1.0,0.0
223,0,True,oof_state_value,16,1.0,1.0,0.0
223,0,True,oracle_localization,8,1.0,1.0,0.0
223,2,False,random_checkpoint,32,0.0,,
223,2,False,earliest_eligible,8,0.125,1.0,0.875
223,2,False,normalized_quarter,16,0.0,1.0,1.0
223,2,False,normalized_midpoint,32,0.0,,
223,2,False,normalized_three_quarter,48,0.0,0.0,0.0
223,2,False,confidence_low,8,0.125,1.0,0.875
223,2,False,entropy_high,16,0.0,1.0,1.0
223,2,False,mask_ratio,8,0.125,1.0,0.875
223,2,False,oof_state_value,16,0.0,1.0,1.0
223,2,False,oracle_localization,8,0.125,1.0,0.875
224,0,True,random_checkpoint,48,1.0,1.0,0.0
224,0,True,earliest_eligible,8,1.0,0.875,-0.125
224,0,True,normalized_quarter,16,1.0,1.0,0.0
224,0,True,normalized_midpoint,32,1.0,,
224,0,True,normalized_three_quarter,48,1.0,1.0,0.0
224,0,True,confidence_low,24,1.0,1.0,0.0
224,0,True,entropy_high,24,1.0,1.0,0.0
224,0,True,mask_ratio,8,1.0,0.875,-0.125
224,0,True,oof_state_value,16,1.0,1.0,0.0
224,0,True,oracle_localization,24,1.0,1.0,0.0
225,0,True,random_checkpoint,64,1.0,,
225,0,True,earliest_eligible,8,0.875,0.875,0.0
225,0,True,normalized_quarter,16,0.875,0.875,0.0
225,0,True,normalized_midpoint,32,1.0,,
225,0,True,normalized_three_quarter,48,1.0,1.0,0.0
225,0,True,confidence_low,8,0.875,0.875,0.0
225,0,True,entropy_high,8,0.875,0.875,0.0
225,0,True,mask_ratio,8,0.875,0.875,0.0
225,0,True,oof_state_value,24,1.0,1.0,0.0
225,0,True,oracle_localization,8,0.875,0.875,0.0
226,0,False,random_checkpoint,56,0.0,0.0,0.0
226,0,False,earliest_eligible,8,0.125,0.25,0.125
226,0,False,normalized_quarter,16,0.25,0.25,0.0
226,0,False,normalized_midpoint,32,0.125,,
226,0,False,normalized_three_quarter,48,0.0,0.0,0.0
226,0,False,confidence_low,48,0.0,0.0,0.0
226,0,False,entropy_high,48,0.0,0.0,0.0
226,0,False,mask_ratio,8,0.125,0.25,0.125
226,0,False,oof_state_value,48,0.0,0.0,0.0
226,0,False,oracle_localization,24,0.125,0.125,0.0
226,2,True,random_checkpoint,16,0.375,0.625,0.25
226,2,True,earliest_eligible,8,0.25,0.25,0.0
226,2,True,normalized_quarter,16,0.375,0.625,0.25
226,2,True,normalized_midpoint,32,0.25,,
226,2,True,normalized_three_quarter,48,1.0,1.0,0.0
226,2,True,confidence_low,56,1.0,1.0,0.0
226,2,True,entropy_high,40,0.25,0.0,-0.25
226,2,True,mask_ratio,8,0.25,0.25,0.0
226,2,True,oof_state_value,8,0.25,0.25,0.0
226,2,True,oracle_localization,48,1.0,1.0,0.0
227,0,True,random_checkpoint,56,1.0,1.0,0.0
227,0,True,earliest_eligible,8,1.0,1.0,0.0
227,0,True,normalized_quarter,16,1.0,1.0,0.0
227,0,True,normalized_midpoint,32,1.0,,
227,0,True,normalized_three_quarter,48,1.0,1.0,0.0
227,0,True,confidence_low,8,1.0,1.0,0.0
227,0,True,entropy_high,16,1.0,1.0,0.0
227,0,True,mask_ratio,8,1.0,1.0,0.0
227,0,True,oof_state_value,16,1.0,1.0,0.0
227,0,True,oracle_localization,8,1.0,1.0,0.0
228,0,False,random_checkpoint,40,0.0,0.0,0.0
228,0,False,earliest_eligible,8,0.0,0.125,0.125
228,0,False,normalized_quarter,16,0.0,0.0,0.0
228,0,False,normalized_midpoint,32,0.0,,
228,0,False,normalized_three_quarter,48,0.125,0.125,0.0
228,0,False,confidence_low,40,0.0,0.0,0.0
228,0,False,entropy_high,8,0.0,0.125,0.125
228,0,False,mask_ratio,8,0.0,0.125,0.125
228,0,False,oof_state_value,16,0.0,0.0,0.0
228,0,False,oracle_localization,8,0.0,0.125,0.125
228,4,True,random_checkpoint,32,0.0,,
228,4,True,earliest_eligible,8,0.0,0.0,0.0
228,4,True,normalized_quarter,16,0.125,0.0,-0.125
228,4,True,normalized_midpoint,32,0.0,,
228,4,True,normalized_three_quarter,48,0.125,0.0,-0.125
228,4,True,confidence_low,64,1.0,,
228,4,True,entropy_high,56,1.0,1.0,0.0
228,4,True,mask_ratio,8,0.0,0.0,0.0
228,4,True,oof_state_value,16,0.125,0.0,-0.125
228,4,True,oracle_localization,56,1.0,1.0,0.0
229,0,True,random_checkpoint,8,1.0,1.0,0.0
229,0,True,earliest_eligible,8,1.0,1.0,0.0
229,0,True,normalized_quarter,16,1.0,1.0,0.0
229,0,True,normalized_midpoint,32,1.0,,
229,0,True,normalized_three_quarter,48,1.0,1.0,0.0
229,0,True,confidence_low,32,1.0,,
229,0,True,entropy_high,56,1.0,1.0,0.0
229,0,True,mask_ratio,8,1.0,1.0,0.0
229,0,True,oof_state_value,8,1.0,1.0,0.0
229,0,True,oracle_localization,8,1.0,1.0,0.0
229,1,False,random_checkpoint,16,0.5,1.0,0.5
229,1,False,earliest_eligible,8,0.25,0.875,0.625
229,1,False,normalized_quarter,16,0.5,1.0,0.5
229,1,False,normalized_midpoint,32,0.0,,
229,1,False,normalized_three_quarter,48,0.0,0.0,0.0
229,1,False,confidence_low,32,0.0,,
229,1,False,entropy_high,8,0.25,0.875,0.625
229,1,False,mask_ratio,8,0.25,0.875,0.625
229,1,False,oof_state_value,8,0.25,0.875,0.625
229,1,False,oracle_localization,8,0.25,0.875,0.625
230,0,True,random_checkpoint,64,1.0,,
230,0,True,earliest_eligible,8,1.0,1.0,0.0
230,0,True,normalized_quarter,16,1.0,1.0,0.0
230,0,True,normalized_midpoint,32,1.0,,
230,0,True,normalized_three_quarter,48,1.0,1.0,0.0
230,0,True,confidence_low,8,1.0,1.0,0.0
230,0,True,entropy_high,8,1.0,1.0,0.0
230,0,True,mask_ratio,8,1.0,1.0,0.0
230,0,True,oof_state_value,8,1.0,1.0,0.0
230,0,True,oracle_localization,8,1.0,1.0,0.0
230,1,False,random_checkpoint,40,0.0,0.0,0.0
230,1,False,earliest_eligible,8,0.875,0.875,0.0
230,1,False,normalized_quarter,16,1.0,0.375,-0.625
230,1,False,normalized_midpoint,32,0.0,,
230,1,False,normalized_three_quarter,48,0.0,0.0,0.0
230,1,False,confidence_low,8,0.875,0.875,0.0
230,1,False,entropy_high,8,0.875,0.875,0.0
230,1,False,mask_ratio,8,0.875,0.875,0.0
230,1,False,oof_state_value,8,0.875,0.875,0.0
230,1,False,oracle_localization,8,0.875,0.875,0.0
231,0,False,random_checkpoint,56,0.0,0.0,0.0
231,0,False,earliest_eligible,8,0.0,0.0,0.0
231,0,False,normalized_quarter,16,0.0,0.0,0.0
231,0,False,normalized_midpoint,32,0.0,,
231,0,False,normalized_three_quarter,48,0.0,0.0,0.0
231,0,False,confidence_low,16,0.0,0.0,0.0
231,0,False,entropy_high,16,0.0,0.0,0.0
231,0,False,mask_ratio,8,0.0,0.0,0.0
231,0,False,oof_state_value,16,0.0,0.0,0.0
231,0,False,oracle_localization,8,0.0,0.0,0.0
232,0,False,random_checkpoint,24,0.0,0.0,0.0
232,0,False,earliest_eligible,8,0.0,0.0,0.0
232,0,False,normalized_quarter,16,0.125,0.125,0.0
232,0,False,normalized_midpoint,32,0.0,,
232,0,False,normalized_three_quarter,48,0.0,0.0,0.0
232,0,False,confidence_low,8,0.0,0.0,0.0
232,0,False,entropy_high,8,0.0,0.0,0.0
232,0,False,mask_ratio,8,0.0,0.0,0.0
232,0,False,oof_state_value,8,0.0,0.0,0.0
232,0,False,oracle_localization,8,0.0,0.0,0.0
233,0,False,random_checkpoint,32,0.0,,
233,0,False,earliest_eligible,8,0.5,0.25,-0.25
233,0,False,normalized_quarter,16,0.125,0.375,0.25
233,0,False,normalized_midpoint,32,0.0,,
233,0,False,normalized_three_quarter,48,0.0,0.875,0.875
233,0,False,confidence_low,64,0.0,,
233,0,False,entropy_high,8,0.5,0.25,-0.25
233,0,False,mask_ratio,8,0.5,0.25,-0.25
233,0,False,oof_state_value,8,0.5,0.25,-0.25
233,0,False,oracle_localization,16,0.125,0.375,0.25
233,1,True,random_checkpoint,8,0.25,0.625,0.375
233,1,True,earliest_eligible,8,0.25,0.625,0.375
233,1,True,normalized_quarter,16,0.125,0.25,0.125
233,1,True,normalized_midpoint,32,0.25,,
233,1,True,normalized_three_quarter,48,0.25,0.125,-0.125
233,1,True,confidence_low,56,0.25,0.25,0.0
233,1,True,entropy_high,48,0.25,0.125,-0.125
233,1,True,mask_ratio,8,0.25,0.625,0.375
233,1,True,oof_state_value,56,0.25,0.25,0.0
233,1,True,oracle_localization,56,0.25,0.25,0.0
234,0,False,random_checkpoint,16,0.125,0.125,0.0
234,0,False,earliest_eligible,8,0.0,0.25,0.25
234,0,False,normalized_quarter,16,0.125,0.125,0.0
234,0,False,normalized_midpoint,32,0.0,,
234,0,False,normalized_three_quarter,48,0.0,0.0,0.0
234,0,False,confidence_low,64,0.0,,
234,0,False,entropy_high,8,0.0,0.25,0.25
234,0,False,mask_ratio,8,0.0,0.25,0.25
234,0,False,oof_state_value,56,0.0,0.0,0.0
234,0,False,oracle_localization,8,0.0,0.25,0.25
234,1,True,random_checkpoint,8,0.625,0.5,-0.125
234,1,True,earliest_eligible,8,0.625,0.5,-0.125
234,1,True,normalized_quarter,16,0.875,0.125,-0.75
234,1,True,normalized_midpoint,32,1.0,,
234,1,True,normalized_three_quarter,48,1.0,1.0,0.0
234,1,True,confidence_low,8,0.625,0.5,-0.125
234,1,True,entropy_high,8,0.625,0.5,-0.125
234,1,True,mask_ratio,8,0.625,0.5,-0.125
234,1,True,oof_state_value,8,0.625,0.5,-0.125
234,1,True,oracle_localization,40,1.0,1.0,0.0
235,0,False,random_checkpoint,40,0.0,0.0,0.0
235,0,False,earliest_eligible,8,0.0,0.0,0.0
235,0,False,normalized_quarter,16,0.0,0.0,0.0
235,0,False,normalized_midpoint,32,0.0,,
235,0,False,normalized_three_quarter,48,0.0,0.0,0.0
235,0,False,confidence_low,64,0.0,,
235,0,False,entropy_high,48,0.0,0.0,0.0
235,0,False,mask_ratio,8,0.0,0.0,0.0
235,0,False,oof_state_value,8,0.0,0.0,0.0
235,0,False,oracle_localization,8,0.0,0.0,0.0
235,1,True,random_checkpoint,24,0.25,0.125,-0.125
235,1,True,earliest_eligible,8,0.0,0.125,0.125
235,1,True,normalized_quarter,16,0.0,0.0,0.0
235,1,True,normalized_midpoint,32,0.25,,
235,1,True,normalized_three_quarter,48,0.875,0.25,-0.625
235,1,True,confidence_low,32,0.25,,
235,1,True,entropy_high,32,0.25,,
235,1,True,mask_ratio,8,0.0,0.125,0.125
235,1,True,oof_state_value,8,0.0,0.125,0.125
235,1,True,oracle_localization,56,1.0,1.0,0.0
236,0,True,random_checkpoint,8,0.5,0.0,-0.5
236,0,True,earliest_eligible,8,0.5,0.0,-0.5
236,0,True,normalized_quarter,16,0.625,0.75,0.125
236,0,True,normalized_midpoint,32,0.625,,
236,0,True,normalized_three_quarter,48,0.75,0.75,0.0
236,0,True,confidence_low,8,0.5,0.0,-0.5
236,0,True,entropy_high,8,0.5,0.0,-0.5
236,0,True,mask_ratio,8,0.5,0.0,-0.5
236,0,True,oof_state_value,8,0.5,0.0,-0.5
236,0,True,oracle_localization,16,0.625,0.75,0.125
236,1,False,random_checkpoint,40,0.0,0.0,0.0
236,1,False,earliest_eligible,8,0.375,0.375,0.0
236,1,False,normalized_quarter,16,0.375,0.375,0.0
236,1,False,normalized_midpoint,32,0.375,,
236,1,False,normalized_three_quarter,48,0.25,0.25,0.0
236,1,False,confidence_low,56,0.25,0.75,0.5
236,1,False,entropy_high,8,0.375,0.375,0.0
236,1,False,mask_ratio,8,0.375,0.375,0.0
236,1,False,oof_state_value,56,0.25,0.75,0.5
236,1,False,oracle_localization,8,0.375,0.375,0.0
237,0,False,random_checkpoint,8,0.625,0.625,0.0
237,0,False,earliest_eligible,8,0.625,0.625,0.0
237,0,False,normalized_quarter,16,0.375,0.5,0.125
237,0,False,normalized_midpoint,32,0.0,,
237,0,False,normalized_three_quarter,48,0.0,0.0,0.0
237,0,False,confidence_low,64,0.0,,
237,0,False,entropy_high,8,0.625,0.625,0.0
237,0,False,mask_ratio,8,0.625,0.625,0.0
237,0,False,oof_state_value,16,0.375,0.5,0.125
237,0,False,oracle_localization,8,0.625,0.625,0.0
237,6,True,random_checkpoint,48,0.375,0.0,-0.375
237,6,True,earliest_eligible,8,0.625,0.625,0.0
237,6,True,normalized_quarter,16,0.25,0.0,-0.25
237,6,True,normalized_midpoint,32,0.0,,
237,6,True,normalized_three_quarter,48,0.375,0.0,-0.375
237,6,True,confidence_low,64,1.0,,
237,6,True,entropy_high,48,0.375,0.0,-0.375
237,6,True,mask_ratio,8,0.625,0.625,0.0
237,6,True,oof_state_value,16,0.25,0.0,-0.25
237,6,True,oracle_localization,56,1.0,1.0,0.0
238,0,True,random_checkpoint,32,1.0,,
238,0,True,earliest_eligible,8,1.0,1.0,0.0
238,0,True,normalized_quarter,16,1.0,1.0,0.0
238,0,True,normalized_midpoint,32,1.0,,
238,0,True,normalized_three_quarter,48,1.0,1.0,0.0
238,0,True,confidence_low,8,1.0,1.0,0.0
238,0,True,entropy_high,8,1.0,1.0,0.0
238,0,True,mask_ratio,8,1.0,1.0,0.0
238,0,True,oof_state_value,8,1.0,1.0,0.0
238,0,True,oracle_localization,8,1.0,1.0,0.0
239,0,True,random_checkpoint,32,1.0,,
239,0,True,earliest_eligible,8,0.875,0.875,0.0
239,0,True,normalized_quarter,16,1.0,1.0,0.0
239,0,True,normalized_midpoint,32,1.0,,
239,0,True,normalized_three_quarter,48,1.0,1.0,0.0
239,0,True,confidence_low,8,0.875,0.875,0.0
239,0,True,entropy_high,16,1.0,1.0,0.0
239,0,True,mask_ratio,8,0.875,0.875,0.0
239,0,True,oof_state_value,8,0.875,0.875,0.0
239,0,True,oracle_localization,16,1.0,1.0,0.0
239,5,False,random_checkpoint,24,0.375,0.25,-0.125
239,5,False,earliest_eligible,8,0.5,1.0,0.5
239,5,False,normalized_quarter,16,0.875,0.625,-0.25
239,5,False,normalized_midpoint,32,0.125,,
239,5,False,normalized_three_quarter,48,0.0,0.0,0.0
239,5,False,confidence_low,40,0.0,0.0,0.0
239,5,False,entropy_high,32,0.125,,
239,5,False,mask_ratio,8,0.5,1.0,0.5
239,5,False,oof_state_value,8,0.5,1.0,0.5
239,5,False,oracle_localization,8,0.5,1.0,0.5
240,0,True,random_checkpoint,32,0.75,,
240,0,True,earliest_eligible,8,0.375,0.5,0.125
240,0,True,normalized_quarter,16,1.0,0.125,-0.875
240,0,True,normalized_midpoint,32,0.75,,
240,0,True,normalized_three_quarter,48,0.75,1.0,0.25
240,0,True,confidence_low,48,0.75,1.0,0.25
240,0,True,entropy_high,24,0.625,0.625,0.0
240,0,True,mask_ratio,8,0.375,0.5,0.125
240,0,True,oof_state_value,16,1.0,0.125,-0.875
240,0,True,oracle_localization,48,0.75,1.0,0.25
240,1,False,random_checkpoint,16,0.0,0.0,0.0
240,1,False,earliest_eligible,8,0.0,0.0,0.0
240,1,False,normalized_quarter,16,0.0,0.0,0.0
240,1,False,normalized_midpoint,32,0.0,,
240,1,False,normalized_three_quarter,48,0.0,0.0,0.0
240,1,False,confidence_low,64,0.0,,
240,1,False,entropy_high,40,0.125,0.125,0.0
240,1,False,mask_ratio,8,0.0,0.0,0.0
240,1,False,oof_state_value,48,0.0,0.0,0.0
240,1,False,oracle_localization,8,0.0,0.0,0.0
241,0,False,random_checkpoint,32,0.125,,
241,0,False,earliest_eligible,8,0.625,0.25,-0.375
241,0,False,normalized_quarter,16,0.375,0.25,-0.125
241,0,False,normalized_midpoint,32,0.125,,
241,0,False,normalized_three_quarter,48,0.0,0.0,0.0
241,0,False,confidence_low,48,0.0,0.0,0.0
241,0,False,entropy_high,48,0.0,0.0,0.0
241,0,False,mask_ratio,8,0.625,0.25,-0.375
241,0,False,oof_state_value,8,0.625,0.25,-0.375
241,0,False,oracle_localization,8,0.625,0.25,-0.375
241,3,True,random_checkpoint,16,1.0,1.0,0.0
241,3,True,earliest_eligible,8,0.875,0.875,0.0
241,3,True,normalized_quarter,16,1.0,1.0,0.0
241,3,True,normalized_midpoint,32,1.0,,
241,3,True,normalized_three_quarter,48,1.0,1.0,0.0
241,3,True,confidence_low,8,0.875,0.875,0.0
241,3,True,entropy_high,16,1.0,1.0,0.0
241,3,True,mask_ratio,8,0.875,0.875,0.0
241,3,True,oof_state_value,8,0.875,0.875,0.0
241,3,True,oracle_localization,8,0.875,0.875,0.0
242,0,False,random_checkpoint,56,0.0,0.0,0.0
242,0,False,earliest_eligible,8,0.125,0.125,0.0
242,0,False,normalized_quarter,16,0.0,0.125,0.125
242,0,False,normalized_midpoint,32,0.0,,
242,0,False,normalized_three_quarter,48,0.0,0.0,0.0
242,0,False,confidence_low,32,0.0,,
242,0,False,entropy_high,8,0.125,0.125,0.0
242,0,False,mask_ratio,8,0.125,0.125,0.0
242,0,False,oof_state_value,8,0.125,0.125,0.0
242,0,False,oracle_localization,8,0.125,0.125,0.0
242,3,True,random_checkpoint,8,0.375,0.375,0.0
242,3,True,earliest_eligible,8,0.375,0.375,0.0
242,3,True,normalized_quarter,16,0.25,0.375,0.125
242,3,True,normalized_midpoint,32,1.0,,
242,3,True,normalized_three_quarter,48,1.0,1.0,0.0
242,3,True,confidence_low,8,0.375,0.375,0.0
242,3,True,entropy_high,48,1.0,1.0,0.0
242,3,True,mask_ratio,8,0.375,0.375,0.0
242,3,True,oof_state_value,8,0.375,0.375,0.0
242,3,True,oracle_localization,40,1.0,1.0,0.0
243,0,False,random_checkpoint,48,0.0,0.0,0.0
243,0,False,earliest_eligible,8,0.0,0.875,0.875
243,0,False,normalized_quarter,16,0.25,0.875,0.625
243,0,False,normalized_midpoint,32,0.0,,
243,0,False,normalized_three_quarter,48,0.0,0.0,0.0
243,0,False,confidence_low,8,0.0,0.875,0.875
243,0,False,entropy_high,8,0.0,0.875,0.875
243,0,False,mask_ratio,8,0.0,0.875,0.875
243,0,False,oof_state_value,24,0.125,0.125,0.0
243,0,False,oracle_localization,8,0.0,0.875,0.875
243,4,True,random_checkpoint,24,1.0,1.0,0.0
243,4,True,earliest_eligible,8,0.875,0.875,0.0
243,4,True,normalized_quarter,16,1.0,1.0,0.0
243,4,True,normalized_midpoint,32,1.0,,
243,4,True,normalized_three_quarter,48,1.0,1.0,0.0
243,4,True,confidence_low,8,0.875,0.875,0.0
243,4,True,entropy_high,16,1.0,1.0,0.0
243,4,True,mask_ratio,8,0.875,0.875,0.0
243,4,True,oof_state_value,16,1.0,1.0,0.0
243,4,True,oracle_localization,8,0.875,0.875,0.0
244,0,True,random_checkpoint,16,1.0,1.0,0.0
244,0,True,earliest_eligible,8,1.0,1.0,0.0
244,0,True,normalized_quarter,16,1.0,1.0,0.0
244,0,True,normalized_midpoint,32,1.0,,
244,0,True,normalized_three_quarter,48,1.0,1.0,0.0
244,0,True,confidence_low,8,1.0,1.0,0.0
244,0,True,entropy_high,24,1.0,1.0,0.0
244,0,True,mask_ratio,8,1.0,1.0,0.0
244,0,True,oof_state_value,56,1.0,1.0,0.0
244,0,True,oracle_localization,8,1.0,1.0,0.0
245,0,True,random_checkpoint,16,0.875,1.0,0.125
245,0,True,earliest_eligible,8,1.0,1.0,0.0
245,0,True,normalized_quarter,16,0.875,1.0,0.125
245,0,True,normalized_midpoint,32,1.0,,
245,0,True,normalized_three_quarter,48,1.0,1.0,0.0
245,0,True,confidence_low,64,1.0,,
245,0,True,entropy_high,40,1.0,1.0,0.0
245,0,True,mask_ratio,8,1.0,1.0,0.0
245,0,True,oof_state_value,8,1.0,1.0,0.0
245,0,True,oracle_localization,8,1.0,1.0,0.0
246,0,False,random_checkpoint,64,0.0,,
246,0,False,earliest_eligible,8,0.125,0.0,-0.125
246,0,False,normalized_quarter,16,0.0,0.0,0.0
246,0,False,normalized_midpoint,32,0.0,,
246,0,False,normalized_three_quarter,48,0.0,0.0,0.0
246,0,False,confidence_low,64,0.0,,
246,0,False,entropy_high,48,0.0,0.0,0.0
246,0,False,mask_ratio,8,0.125,0.0,-0.125
246,0,False,oof_state_value,8,0.125,0.0,-0.125
246,0,False,oracle_localization,8,0.125,0.0,-0.125
246,5,True,random_checkpoint,32,0.875,,
246,5,True,earliest_eligible,8,0.125,0.125,0.0
246,5,True,normalized_quarter,16,0.75,0.75,0.0
246,5,True,normalized_midpoint,32,0.875,,
246,5,True,normalized_three_quarter,48,1.0,1.0,0.0
246,5,True,confidence_low,48,1.0,1.0,0.0
246,5,True,entropy_high,48,1.0,1.0,0.0
246,5,True,mask_ratio,8,0.125,0.125,0.0
246,5,True,oof_state_value,56,1.0,1.0,0.0
246,5,True,oracle_localization,40,1.0,1.0,0.0
247,0,True,random_checkpoint,64,1.0,,
247,0,True,earliest_eligible,8,1.0,1.0,0.0
247,0,True,normalized_quarter,16,1.0,1.0,0.0
247,0,True,normalized_midpoint,32,1.0,,
247,0,True,normalized_three_quarter,48,1.0,1.0,0.0
247,0,True,confidence_low,8,1.0,1.0,0.0
247,0,True,entropy_high,56,1.0,1.0,0.0
247,0,True,mask_ratio,8,1.0,1.0,0.0
247,0,True,oof_state_value,8,1.0,1.0,0.0
247,0,True,oracle_localization,8,1.0,1.0,0.0
248,0,True,random_checkpoint,40,0.625,0.625,0.0
248,0,True,earliest_eligible,8,0.875,0.625,-0.25
248,0,True,normalized_quarter,16,0.875,0.75,-0.125
248,0,True,normalized_midpoint,32,0.875,,
248,0,True,normalized_three_quarter,48,1.0,1.0,0.0
248,0,True,confidence_low,64,1.0,,
248,0,True,entropy_high,24,0.375,0.875,0.5
248,0,True,mask_ratio,8,0.875,0.625,-0.25
248,0,True,oof_state_value,56,1.0,1.0,0.0
248,0,True,oracle_localization,16,0.875,0.75,-0.125
248,1,False,random_checkpoint,8,0.875,0.625,-0.25
248,1,False,earliest_eligible,8,0.875,0.625,-0.25
248,1,False,normalized_quarter,16,0.75,1.0,0.25
248,1,False,normalized_midpoint,32,0.0,,
248,1,False,normalized_three_quarter,48,0.0,0.0,0.0
248,1,False,confidence_low,8,0.875,0.625,-0.25
248,1,False,entropy_high,8,0.875,0.625,-0.25
248,1,False,mask_ratio,8,0.875,0.625,-0.25
248,1,False,oof_state_value,8,0.875,0.625,-0.25
248,1,False,oracle_localization,16,0.75,1.0,0.25
249,0,True,random_checkpoint,24,0.75,1.0,0.25
249,0,True,earliest_eligible,8,1.0,0.875,-0.125
249,0,True,normalized_quarter,16,0.875,0.875,0.0
249,0,True,normalized_midpoint,32,1.0,,
249,0,True,normalized_three_quarter,48,1.0,1.0,0.0
249,0,True,confidence_low,64,1.0,,
249,0,True,entropy_high,40,1.0,1.0,0.0
249,0,True,mask_ratio,8,1.0,0.875,-0.125
249,0,True,oof_state_value,8,1.0,0.875,-0.125
249,0,True,oracle_localization,16,0.875,0.875,0.0
